<?xml version="1.0" encoding="UTF-8"?>
<kml xmlns="http://www.opengis.net/kml/2.2">
<Document>
  <name>Augusta CSRA Commercial Listings</name>
  <description>Updated July 21, 2026 | 1273 active listings across 4 companies</description>
  <Style id="Jordan_Trotter">
    <IconStyle>
      <color>ff0000ff</color>
      <scale>1.0</scale>
      <Icon><href>http://maps.google.com/mapfiles/kml/paddle/red-circle.png</href></Icon>
    </IconStyle>
    <LabelStyle><scale>0</scale></LabelStyle>
    <BalloonStyle>
      <text><![CDATA[$[description]]]></text>
    </BalloonStyle>
  </Style>
  <Style id="Meybohm">
    <IconStyle>
      <color>ffff5500</color>
      <scale>1.0</scale>
      <Icon><href>http://maps.google.com/mapfiles/kml/paddle/blu-circle.png</href></Icon>
    </IconStyle>
    <LabelStyle><scale>0</scale></LabelStyle>
    <BalloonStyle>
      <text><![CDATA[$[description]]]></text>
    </BalloonStyle>
  </Style>
  <Style id="Sherman_and_Hemstreet">
    <IconStyle>
      <color>ff00aa00</color>
      <scale>1.0</scale>
      <Icon><href>http://maps.google.com/mapfiles/kml/paddle/grn-circle.png</href></Icon>
    </IconStyle>
    <LabelStyle><scale>0</scale></LabelStyle>
    <BalloonStyle>
      <text><![CDATA[$[description]]]></text>
    </BalloonStyle>
  </Style>
  <Style id="Southeastern">
    <IconStyle>
      <color>ff0088ff</color>
      <scale>1.0</scale>
      <Icon><href>http://maps.google.com/mapfiles/kml/paddle/ylw-circle.png</href></Icon>
    </IconStyle>
    <LabelStyle><scale>0</scale></LabelStyle>
    <BalloonStyle>
      <text><![CDATA[$[description]]]></text>
    </BalloonStyle>
  </Style>
  <Folder>
    <name>Jordan Trotter (965)</name>
    <open>0</open>
    <Placemark>
      <name>0 E Frontage Rd, Aiken, SC  29805</name>
      <description><![CDATA[<b>Address:</b> 0 E Frontage Rd, Aiken, SC  29805, Aiken, SC 29805<br/><b>Type:</b> For Sale<br/><b>Status:</b> Active<br/><b>Property Type:</b> Industrial<br/><b>Size:</b> 86.95 Acres<br/><b>Agent:</b> Wil Kacos<br/><b>Listing:</b> <a href="http://www.jordantrotter.com/properties/?propertyId=1173303-sale">http://www.jordantrotter.com/properties/?propertyId=1173303-sale</a>]]></description>
      <styleUrl>#Jordan_Trotter</styleUrl>
      <Point>
        <coordinates>-81.6430694,33.6761683,0</coordinates>
      </Point>
    </Placemark>
    <Placemark>
      <name>0 E Frontage Rd, Aiken, SC  29805</name>
      <description><![CDATA[<b>Address:</b> 0 E Frontage Rd, Aiken, SC  29805, Aiken, SC 29805<br/><b>Type:</b> For Sale<br/><b>Status:</b> Active<br/><b>Property Type:</b> Industrial<br/><b>Size:</b> 86.95 Acres<br/><b>Agent:</b> Wil Kacos<br/><b>Listing:</b> <a href="http://www.jordantrotter.com/properties/1173303-sale/">http://www.jordantrotter.com/properties/1173303-sale/</a>]]></description>
      <styleUrl>#Jordan_Trotter</styleUrl>
      <Point>
        <coordinates>-81.6430694,33.6761683,0</coordinates>
      </Point>
    </Placemark>
    <Placemark>
      <name>0 E Frontage Rd, Aiken, SC  29805</name>
      <description><![CDATA[<b>Address:</b> 0 E Frontage Rd, Aiken, SC  29805, Aiken, SC 29805<br/><b>Type:</b> For Sale<br/><b>Status:</b> Active<br/><b>Property Type:</b> Industrial<br/><b>Size:</b> 86.95 Acres<br/><b>Agent:</b> Wil Kacos<br/><b>Listing:</b> <a href="http://www.jordantrotter.com/properties/0-E-frontage-road-aiken-sc/">http://www.jordantrotter.com/properties/0-E-frontage-road-aiken-sc/</a>]]></description>
      <styleUrl>#Jordan_Trotter</styleUrl>
      <Point>
        <coordinates>-81.6430694,33.6761683,0</coordinates>
      </Point>
    </Placemark>
    <Placemark>
      <name>101 Dominion Dr, Aiken, SC  29803</name>
      <description><![CDATA[<b>Address:</b> 101 Dominion Dr, Aiken, SC  29803, Aiken, SC 29803<br/><b>Type:</b> For Sale<br/><b>Status:</b> Active<br/><b>Property Type:</b> Multifamily<br/><b>Size:</b> 6.64 Acres<br/><b>Agent:</b> Tripp Wilson<br/><b>Listing:</b> <a href="http://www.jordantrotter.com/properties/?propertyId=1635679-sale">http://www.jordantrotter.com/properties/?propertyId=1635679-sale</a>]]></description>
      <styleUrl>#Jordan_Trotter</styleUrl>
      <Point>
        <coordinates>-81.696833,33.4827129,0</coordinates>
      </Point>
    </Placemark>
    <Placemark>
      <name>101 Dominion Dr, Aiken, SC  29803</name>
      <description><![CDATA[<b>Address:</b> 101 Dominion Dr, Aiken, SC  29803, Aiken, SC 29803<br/><b>Type:</b> For Sale<br/><b>Status:</b> Active<br/><b>Property Type:</b> Multifamily<br/><b>Size:</b> 6.64 Acres<br/><b>Agent:</b> Tripp Wilson<br/><b>Listing:</b> <a href="http://www.jordantrotter.com/properties/1635679-sale/">http://www.jordantrotter.com/properties/1635679-sale/</a>]]></description>
      <styleUrl>#Jordan_Trotter</styleUrl>
      <Point>
        <coordinates>-81.696833,33.4827129,0</coordinates>
      </Point>
    </Placemark>
    <Placemark>
      <name>101 Dominion Dr, Aiken, SC  29803</name>
      <description><![CDATA[<b>Address:</b> 101 Dominion Dr, Aiken, SC  29803, Aiken, SC 29803<br/><b>Type:</b> For Sale<br/><b>Status:</b> Active<br/><b>Property Type:</b> Multifamily<br/><b>Size:</b> 6.64 Acres<br/><b>Agent:</b> Tripp Wilson<br/><b>Listing:</b> <a href="http://www.jordantrotter.com/properties/101-Dominion-Drive/">http://www.jordantrotter.com/properties/101-Dominion-Drive/</a>]]></description>
      <styleUrl>#Jordan_Trotter</styleUrl>
      <Point>
        <coordinates>-81.696833,33.4827129,0</coordinates>
      </Point>
    </Placemark>
    <Placemark>
      <name>1026 Pine Log Road, Aiken, SC  29803</name>
      <description><![CDATA[<b>Address:</b> 1026 Pine Log Road, Aiken, SC  29803, Aiken, SC 29803<br/><b>Type:</b> For Lease<br/><b>Status:</b> Active<br/><b>Property Type:</b> Free Standing Building<br/><b>Size:</b> 2,200 SF<br/><b>Agent:</b> Tripp Wilson<br/><b>Listing:</b> <a href="http://www.jordantrotter.com/properties/?propertyId=1026241-lease">http://www.jordantrotter.com/properties/?propertyId=1026241-lease</a>]]></description>
      <styleUrl>#Jordan_Trotter</styleUrl>
      <Point>
        <coordinates>-81.7249216,33.5231155,0</coordinates>
      </Point>
    </Placemark>
    <Placemark>
      <name>1026 Pine Log Road, Aiken, SC  29803</name>
      <description><![CDATA[<b>Address:</b> 1026 Pine Log Road, Aiken, SC  29803, Aiken, SC 29803<br/><b>Type:</b> For Lease<br/><b>Status:</b> Active<br/><b>Property Type:</b> Strip Center<br/><b>Size:</b> 1,600 - 43,066 SF<br/><b>Agent:</b> Tripp Wilson<br/><b>Listing:</b> <a href="http://www.jordantrotter.com/properties/?propertyId=237628-lease">http://www.jordantrotter.com/properties/?propertyId=237628-lease</a>]]></description>
      <styleUrl>#Jordan_Trotter</styleUrl>
      <Point>
        <coordinates>-81.7249216,33.5231155,0</coordinates>
      </Point>
    </Placemark>
    <Placemark>
      <name>1026 Pine Log Road, Aiken, SC  29803</name>
      <description><![CDATA[<b>Address:</b> 1026 Pine Log Road, Aiken, SC  29803, Aiken, SC 29803<br/><b>Type:</b> For Lease<br/><b>Status:</b> Active<br/><b>Property Type:</b> Free Standing Building<br/><b>Size:</b> 2,200 SF<br/><b>Agent:</b> Tripp Wilson<br/><b>Listing:</b> <a href="http://www.jordantrotter.com/properties/1026241-lease/">http://www.jordantrotter.com/properties/1026241-lease/</a>]]></description>
      <styleUrl>#Jordan_Trotter</styleUrl>
      <Point>
        <coordinates>-81.7249216,33.5231155,0</coordinates>
      </Point>
    </Placemark>
    <Placemark>
      <name>1026 Pine Log Road, Aiken, SC  29803</name>
      <description><![CDATA[<b>Address:</b> 1026 Pine Log Road, Aiken, SC  29803, Aiken, SC 29803<br/><b>Type:</b> For Lease<br/><b>Status:</b> Active<br/><b>Property Type:</b> Strip Center<br/><b>Size:</b> 1,600 - 43,066 SF<br/><b>Agent:</b> Tripp Wilson<br/><b>Listing:</b> <a href="http://www.jordantrotter.com/properties/237628-lease/">http://www.jordantrotter.com/properties/237628-lease/</a>]]></description>
      <styleUrl>#Jordan_Trotter</styleUrl>
      <Point>
        <coordinates>-81.7249216,33.5231155,0</coordinates>
      </Point>
    </Placemark>
    <Placemark>
      <name>1026 Pine Log Road, Aiken, SC  29803</name>
      <description><![CDATA[<b>Address:</b> 1026 Pine Log Road, Aiken, SC  29803, Aiken, SC 29803<br/><b>Type:</b> For Lease<br/><b>Status:</b> Active<br/><b>Property Type:</b> Free Standing Building<br/><b>Size:</b> 2,200 SF<br/><b>Agent:</b> Tripp Wilson<br/><b>Listing:</b> <a href="http://www.jordantrotter.com/properties/1026-pine-log-road-aiken-sc-29803/">http://www.jordantrotter.com/properties/1026-pine-log-road-aiken-sc-29803/</a>]]></description>
      <styleUrl>#Jordan_Trotter</styleUrl>
      <Point>
        <coordinates>-81.7249216,33.5231155,0</coordinates>
      </Point>
    </Placemark>
    <Placemark>
      <name>1026 Pine Log Road, Aiken, SC  29803</name>
      <description><![CDATA[<b>Address:</b> 1026 Pine Log Road, Aiken, SC  29803, Aiken, SC 29803<br/><b>Type:</b> For Lease<br/><b>Status:</b> Active<br/><b>Property Type:</b> Strip Center<br/><b>Size:</b> 1,600 - 43,066 SF<br/><b>Agent:</b> Tripp Wilson<br/><b>Listing:</b> <a href="http://www.jordantrotter.com/properties/1026-pine-log-road-aiken-sc/">http://www.jordantrotter.com/properties/1026-pine-log-road-aiken-sc/</a>]]></description>
      <styleUrl>#Jordan_Trotter</styleUrl>
      <Point>
        <coordinates>-81.7249216,33.5231155,0</coordinates>
      </Point>
    </Placemark>
    <Placemark>
      <name>1163 York St NE, Aiken, SC  29801</name>
      <description><![CDATA[<b>Address:</b> 1163 York St NE, Aiken, SC  29801, Aiken, SC 29801<br/><b>Type:</b> For Lease<br/><b>Status:</b> Active<br/><b>Property Type:</b> Strip Center<br/><b>Size:</b> 1,200 - 5,400 SF<br/><b>Agent:</b> Robert McCrary<br/><b>Listing:</b> <a href="http://www.jordantrotter.com/properties/?propertyId=1488278-lease">http://www.jordantrotter.com/properties/?propertyId=1488278-lease</a>]]></description>
      <styleUrl>#Jordan_Trotter</styleUrl>
      <Point>
        <coordinates>-81.7028904,33.5789209,0</coordinates>
      </Point>
    </Placemark>
    <Placemark>
      <name>1163 York St NE, Aiken, SC  29801</name>
      <description><![CDATA[<b>Address:</b> 1163 York St NE, Aiken, SC  29801, Aiken, SC 29801<br/><b>Type:</b> For Sale<br/><b>Status:</b> Active<br/><b>Property Type:</b> Strip Center<br/><b>Size:</b> 7,713 SF<br/><b>Agent:</b> Robert McCrary<br/><b>Listing:</b> <a href="http://www.jordantrotter.com/properties/?propertyId=1488278-sale">http://www.jordantrotter.com/properties/?propertyId=1488278-sale</a>]]></description>
      <styleUrl>#Jordan_Trotter</styleUrl>
      <Point>
        <coordinates>-81.7028904,33.5789209,0</coordinates>
      </Point>
    </Placemark>
    <Placemark>
      <name>1163 York St NE, Aiken, SC  29801</name>
      <description><![CDATA[<b>Address:</b> 1163 York St NE, Aiken, SC  29801, Aiken, SC 29801<br/><b>Type:</b> For Lease<br/><b>Status:</b> Active<br/><b>Property Type:</b> Strip Center<br/><b>Size:</b> 1,200 - 5,400 SF<br/><b>Agent:</b> Robert McCrary<br/><b>Listing:</b> <a href="http://www.jordantrotter.com/properties/1488278-lease/">http://www.jordantrotter.com/properties/1488278-lease/</a>]]></description>
      <styleUrl>#Jordan_Trotter</styleUrl>
      <Point>
        <coordinates>-81.7028904,33.5789209,0</coordinates>
      </Point>
    </Placemark>
    <Placemark>
      <name>1163 York St NE, Aiken, SC  29801</name>
      <description><![CDATA[<b>Address:</b> 1163 York St NE, Aiken, SC  29801, Aiken, SC 29801<br/><b>Type:</b> For Sale<br/><b>Status:</b> Active<br/><b>Property Type:</b> Strip Center<br/><b>Size:</b> 7,713 SF<br/><b>Agent:</b> Robert McCrary<br/><b>Listing:</b> <a href="http://www.jordantrotter.com/properties/1488278-sale/">http://www.jordantrotter.com/properties/1488278-sale/</a>]]></description>
      <styleUrl>#Jordan_Trotter</styleUrl>
      <Point>
        <coordinates>-81.7028904,33.5789209,0</coordinates>
      </Point>
    </Placemark>
    <Placemark>
      <name>1163 York St NE, Aiken, SC  29801</name>
      <description><![CDATA[<b>Address:</b> 1163 York St NE, Aiken, SC  29801, Aiken, SC 29801<br/><b>Type:</b> For Sale<br/><b>Status:</b> Active<br/><b>Property Type:</b> Strip Center<br/><b>Size:</b> 7,713 SF<br/><b>Agent:</b> Robert McCrary<br/><b>Listing:</b> <a href="http://www.jordantrotter.com/properties/1163-York-St-NE/">http://www.jordantrotter.com/properties/1163-York-St-NE/</a>]]></description>
      <styleUrl>#Jordan_Trotter</styleUrl>
      <Point>
        <coordinates>-81.7028904,33.5789209,0</coordinates>
      </Point>
    </Placemark>
    <Placemark>
      <name>1163 York St NE, Aiken, SC  29801</name>
      <description><![CDATA[<b>Address:</b> 1163 York St NE, Aiken, SC  29801, Aiken, SC 29801<br/><b>Type:</b> For Lease<br/><b>Status:</b> Active<br/><b>Property Type:</b> Strip Center<br/><b>Size:</b> 1,200 - 5,400 SF<br/><b>Agent:</b> Robert McCrary<br/><b>Listing:</b> <a href="http://www.jordantrotter.com/properties/1163-york-st-ne-aiken-lease/">http://www.jordantrotter.com/properties/1163-york-st-ne-aiken-lease/</a>]]></description>
      <styleUrl>#Jordan_Trotter</styleUrl>
      <Point>
        <coordinates>-81.7028904,33.5789209,0</coordinates>
      </Point>
    </Placemark>
    <Placemark>
      <name>1944 Whiskey Road, Aiken, SC  29803</name>
      <description><![CDATA[<b>Address:</b> 1944 Whiskey Road, Aiken, SC  29803, Aiken, SC 29803<br/><b>Type:</b> For Lease<br/><b>Status:</b> Active<br/><b>Property Type:</b> Street Retail<br/><b>Size:</b> 2,137 SF<br/><b>Agent:</b> Tripp Wilson<br/><b>Listing:</b> <a href="http://www.jordantrotter.com/properties/?propertyId=284119-lease">http://www.jordantrotter.com/properties/?propertyId=284119-lease</a>]]></description>
      <styleUrl>#Jordan_Trotter</styleUrl>
      <Point>
        <coordinates>-81.71775559999999,33.5215166,0</coordinates>
      </Point>
    </Placemark>
    <Placemark>
      <name>1944 Whiskey Road, Aiken, SC  29803</name>
      <description><![CDATA[<b>Address:</b> 1944 Whiskey Road, Aiken, SC  29803, Aiken, SC 29803<br/><b>Type:</b> For Lease<br/><b>Status:</b> Active<br/><b>Property Type:</b> Street Retail<br/><b>Size:</b> 2,137 SF<br/><b>Agent:</b> Tripp Wilson<br/><b>Listing:</b> <a href="http://www.jordantrotter.com/properties/284119-lease/">http://www.jordantrotter.com/properties/284119-lease/</a>]]></description>
      <styleUrl>#Jordan_Trotter</styleUrl>
      <Point>
        <coordinates>-81.71775559999999,33.5215166,0</coordinates>
      </Point>
    </Placemark>
    <Placemark>
      <name>1944 Whiskey Road, Aiken, SC  29803</name>
      <description><![CDATA[<b>Address:</b> 1944 Whiskey Road, Aiken, SC  29803, Aiken, SC 29803<br/><b>Type:</b> For Lease<br/><b>Status:</b> Active<br/><b>Property Type:</b> Street Retail<br/><b>Size:</b> 2,137 SF<br/><b>Agent:</b> Tripp Wilson<br/><b>Listing:</b> <a href="http://www.jordantrotter.com/properties/1944-Whiskey-road-aiken-sc/">http://www.jordantrotter.com/properties/1944-Whiskey-road-aiken-sc/</a>]]></description>
      <styleUrl>#Jordan_Trotter</styleUrl>
      <Point>
        <coordinates>-81.71775559999999,33.5215166,0</coordinates>
      </Point>
    </Placemark>
    <Placemark>
      <name>2445 Charleston Hwy, Aiken, SC  29801</name>
      <description><![CDATA[<b>Address:</b> 2445 Charleston Hwy, Aiken, SC  29801, Aiken, SC 29801<br/><b>Type:</b> For Sale<br/><b>Status:</b> Active<br/><b>Property Type:</b> Retail<br/><b>Size:</b> 1.91 Acres<br/><b>Agent:</b> Wil Kacos<br/><b>Listing:</b> <a href="http://www.jordantrotter.com/properties/?propertyId=549588-sale">http://www.jordantrotter.com/properties/?propertyId=549588-sale</a>]]></description>
      <styleUrl>#Jordan_Trotter</styleUrl>
      <Point>
        <coordinates>-81.6782338,33.5451466,0</coordinates>
      </Point>
    </Placemark>
    <Placemark>
      <name>2445 Charleston Hwy, Aiken, SC  29801</name>
      <description><![CDATA[<b>Address:</b> 2445 Charleston Hwy, Aiken, SC  29801, Aiken, SC 29801<br/><b>Type:</b> For Sale<br/><b>Status:</b> Active<br/><b>Property Type:</b> Retail<br/><b>Size:</b> 1.91 Acres<br/><b>Agent:</b> Wil Kacos<br/><b>Listing:</b> <a href="http://www.jordantrotter.com/properties/549588-sale/">http://www.jordantrotter.com/properties/549588-sale/</a>]]></description>
      <styleUrl>#Jordan_Trotter</styleUrl>
      <Point>
        <coordinates>-81.6782338,33.5451466,0</coordinates>
      </Point>
    </Placemark>
    <Placemark>
      <name>2445 Charleston Hwy, Aiken, SC  29801</name>
      <description><![CDATA[<b>Address:</b> 2445 Charleston Hwy, Aiken, SC  29801, Aiken, SC 29801<br/><b>Type:</b> For Sale<br/><b>Status:</b> Active<br/><b>Property Type:</b> Retail<br/><b>Size:</b> 1.91 Acres<br/><b>Agent:</b> Wil Kacos<br/><b>Listing:</b> <a href="http://www.jordantrotter.com/properties/2445-charleston-highway-aiken-sc/">http://www.jordantrotter.com/properties/2445-charleston-highway-aiken-sc/</a>]]></description>
      <styleUrl>#Jordan_Trotter</styleUrl>
      <Point>
        <coordinates>-81.6782338,33.5451466,0</coordinates>
      </Point>
    </Placemark>
    <Placemark>
      <name>3101 Whiskey Rd, Aiken, SC  29803</name>
      <description><![CDATA[<b>Address:</b> 3101 Whiskey Rd, Aiken, SC  29803, Aiken, SC 29803<br/><b>Type:</b> For Sale<br/><b>Status:</b> Active<br/><b>Property Type:</b> Retail<br/><b>Size:</b> 11.6 Acres<br/><b>Agent:</b> Tripp Wilson<br/><b>Listing:</b> <a href="http://www.jordantrotter.com/properties/?propertyId=1525940-sale">http://www.jordantrotter.com/properties/?propertyId=1525940-sale</a>]]></description>
      <styleUrl>#Jordan_Trotter</styleUrl>
      <Point>
        <coordinates>-81.7019766,33.4932958,0</coordinates>
      </Point>
    </Placemark>
    <Placemark>
      <name>3101 Whiskey Rd, Aiken, SC  29803</name>
      <description><![CDATA[<b>Address:</b> 3101 Whiskey Rd, Aiken, SC  29803, Aiken, SC 29803<br/><b>Type:</b> For Sale<br/><b>Status:</b> Active<br/><b>Property Type:</b> Retail<br/><b>Size:</b> 11.6 Acres<br/><b>Agent:</b> Tripp Wilson<br/><b>Listing:</b> <a href="http://www.jordantrotter.com/properties/1525940-sale/">http://www.jordantrotter.com/properties/1525940-sale/</a>]]></description>
      <styleUrl>#Jordan_Trotter</styleUrl>
      <Point>
        <coordinates>-81.7019766,33.4932958,0</coordinates>
      </Point>
    </Placemark>
    <Placemark>
      <name>3101 Whiskey Rd, Aiken, SC  29803</name>
      <description><![CDATA[<b>Address:</b> 3101 Whiskey Rd, Aiken, SC  29803, Aiken, SC 29803<br/><b>Type:</b> For Sale<br/><b>Status:</b> Active<br/><b>Property Type:</b> Retail<br/><b>Size:</b> 11.6 Acres<br/><b>Agent:</b> Tripp Wilson<br/><b>Listing:</b> <a href="http://www.jordantrotter.com/properties/3101-Whiskey-Road-Aiken-SC/">http://www.jordantrotter.com/properties/3101-Whiskey-Road-Aiken-SC/</a>]]></description>
      <styleUrl>#Jordan_Trotter</styleUrl>
      <Point>
        <coordinates>-81.7019766,33.4932958,0</coordinates>
      </Point>
    </Placemark>
    <Placemark>
      <name>3101 Whiskey Rd, Aiken, SC  29803</name>
      <description><![CDATA[<b>Address:</b> 3101 Whiskey Rd, Aiken, SC  29803, Aiken, SC 29803<br/><b>Type:</b> For Lease<br/><b>Status:</b> Active<br/><b>Property Type:</b> Retail<br/><b>Size:</b> 1.5 Acres<br/><b>Agent:</b> Liam Welch<br/><b>Listing:</b> <a href="http://www.jordantrotter.com/properties/3101-whiskey-rd-aiken-retail-in-line-outparcels-for-lease-aiken-sc-lease/">http://www.jordantrotter.com/properties/3101-whiskey-rd-aiken-retail-in-line-outparcels-for-lease-aiken-sc-lease/</a>]]></description>
      <styleUrl>#Jordan_Trotter</styleUrl>
      <Point>
        <coordinates>-81.7019766,33.4932958,0</coordinates>
      </Point>
    </Placemark>
    <Placemark>
      <name>3382 Silver Bluff Rd, Aiken, SC  29803</name>
      <description><![CDATA[<b>Address:</b> 3382 Silver Bluff Rd, Aiken, SC  29803, Aiken, SC 29803<br/><b>Type:</b> For Sale<br/><b>Status:</b> Active<br/><b>Property Type:</b> Other<br/><b>Size:</b> 754 Acres<br/><b>Agent:</b> Wil Kacos<br/><b>Listing:</b> <a href="http://www.jordantrotter.com/properties/?propertyId=1571283-sale">http://www.jordantrotter.com/properties/?propertyId=1571283-sale</a>]]></description>
      <styleUrl>#Jordan_Trotter</styleUrl>
      <Point>
        <coordinates>-81.8153409,33.3921214,0</coordinates>
      </Point>
    </Placemark>
    <Placemark>
      <name>3382 Silver Bluff Rd, Aiken, SC  29803</name>
      <description><![CDATA[<b>Address:</b> 3382 Silver Bluff Rd, Aiken, SC  29803, Aiken, SC 29803<br/><b>Type:</b> For Sale<br/><b>Status:</b> Active<br/><b>Property Type:</b> Other<br/><b>Size:</b> 754 Acres<br/><b>Agent:</b> Wil Kacos<br/><b>Listing:</b> <a href="http://www.jordantrotter.com/properties/1571283-sale/">http://www.jordantrotter.com/properties/1571283-sale/</a>]]></description>
      <styleUrl>#Jordan_Trotter</styleUrl>
      <Point>
        <coordinates>-81.8153409,33.3921214,0</coordinates>
      </Point>
    </Placemark>
    <Placemark>
      <name>3382 Silver Bluff Rd, Aiken, SC  29803</name>
      <description><![CDATA[<b>Address:</b> 3382 Silver Bluff Rd, Aiken, SC  29803, Aiken, SC 29803<br/><b>Type:</b> For Sale<br/><b>Status:</b> Active<br/><b>Property Type:</b> Other<br/><b>Size:</b> 754 Acres<br/><b>Agent:</b> Wil Kacos<br/><b>Listing:</b> <a href="http://www.jordantrotter.com/properties/3382-silver-bluff-road-aiken-sc/">http://www.jordantrotter.com/properties/3382-silver-bluff-road-aiken-sc/</a>]]></description>
      <styleUrl>#Jordan_Trotter</styleUrl>
      <Point>
        <coordinates>-81.8153409,33.3921214,0</coordinates>
      </Point>
    </Placemark>
    <Placemark>
      <name>600 Rutland Drive, Aiken, SC  29801</name>
      <description><![CDATA[<b>Address:</b> 600 Rutland Drive, Aiken, SC  29801, Aiken, SC 29801<br/><b>Type:</b> For Lease<br/><b>Status:</b> Active<br/><b>Property Type:</b> Strip Center<br/><b>Size:</b> 1,800 SF<br/><b>Agent:</b> Holton Brinson<br/><b>Listing:</b> <a href="http://www.jordantrotter.com/properties/?propertyId=1556162-lease">http://www.jordantrotter.com/properties/?propertyId=1556162-lease</a>]]></description>
      <styleUrl>#Jordan_Trotter</styleUrl>
      <Point>
        <coordinates>-81.71867499999999,33.5806239,0</coordinates>
      </Point>
    </Placemark>
    <Placemark>
      <name>600 Rutland Drive, Aiken, SC  29801</name>
      <description><![CDATA[<b>Address:</b> 600 Rutland Drive, Aiken, SC  29801, Aiken, SC 29801<br/><b>Type:</b> For Lease<br/><b>Status:</b> Active<br/><b>Property Type:</b> Strip Center<br/><b>Size:</b> 1,800 SF<br/><b>Agent:</b> Holton Brinson<br/><b>Listing:</b> <a href="http://www.jordantrotter.com/properties/1556162-lease/">http://www.jordantrotter.com/properties/1556162-lease/</a>]]></description>
      <styleUrl>#Jordan_Trotter</styleUrl>
      <Point>
        <coordinates>-81.71867499999999,33.5806239,0</coordinates>
      </Point>
    </Placemark>
    <Placemark>
      <name>600 Rutland Drive, Aiken, SC  29801</name>
      <description><![CDATA[<b>Address:</b> 600 Rutland Drive, Aiken, SC  29801, Aiken, SC 29801<br/><b>Type:</b> For Lease<br/><b>Status:</b> Active<br/><b>Property Type:</b> Strip Center<br/><b>Size:</b> 1,800 SF<br/><b>Agent:</b> Holton Brinson<br/><b>Listing:</b> <a href="http://www.jordantrotter.com/properties/600-rutland-drive-aiken-lease/">http://www.jordantrotter.com/properties/600-rutland-drive-aiken-lease/</a>]]></description>
      <styleUrl>#Jordan_Trotter</styleUrl>
      <Point>
        <coordinates>-81.71867499999999,33.5806239,0</coordinates>
      </Point>
    </Placemark>
    <Placemark>
      <name>1 Kuhlke Drive, Augusta, GA  30907</name>
      <description><![CDATA[<b>Address:</b> 1 Kuhlke Drive, Augusta, GA  30907, Augusta, GA 30907<br/><b>Type:</b> For Lease<br/><b>Status:</b> Active<br/><b>Property Type:</b> Flex Space<br/><b>Size:</b> 5,000 SF<br/><b>Agent:</b> Robert McCrary<br/><b>Listing:</b> <a href="http://www.jordantrotter.com/properties/?propertyId=1319635-lease">http://www.jordantrotter.com/properties/?propertyId=1319635-lease</a>]]></description>
      <styleUrl>#Jordan_Trotter</styleUrl>
      <Point>
        <coordinates>-82.0876754,33.5145856,0</coordinates>
      </Point>
    </Placemark>
    <Placemark>
      <name>1 Kuhlke Drive, Augusta, GA  30907</name>
      <description><![CDATA[<b>Address:</b> 1 Kuhlke Drive, Augusta, GA  30907, Augusta, GA 30907<br/><b>Type:</b> For Lease<br/><b>Status:</b> Active<br/><b>Property Type:</b> Flex Space<br/><b>Size:</b> 5,000 SF<br/><b>Agent:</b> Robert McCrary<br/><b>Listing:</b> <a href="http://www.jordantrotter.com/properties/1319635-lease/">http://www.jordantrotter.com/properties/1319635-lease/</a>]]></description>
      <styleUrl>#Jordan_Trotter</styleUrl>
      <Point>
        <coordinates>-82.0876754,33.5145856,0</coordinates>
      </Point>
    </Placemark>
    <Placemark>
      <name>1 Kuhlke Drive, Augusta, GA  30907</name>
      <description><![CDATA[<b>Address:</b> 1 Kuhlke Drive, Augusta, GA  30907, Augusta, GA 30907<br/><b>Type:</b> For Lease<br/><b>Status:</b> Active<br/><b>Property Type:</b> Flex Space<br/><b>Size:</b> 5,000 SF<br/><b>Agent:</b> Robert McCrary<br/><b>Listing:</b> <a href="http://www.jordantrotter.com/properties/1-kuhlke-drive-augusta-ga/">http://www.jordantrotter.com/properties/1-kuhlke-drive-augusta-ga/</a>]]></description>
      <styleUrl>#Jordan_Trotter</styleUrl>
      <Point>
        <coordinates>-82.0876754,33.5145856,0</coordinates>
      </Point>
    </Placemark>
    <Placemark>
      <name>1 Seventh Street, Augusta, GA  30901</name>
      <description><![CDATA[<b>Address:</b> 1 Seventh Street, Augusta, GA  30901, Augusta, GA 30901<br/><b>Type:</b> For Lease<br/><b>Status:</b> Active<br/><b>Property Type:</b> Office Building<br/><b>Size:</b> 9,475 - 30,545 SF<br/><b>Agent:</b> Parker Dye<br/><b>Listing:</b> <a href="http://www.jordantrotter.com/properties/?propertyId=119787-lease">http://www.jordantrotter.com/properties/?propertyId=119787-lease</a>]]></description>
      <styleUrl>#Jordan_Trotter</styleUrl>
      <Point>
        <coordinates>-81.96217539999999,33.4768717,0</coordinates>
      </Point>
    </Placemark>
    <Placemark>
      <name>1 Seventh Street, Augusta, GA  30901</name>
      <description><![CDATA[<b>Address:</b> 1 Seventh Street, Augusta, GA  30901, Augusta, GA 30901<br/><b>Type:</b> For Lease<br/><b>Status:</b> Active<br/><b>Property Type:</b> Office Building<br/><b>Size:</b> 9,475 - 30,545 SF<br/><b>Agent:</b> Parker Dye<br/><b>Listing:</b> <a href="http://www.jordantrotter.com/properties/119787-lease/">http://www.jordantrotter.com/properties/119787-lease/</a>]]></description>
      <styleUrl>#Jordan_Trotter</styleUrl>
      <Point>
        <coordinates>-81.96217539999999,33.4768717,0</coordinates>
      </Point>
    </Placemark>
    <Placemark>
      <name>1 Seventh Street, Augusta, GA  30901</name>
      <description><![CDATA[<b>Address:</b> 1 Seventh Street, Augusta, GA  30901, Augusta, GA 30901<br/><b>Type:</b> For Lease<br/><b>Status:</b> Active<br/><b>Property Type:</b> Office Building<br/><b>Size:</b> 9,475 - 30,545 SF<br/><b>Agent:</b> Parker Dye<br/><b>Listing:</b> <a href="http://www.jordantrotter.com/properties/1-seventh-street-augusta-ga/">http://www.jordantrotter.com/properties/1-seventh-street-augusta-ga/</a>]]></description>
      <styleUrl>#Jordan_Trotter</styleUrl>
      <Point>
        <coordinates>-81.96217539999999,33.4768717,0</coordinates>
      </Point>
    </Placemark>
    <Placemark>
      <name>1006 Franke Industrial Dr, Augusta, GA  30909</name>
      <description><![CDATA[<b>Address:</b> 1006 Franke Industrial Dr, Augusta, GA  30909, Augusta, GA 30909<br/><b>Type:</b> For Sale<br/><b>Status:</b> Active<br/><b>Property Type:</b> Industrial<br/><b>Size:</b> 2.67 Acres<br/><b>Agent:</b> Robert McCrary<br/><b>Listing:</b> <a href="http://www.jordantrotter.com/properties/?propertyId=1577270-sale">http://www.jordantrotter.com/properties/?propertyId=1577270-sale</a>]]></description>
      <styleUrl>#Jordan_Trotter</styleUrl>
      <Point>
        <coordinates>-82.0846849,33.455643,0</coordinates>
      </Point>
    </Placemark>
    <Placemark>
      <name>1006 Franke Industrial Dr, Augusta, GA  30909</name>
      <description><![CDATA[<b>Address:</b> 1006 Franke Industrial Dr, Augusta, GA  30909, Augusta, GA 30909<br/><b>Type:</b> For Sale<br/><b>Status:</b> Active<br/><b>Property Type:</b> Industrial<br/><b>Size:</b> 2.67 Acres<br/><b>Agent:</b> Robert McCrary<br/><b>Listing:</b> <a href="http://www.jordantrotter.com/properties/1006-Franke-Industrial-Land/">http://www.jordantrotter.com/properties/1006-Franke-Industrial-Land/</a>]]></description>
      <styleUrl>#Jordan_Trotter</styleUrl>
      <Point>
        <coordinates>-82.0846849,33.455643,0</coordinates>
      </Point>
    </Placemark>
    <Placemark>
      <name>1010 Broad St, Augusta, GA  30901</name>
      <description><![CDATA[<b>Address:</b> 1010 Broad St, Augusta, GA  30901, Augusta, GA 30901<br/><b>Type:</b> For Lease<br/><b>Status:</b> Active<br/><b>Property Type:</b> Office Building<br/><b>Size:</b> 1,839 SF<br/><b>Agent:</b> Parker Dye<br/><b>Listing:</b> <a href="http://www.jordantrotter.com/properties/?propertyId=1327334-lease">http://www.jordantrotter.com/properties/?propertyId=1327334-lease</a>]]></description>
      <styleUrl>#Jordan_Trotter</styleUrl>
      <Point>
        <coordinates>-81.9702078,33.4764582,0</coordinates>
      </Point>
    </Placemark>
    <Placemark>
      <name>1014 Northwood Road, Augusta, GA  30909</name>
      <description><![CDATA[<b>Address:</b> 1014 Northwood Road, Augusta, GA  30909, Augusta, GA 30909<br/><b>Type:</b> For Lease<br/><b>Status:</b> Active<br/><b>Property Type:</b> Office <br/><b>Size:</b> 1,339 SF<br/><b>Agent:</b> Charlie Davis<br/><b>Listing:</b> <a href="http://www.jordantrotter.com/properties/?propertyId=1417192-lease">http://www.jordantrotter.com/properties/?propertyId=1417192-lease</a>]]></description>
      <styleUrl>#Jordan_Trotter</styleUrl>
      <Point>
        <coordinates>-82.0204344,33.5096862,0</coordinates>
      </Point>
    </Placemark>
    <Placemark>
      <name>1014 Northwood Road, Augusta, GA  30909</name>
      <description><![CDATA[<b>Address:</b> 1014 Northwood Road, Augusta, GA  30909, Augusta, GA 30909<br/><b>Type:</b> For Lease<br/><b>Status:</b> Active<br/><b>Property Type:</b> Office <br/><b>Size:</b> 1,339 SF<br/><b>Agent:</b> Charlie Davis<br/><b>Listing:</b> <a href="http://www.jordantrotter.com/properties/1417192-lease/">http://www.jordantrotter.com/properties/1417192-lease/</a>]]></description>
      <styleUrl>#Jordan_Trotter</styleUrl>
      <Point>
        <coordinates>-82.0204344,33.5096862,0</coordinates>
      </Point>
    </Placemark>
    <Placemark>
      <name>1014 Northwood Road, Augusta, GA  30909</name>
      <description><![CDATA[<b>Address:</b> 1014 Northwood Road, Augusta, GA  30909, Augusta, GA 30909<br/><b>Type:</b> For Lease<br/><b>Status:</b> Active<br/><b>Property Type:</b> Office <br/><b>Size:</b> 1,339 SF<br/><b>Agent:</b> Charlie Davis<br/><b>Listing:</b> <a href="http://www.jordantrotter.com/properties/1014-Northwood-Road/">http://www.jordantrotter.com/properties/1014-Northwood-Road/</a>]]></description>
      <styleUrl>#Jordan_Trotter</styleUrl>
      <Point>
        <coordinates>-82.0204344,33.5096862,0</coordinates>
      </Point>
    </Placemark>
    <Placemark>
      <name>1016 Laney Walker Boulevard, Augusta, GA  30901</name>
      <description><![CDATA[<b>Address:</b> 1016 Laney Walker Boulevard, Augusta, GA  30901, Augusta, GA 30901<br/><b>Type:</b> For Lease<br/><b>Status:</b> Active<br/><b>Property Type:</b> Street Retail<br/><b>Size:</b> 900 SF<br/><b>Agent:</b> Charlie Davis<br/><b>Listing:</b> <a href="http://www.jordantrotter.com/properties/?propertyId=1462930-lease">http://www.jordantrotter.com/properties/?propertyId=1462930-lease</a>]]></description>
      <styleUrl>#Jordan_Trotter</styleUrl>
      <Point>
        <coordinates>-81.976905,33.464155,0</coordinates>
      </Point>
    </Placemark>
    <Placemark>
      <name>1016 Laney Walker Boulevard, Augusta, GA  30901</name>
      <description><![CDATA[<b>Address:</b> 1016 Laney Walker Boulevard, Augusta, GA  30901, Augusta, GA 30901<br/><b>Type:</b> For Lease<br/><b>Status:</b> Active<br/><b>Property Type:</b> Street Retail<br/><b>Size:</b> 900 SF<br/><b>Agent:</b> Charlie Davis<br/><b>Listing:</b> <a href="http://www.jordantrotter.com/properties/1462930-lease/">http://www.jordantrotter.com/properties/1462930-lease/</a>]]></description>
      <styleUrl>#Jordan_Trotter</styleUrl>
      <Point>
        <coordinates>-81.976905,33.464155,0</coordinates>
      </Point>
    </Placemark>
    <Placemark>
      <name>1016 Laney Walker Boulevard, Augusta, GA  30901</name>
      <description><![CDATA[<b>Address:</b> 1016 Laney Walker Boulevard, Augusta, GA  30901, Augusta, GA 30901<br/><b>Type:</b> For Lease<br/><b>Status:</b> Active<br/><b>Property Type:</b> Street Retail<br/><b>Size:</b> 900 SF<br/><b>Agent:</b> Charlie Davis<br/><b>Listing:</b> <a href="http://www.jordantrotter.com/properties/1016-Laney-Walker-Boulevard-Augusta-GA/">http://www.jordantrotter.com/properties/1016-Laney-Walker-Boulevard-Augusta-GA/</a>]]></description>
      <styleUrl>#Jordan_Trotter</styleUrl>
      <Point>
        <coordinates>-81.976905,33.464155,0</coordinates>
      </Point>
    </Placemark>
    <Placemark>
      <name>1021 Ann Taylor Blvd, Augusta, GA  30907</name>
      <description><![CDATA[<b>Address:</b> 1021 Ann Taylor Blvd, Augusta, GA  30907, Augusta, GA 30907<br/><b>Type:</b> For Sale<br/><b>Status:</b> Active<br/><b>Property Type:</b> Other<br/><b>Size:</b> 24.33 Acres<br/><b>Agent:</b> Parker Dye<br/><b>Listing:</b> <a href="http://www.jordantrotter.com/properties/?propertyId=119822-sale">http://www.jordantrotter.com/properties/?propertyId=119822-sale</a>]]></description>
      <styleUrl>#Jordan_Trotter</styleUrl>
      <Point>
        <coordinates>-82.1167968,33.5168266,0</coordinates>
      </Point>
    </Placemark>
    <Placemark>
      <name>1021 Ann Taylor Blvd, Augusta, GA  30907</name>
      <description><![CDATA[<b>Address:</b> 1021 Ann Taylor Blvd, Augusta, GA  30907, Augusta, GA 30907<br/><b>Type:</b> For Sale<br/><b>Status:</b> Active<br/><b>Property Type:</b> Other<br/><b>Size:</b> 24.33 Acres<br/><b>Agent:</b> Parker Dye<br/><b>Listing:</b> <a href="http://www.jordantrotter.com/properties/119822-sale/">http://www.jordantrotter.com/properties/119822-sale/</a>]]></description>
      <styleUrl>#Jordan_Trotter</styleUrl>
      <Point>
        <coordinates>-82.1167968,33.5168266,0</coordinates>
      </Point>
    </Placemark>
    <Placemark>
      <name>1021 Ann Taylor Blvd, Augusta, GA  30907</name>
      <description><![CDATA[<b>Address:</b> 1021 Ann Taylor Blvd, Augusta, GA  30907, Augusta, GA 30907<br/><b>Type:</b> For Sale<br/><b>Status:</b> Active<br/><b>Property Type:</b> Other<br/><b>Size:</b> 24.33 Acres<br/><b>Agent:</b> Parker Dye<br/><b>Listing:</b> <a href="http://www.jordantrotter.com/properties/1021-Ann-Taylor-Blvd-Augusta-GA/">http://www.jordantrotter.com/properties/1021-Ann-Taylor-Blvd-Augusta-GA/</a>]]></description>
      <styleUrl>#Jordan_Trotter</styleUrl>
      <Point>
        <coordinates>-82.1167968,33.5168266,0</coordinates>
      </Point>
    </Placemark>
    <Placemark>
      <name>1023 Walton Way, Augusta, GA  30901</name>
      <description><![CDATA[<b>Address:</b> 1023 Walton Way, Augusta, GA  30901, Augusta, GA 30901<br/><b>Type:</b> For Sale<br/><b>Status:</b> Active<br/><b>Property Type:</b> Office Building<br/><b>Size:</b> 1,000 SF<br/><b>Agent:</b> Charlie Davis<br/><b>Listing:</b> <a href="http://www.jordantrotter.com/properties/?propertyId=1573849-sale">http://www.jordantrotter.com/properties/?propertyId=1573849-sale</a>]]></description>
      <styleUrl>#Jordan_Trotter</styleUrl>
      <Point>
        <coordinates>-81.9740669,33.4703856,0</coordinates>
      </Point>
    </Placemark>
    <Placemark>
      <name>1023 Walton Way, Augusta, GA  30901</name>
      <description><![CDATA[<b>Address:</b> 1023 Walton Way, Augusta, GA  30901, Augusta, GA 30901<br/><b>Type:</b> For Sale<br/><b>Status:</b> Active<br/><b>Property Type:</b> Office Building<br/><b>Size:</b> 1,000 SF<br/><b>Agent:</b> Charlie Davis<br/><b>Listing:</b> <a href="http://www.jordantrotter.com/properties/1573849-sale/">http://www.jordantrotter.com/properties/1573849-sale/</a>]]></description>
      <styleUrl>#Jordan_Trotter</styleUrl>
      <Point>
        <coordinates>-81.9740669,33.4703856,0</coordinates>
      </Point>
    </Placemark>
    <Placemark>
      <name>1023 Walton Way, Augusta, GA  30901</name>
      <description><![CDATA[<b>Address:</b> 1023 Walton Way, Augusta, GA  30901, Augusta, GA 30901<br/><b>Type:</b> For Sale<br/><b>Status:</b> Active<br/><b>Property Type:</b> Office Building<br/><b>Size:</b> 1,000 SF<br/><b>Agent:</b> Charlie Davis<br/><b>Listing:</b> <a href="http://www.jordantrotter.com/properties/1023-Walton-Way-Augusta-GA/">http://www.jordantrotter.com/properties/1023-Walton-Way-Augusta-GA/</a>]]></description>
      <styleUrl>#Jordan_Trotter</styleUrl>
      <Point>
        <coordinates>-81.9740669,33.4703856,0</coordinates>
      </Point>
    </Placemark>
    <Placemark>
      <name>1024 Telfair St, Augusta, GA  30901</name>
      <description><![CDATA[<b>Address:</b> 1024 Telfair St, Augusta, GA  30901, Augusta, GA 30901<br/><b>Type:</b> For Sale<br/><b>Status:</b> Active<br/><b>Property Type:</b> Office Warehouse<br/><b>Size:</b> 19,690 SF<br/><b>Agent:</b> Parker Dye<br/><b>Listing:</b> <a href="http://www.jordantrotter.com/properties/?propertyId=1501918-sale">http://www.jordantrotter.com/properties/?propertyId=1501918-sale</a>]]></description>
      <styleUrl>#Jordan_Trotter</styleUrl>
      <Point>
        <coordinates>-81.9722956,33.4734187,0</coordinates>
      </Point>
    </Placemark>
    <Placemark>
      <name>1024 Telfair St, Augusta, GA  30901</name>
      <description><![CDATA[<b>Address:</b> 1024 Telfair St, Augusta, GA  30901, Augusta, GA 30901<br/><b>Type:</b> For Lease<br/><b>Status:</b> Active<br/><b>Property Type:</b> Office Warehouse<br/><b>Size:</b> 8,490 - 22,400 SF<br/><b>Agent:</b> Parker Dye<br/><b>Listing:</b> <a href="http://www.jordantrotter.com/properties/?propertyId=1501918-lease">http://www.jordantrotter.com/properties/?propertyId=1501918-lease</a>]]></description>
      <styleUrl>#Jordan_Trotter</styleUrl>
      <Point>
        <coordinates>-81.9722956,33.4734187,0</coordinates>
      </Point>
    </Placemark>
    <Placemark>
      <name>1024 Telfair St, Augusta, GA  30901</name>
      <description><![CDATA[<b>Address:</b> 1024 Telfair St, Augusta, GA  30901, Augusta, GA 30901<br/><b>Type:</b> For Sale<br/><b>Status:</b> Active<br/><b>Property Type:</b> Office Warehouse<br/><b>Size:</b> 19,690 SF<br/><b>Agent:</b> Parker Dye<br/><b>Listing:</b> <a href="http://www.jordantrotter.com/properties/1501918-sale/">http://www.jordantrotter.com/properties/1501918-sale/</a>]]></description>
      <styleUrl>#Jordan_Trotter</styleUrl>
      <Point>
        <coordinates>-81.9722956,33.4734187,0</coordinates>
      </Point>
    </Placemark>
    <Placemark>
      <name>1024 Telfair St, Augusta, GA  30901</name>
      <description><![CDATA[<b>Address:</b> 1024 Telfair St, Augusta, GA  30901, Augusta, GA 30901<br/><b>Type:</b> For Lease<br/><b>Status:</b> Active<br/><b>Property Type:</b> Office Warehouse<br/><b>Size:</b> 8,490 - 22,400 SF<br/><b>Agent:</b> Parker Dye<br/><b>Listing:</b> <a href="http://www.jordantrotter.com/properties/1501918-lease/">http://www.jordantrotter.com/properties/1501918-lease/</a>]]></description>
      <styleUrl>#Jordan_Trotter</styleUrl>
      <Point>
        <coordinates>-81.9722956,33.4734187,0</coordinates>
      </Point>
    </Placemark>
    <Placemark>
      <name>1024 Telfair St, Augusta, GA  30901</name>
      <description><![CDATA[<b>Address:</b> 1024 Telfair St, Augusta, GA  30901, Augusta, GA 30901<br/><b>Type:</b> For Sale<br/><b>Status:</b> Active<br/><b>Property Type:</b> Office Warehouse<br/><b>Size:</b> 19,690 SF<br/><b>Agent:</b> Parker Dye<br/><b>Listing:</b> <a href="http://www.jordantrotter.com/properties/1024-Telfair-Street-Augusta-GA/">http://www.jordantrotter.com/properties/1024-Telfair-Street-Augusta-GA/</a>]]></description>
      <styleUrl>#Jordan_Trotter</styleUrl>
      <Point>
        <coordinates>-81.9722956,33.4734187,0</coordinates>
      </Point>
    </Placemark>
    <Placemark>
      <name>1024 Telfair St, Augusta, GA  30901</name>
      <description><![CDATA[<b>Address:</b> 1024 Telfair St, Augusta, GA  30901, Augusta, GA 30901<br/><b>Type:</b> For Lease<br/><b>Status:</b> Active<br/><b>Property Type:</b> Office Warehouse<br/><b>Size:</b> 8,490 - 22,400 SF<br/><b>Agent:</b> Parker Dye<br/><b>Listing:</b> <a href="http://www.jordantrotter.com/properties/1024-telfair-st-augusta-lease/">http://www.jordantrotter.com/properties/1024-telfair-st-augusta-lease/</a>]]></description>
      <styleUrl>#Jordan_Trotter</styleUrl>
      <Point>
        <coordinates>-81.9722956,33.4734187,0</coordinates>
      </Point>
    </Placemark>
    <Placemark>
      <name>1025 Broad Street, Augusta, GA  30901</name>
      <description><![CDATA[<b>Address:</b> 1025 Broad Street, Augusta, GA  30901, Augusta, GA 30901<br/><b>Type:</b> For Lease<br/><b>Status:</b> Active<br/><b>Property Type:</b> Street Retail<br/><b>Size:</b> 7,650 SF<br/><b>Agent:</b> Charlie Davis<br/><b>Listing:</b> <a href="http://www.jordantrotter.com/properties/1025-broad-street-augusta-lease/">http://www.jordantrotter.com/properties/1025-broad-street-augusta-lease/</a>]]></description>
      <styleUrl>#Jordan_Trotter</styleUrl>
      <Point>
        <coordinates>-81.9701503,33.4774356,0</coordinates>
      </Point>
    </Placemark>
    <Placemark>
      <name>1027 Telfair Street, Augusta, GA  30901</name>
      <description><![CDATA[<b>Address:</b> 1027 Telfair Street, Augusta, GA  30901, Augusta, GA 30901<br/><b>Type:</b> For Sale<br/><b>Status:</b> Active<br/><b>Property Type:</b> Retail-Pad<br/><b>Size:</b> 0.78 Acres<br/><b>Agent:</b> Mason Whatley<br/><b>Listing:</b> <a href="http://www.jordantrotter.com/properties/?propertyId=1346453-sale">http://www.jordantrotter.com/properties/?propertyId=1346453-sale</a>]]></description>
      <styleUrl>#Jordan_Trotter</styleUrl>
      <Point>
        <coordinates>-81.97197609999999,33.4742896,0</coordinates>
      </Point>
    </Placemark>
    <Placemark>
      <name>1027 Telfair Street, Augusta, GA  30901</name>
      <description><![CDATA[<b>Address:</b> 1027 Telfair Street, Augusta, GA  30901, Augusta, GA 30901<br/><b>Type:</b> For Sale<br/><b>Status:</b> Active<br/><b>Property Type:</b> Retail-Pad<br/><b>Size:</b> 0.78 Acres<br/><b>Agent:</b> Mason Whatley<br/><b>Listing:</b> <a href="http://www.jordantrotter.com/properties/1346453-sale/">http://www.jordantrotter.com/properties/1346453-sale/</a>]]></description>
      <styleUrl>#Jordan_Trotter</styleUrl>
      <Point>
        <coordinates>-81.97197609999999,33.4742896,0</coordinates>
      </Point>
    </Placemark>
    <Placemark>
      <name>1027 Telfair Street, Augusta, GA  30901</name>
      <description><![CDATA[<b>Address:</b> 1027 Telfair Street, Augusta, GA  30901, Augusta, GA 30901<br/><b>Type:</b> For Sale<br/><b>Status:</b> Active<br/><b>Property Type:</b> Retail-Pad<br/><b>Size:</b> 0.78 Acres<br/><b>Agent:</b> Mason Whatley<br/><b>Listing:</b> <a href="http://www.jordantrotter.com/properties/1027-telfair-street-augusta-ga/">http://www.jordantrotter.com/properties/1027-telfair-street-augusta-ga/</a>]]></description>
      <styleUrl>#Jordan_Trotter</styleUrl>
      <Point>
        <coordinates>-81.97197609999999,33.4742896,0</coordinates>
      </Point>
    </Placemark>
    <Placemark>
      <name>1051 Broad Street, Augusta, GA  30901</name>
      <description><![CDATA[<b>Address:</b> 1051 Broad Street, Augusta, GA  30901, Augusta, GA 30901<br/><b>Type:</b> For Sale<br/><b>Status:</b> Active<br/><b>Property Type:</b> Free Standing Building<br/><b>Size:</b> 28,019 SF<br/><b>Agent:</b> Mason Whatley<br/><b>Listing:</b> <a href="http://www.jordantrotter.com/properties/?propertyId=658405-sale">http://www.jordantrotter.com/properties/?propertyId=658405-sale</a>]]></description>
      <styleUrl>#Jordan_Trotter</styleUrl>
      <Point>
        <coordinates>-81.9706552,33.47755280000001,0</coordinates>
      </Point>
    </Placemark>
    <Placemark>
      <name>1051 Broad Street, Augusta, GA  30901</name>
      <description><![CDATA[<b>Address:</b> 1051 Broad Street, Augusta, GA  30901, Augusta, GA 30901<br/><b>Type:</b> For Lease<br/><b>Status:</b> Active<br/><b>Property Type:</b> Free Standing Building<br/><b>Size:</b> 3,554 - 28,019 SF<br/><b>Agent:</b> Mason Whatley<br/><b>Listing:</b> <a href="http://www.jordantrotter.com/properties/?propertyId=658405-lease">http://www.jordantrotter.com/properties/?propertyId=658405-lease</a>]]></description>
      <styleUrl>#Jordan_Trotter</styleUrl>
      <Point>
        <coordinates>-81.9706552,33.47755280000001,0</coordinates>
      </Point>
    </Placemark>
    <Placemark>
      <name>1051 Broad Street, Augusta, GA  30901</name>
      <description><![CDATA[<b>Address:</b> 1051 Broad Street, Augusta, GA  30901, Augusta, GA 30901<br/><b>Type:</b> For Sale<br/><b>Status:</b> Active<br/><b>Property Type:</b> Free Standing Building<br/><b>Size:</b> 28,019 SF<br/><b>Agent:</b> Mason Whatley<br/><b>Listing:</b> <a href="http://www.jordantrotter.com/properties/658405-sale/">http://www.jordantrotter.com/properties/658405-sale/</a>]]></description>
      <styleUrl>#Jordan_Trotter</styleUrl>
      <Point>
        <coordinates>-81.9706552,33.47755280000001,0</coordinates>
      </Point>
    </Placemark>
    <Placemark>
      <name>1051 Broad Street, Augusta, GA  30901</name>
      <description><![CDATA[<b>Address:</b> 1051 Broad Street, Augusta, GA  30901, Augusta, GA 30901<br/><b>Type:</b> For Lease<br/><b>Status:</b> Active<br/><b>Property Type:</b> Free Standing Building<br/><b>Size:</b> 3,554 - 28,019 SF<br/><b>Agent:</b> Mason Whatley<br/><b>Listing:</b> <a href="http://www.jordantrotter.com/properties/658405-lease/">http://www.jordantrotter.com/properties/658405-lease/</a>]]></description>
      <styleUrl>#Jordan_Trotter</styleUrl>
      <Point>
        <coordinates>-81.9706552,33.47755280000001,0</coordinates>
      </Point>
    </Placemark>
    <Placemark>
      <name>1051 Broad Street, Augusta, GA  30901</name>
      <description><![CDATA[<b>Address:</b> 1051 Broad Street, Augusta, GA  30901, Augusta, GA 30901<br/><b>Type:</b> For Sale<br/><b>Status:</b> Active<br/><b>Property Type:</b> Free Standing Building<br/><b>Size:</b> 28,019 SF<br/><b>Agent:</b> Mason Whatley<br/><b>Listing:</b> <a href="http://www.jordantrotter.com/properties/1051-broad-street-augusta-ga/">http://www.jordantrotter.com/properties/1051-broad-street-augusta-ga/</a>]]></description>
      <styleUrl>#Jordan_Trotter</styleUrl>
      <Point>
        <coordinates>-81.9706552,33.47755280000001,0</coordinates>
      </Point>
    </Placemark>
    <Placemark>
      <name>110 Davis Road, Augusta, GA  30907</name>
      <description><![CDATA[<b>Address:</b> 110 Davis Road, Augusta, GA  30907, Augusta, GA 30907<br/><b>Type:</b> For Lease<br/><b>Status:</b> Active<br/><b>Property Type:</b> Street Retail<br/><b>Size:</b> 1,200 - 5,004 SF<br/><b>Agent:</b> Charlie Davis<br/><b>Listing:</b> <a href="http://www.jordantrotter.com/properties/?propertyId=119807-lease">http://www.jordantrotter.com/properties/?propertyId=119807-lease</a>]]></description>
      <styleUrl>#Jordan_Trotter</styleUrl>
      <Point>
        <coordinates>-82.0845,33.511866,0</coordinates>
      </Point>
    </Placemark>
    <Placemark>
      <name>110 Davis Road, Augusta, GA  30907</name>
      <description><![CDATA[<b>Address:</b> 110 Davis Road, Augusta, GA  30907, Augusta, GA 30907<br/><b>Type:</b> For Lease<br/><b>Status:</b> Active<br/><b>Property Type:</b> Street Retail<br/><b>Size:</b> 1,200 - 5,004 SF<br/><b>Agent:</b> Charlie Davis<br/><b>Listing:</b> <a href="http://www.jordantrotter.com/properties/119807-lease/">http://www.jordantrotter.com/properties/119807-lease/</a>]]></description>
      <styleUrl>#Jordan_Trotter</styleUrl>
      <Point>
        <coordinates>-82.0845,33.511866,0</coordinates>
      </Point>
    </Placemark>
    <Placemark>
      <name>110 Davis Road, Augusta, GA  30907</name>
      <description><![CDATA[<b>Address:</b> 110 Davis Road, Augusta, GA  30907, Augusta, GA 30907<br/><b>Type:</b> For Lease<br/><b>Status:</b> Active<br/><b>Property Type:</b> Street Retail<br/><b>Size:</b> 1,200 - 5,004 SF<br/><b>Agent:</b> Charlie Davis<br/><b>Listing:</b> <a href="http://www.jordantrotter.com/properties/110-Davis-Road/">http://www.jordantrotter.com/properties/110-Davis-Road/</a>]]></description>
      <styleUrl>#Jordan_Trotter</styleUrl>
      <Point>
        <coordinates>-82.0845,33.511866,0</coordinates>
      </Point>
    </Placemark>
    <Placemark>
      <name>1101 Jones St, Augusta, GA  30901</name>
      <description><![CDATA[<b>Address:</b> 1101 Jones St, Augusta, GA  30901, Augusta, GA 30901<br/><b>Type:</b> For Lease<br/><b>Status:</b> Active<br/><b>Property Type:</b> Office Building<br/><b>Size:</b> 429 SF<br/><b>Agent:</b> Mason Whatley<br/><b>Listing:</b> <a href="http://www.jordantrotter.com/properties/?propertyId=1441711-lease">http://www.jordantrotter.com/properties/?propertyId=1441711-lease</a>]]></description>
      <styleUrl>#Jordan_Trotter</styleUrl>
      <Point>
        <coordinates>-81.9707729,33.478262,0</coordinates>
      </Point>
    </Placemark>
    <Placemark>
      <name>1101 Jones St, Augusta, GA  30901</name>
      <description><![CDATA[<b>Address:</b> 1101 Jones St, Augusta, GA  30901, Augusta, GA 30901<br/><b>Type:</b> For Lease<br/><b>Status:</b> Active<br/><b>Property Type:</b> Office Building<br/><b>Size:</b> 429 SF<br/><b>Agent:</b> Mason Whatley<br/><b>Listing:</b> <a href="http://www.jordantrotter.com/properties/1441711-lease/">http://www.jordantrotter.com/properties/1441711-lease/</a>]]></description>
      <styleUrl>#Jordan_Trotter</styleUrl>
      <Point>
        <coordinates>-81.9707729,33.478262,0</coordinates>
      </Point>
    </Placemark>
    <Placemark>
      <name>1101 Jones St, Augusta, GA  30901</name>
      <description><![CDATA[<b>Address:</b> 1101 Jones St, Augusta, GA  30901, Augusta, GA 30901<br/><b>Type:</b> For Lease<br/><b>Status:</b> Active<br/><b>Property Type:</b> Office Building<br/><b>Size:</b> 429 SF<br/><b>Agent:</b> Mason Whatley<br/><b>Listing:</b> <a href="http://www.jordantrotter.com/properties/1101-jones-street-augusta-ga/">http://www.jordantrotter.com/properties/1101-jones-street-augusta-ga/</a>]]></description>
      <styleUrl>#Jordan_Trotter</styleUrl>
      <Point>
        <coordinates>-81.9707729,33.478262,0</coordinates>
      </Point>
    </Placemark>
    <Placemark>
      <name>1101 Walton Way, Augusta, GA  30901</name>
      <description><![CDATA[<b>Address:</b> 1101 Walton Way, Augusta, GA  30901, Augusta, GA 30901<br/><b>Type:</b> For Sale<br/><b>Status:</b> Active<br/><b>Property Type:</b> Retail, Multi-family, Office<br/><b>Size:</b> 2.37 Acres<br/><b>Agent:</b> Parker Dye<br/><b>Listing:</b> <a href="http://www.jordantrotter.com/properties/?propertyId=455332-sale">http://www.jordantrotter.com/properties/?propertyId=455332-sale</a>]]></description>
      <styleUrl>#Jordan_Trotter</styleUrl>
      <Point>
        <coordinates>-81.97487339999999,33.470824,0</coordinates>
      </Point>
    </Placemark>
    <Placemark>
      <name>1101 Walton Way, Augusta, GA  30901</name>
      <description><![CDATA[<b>Address:</b> 1101 Walton Way, Augusta, GA  30901, Augusta, GA 30901<br/><b>Type:</b> For Sale<br/><b>Status:</b> Active<br/><b>Property Type:</b> Retail, Multi-family, Office<br/><b>Size:</b> 2.37 Acres<br/><b>Agent:</b> Parker Dye<br/><b>Listing:</b> <a href="http://www.jordantrotter.com/properties/455332-sale/">http://www.jordantrotter.com/properties/455332-sale/</a>]]></description>
      <styleUrl>#Jordan_Trotter</styleUrl>
      <Point>
        <coordinates>-81.97487339999999,33.470824,0</coordinates>
      </Point>
    </Placemark>
    <Placemark>
      <name>1101 Walton Way, Augusta, GA  30901</name>
      <description><![CDATA[<b>Address:</b> 1101 Walton Way, Augusta, GA  30901, Augusta, GA 30901<br/><b>Type:</b> For Sale<br/><b>Status:</b> Active<br/><b>Property Type:</b> Retail, Multi-family, Office<br/><b>Size:</b> 2.37 Acres<br/><b>Agent:</b> Parker Dye<br/><b>Listing:</b> <a href="http://www.jordantrotter.com/properties/1101-walton-way-augusta-ga/">http://www.jordantrotter.com/properties/1101-walton-way-augusta-ga/</a>]]></description>
      <styleUrl>#Jordan_Trotter</styleUrl>
      <Point>
        <coordinates>-81.97487339999999,33.470824,0</coordinates>
      </Point>
    </Placemark>
    <Placemark>
      <name>1102 Marks Church Road, Augusta, GA  30909</name>
      <description><![CDATA[<b>Address:</b> 1102 Marks Church Road, Augusta, GA  30909, Augusta, GA 30909<br/><b>Type:</b> For Sale<br/><b>Status:</b> Active<br/><b>Property Type:</b> Other<br/><b>Size:</b> 4.49 Acres<br/><b>Agent:</b> Mason Whatley<br/><b>Listing:</b> <a href="http://www.jordantrotter.com/properties/?propertyId=443765-sale">http://www.jordantrotter.com/properties/?propertyId=443765-sale</a>]]></description>
      <styleUrl>#Jordan_Trotter</styleUrl>
      <Point>
        <coordinates>-82.083063,33.480931,0</coordinates>
      </Point>
    </Placemark>
    <Placemark>
      <name>1102 Marks Church Road, Augusta, GA  30909</name>
      <description><![CDATA[<b>Address:</b> 1102 Marks Church Road, Augusta, GA  30909, Augusta, GA 30909<br/><b>Type:</b> For Sale<br/><b>Status:</b> Active<br/><b>Property Type:</b> Other<br/><b>Size:</b> 4.49 Acres<br/><b>Agent:</b> Mason Whatley<br/><b>Listing:</b> <a href="http://www.jordantrotter.com/properties/443765-sale/">http://www.jordantrotter.com/properties/443765-sale/</a>]]></description>
      <styleUrl>#Jordan_Trotter</styleUrl>
      <Point>
        <coordinates>-82.083063,33.480931,0</coordinates>
      </Point>
    </Placemark>
    <Placemark>
      <name>1102 Marks Church Road, Augusta, GA  30909</name>
      <description><![CDATA[<b>Address:</b> 1102 Marks Church Road, Augusta, GA  30909, Augusta, GA 30909<br/><b>Type:</b> For Sale<br/><b>Status:</b> Active<br/><b>Property Type:</b> Other<br/><b>Size:</b> 4.49 Acres<br/><b>Agent:</b> Mason Whatley<br/><b>Listing:</b> <a href="http://www.jordantrotter.com/properties/1102-Marks-Church-Road-Augusta-GA/">http://www.jordantrotter.com/properties/1102-Marks-Church-Road-Augusta-GA/</a>]]></description>
      <styleUrl>#Jordan_Trotter</styleUrl>
      <Point>
        <coordinates>-82.083063,33.480931,0</coordinates>
      </Point>
    </Placemark>
    <Placemark>
      <name>1102 Trust Avenue, Augusta, GA  30909</name>
      <description><![CDATA[<b>Address:</b> 1102 Trust Avenue, Augusta, GA  30909, Augusta, GA 30909<br/><b>Type:</b> For Sale<br/><b>Status:</b> Active<br/><b>Property Type:</b> Retail<br/><b>Size:</b> 2.58 Acres<br/><b>Agent:</b> Mason Whatley<br/><b>Listing:</b> <a href="http://www.jordantrotter.com/properties/?propertyId=1160332-sale">http://www.jordantrotter.com/properties/?propertyId=1160332-sale</a>]]></description>
      <styleUrl>#Jordan_Trotter</styleUrl>
      <Point>
        <coordinates>-82.07583919999999,33.4856153,0</coordinates>
      </Point>
    </Placemark>
    <Placemark>
      <name>1102 Trust Avenue, Augusta, GA  30909</name>
      <description><![CDATA[<b>Address:</b> 1102 Trust Avenue, Augusta, GA  30909, Augusta, GA 30909<br/><b>Type:</b> For Lease<br/><b>Status:</b> Active<br/><b>Property Type:</b> Retail<br/><b>Size:</b> 1.15 Acres<br/><b>Agent:</b> Mason Whatley<br/><b>Listing:</b> <a href="http://www.jordantrotter.com/properties/?propertyId=1160332-lease">http://www.jordantrotter.com/properties/?propertyId=1160332-lease</a>]]></description>
      <styleUrl>#Jordan_Trotter</styleUrl>
      <Point>
        <coordinates>-82.07583919999999,33.4856153,0</coordinates>
      </Point>
    </Placemark>
    <Placemark>
      <name>1102 Trust Avenue, Augusta, GA  30909</name>
      <description><![CDATA[<b>Address:</b> 1102 Trust Avenue, Augusta, GA  30909, Augusta, GA 30909<br/><b>Type:</b> For Sale<br/><b>Status:</b> Active<br/><b>Property Type:</b> Retail<br/><b>Size:</b> 2.58 Acres<br/><b>Agent:</b> Mason Whatley<br/><b>Listing:</b> <a href="http://www.jordantrotter.com/properties/1160332-sale/">http://www.jordantrotter.com/properties/1160332-sale/</a>]]></description>
      <styleUrl>#Jordan_Trotter</styleUrl>
      <Point>
        <coordinates>-82.07583919999999,33.4856153,0</coordinates>
      </Point>
    </Placemark>
    <Placemark>
      <name>1102 Trust Avenue, Augusta, GA  30909</name>
      <description><![CDATA[<b>Address:</b> 1102 Trust Avenue, Augusta, GA  30909, Augusta, GA 30909<br/><b>Type:</b> For Lease<br/><b>Status:</b> Active<br/><b>Property Type:</b> Retail<br/><b>Size:</b> 1.15 Acres<br/><b>Agent:</b> Mason Whatley<br/><b>Listing:</b> <a href="http://www.jordantrotter.com/properties/1160332-lease/">http://www.jordantrotter.com/properties/1160332-lease/</a>]]></description>
      <styleUrl>#Jordan_Trotter</styleUrl>
      <Point>
        <coordinates>-82.07583919999999,33.4856153,0</coordinates>
      </Point>
    </Placemark>
    <Placemark>
      <name>1102 Trust Avenue, Augusta, GA  30909</name>
      <description><![CDATA[<b>Address:</b> 1102 Trust Avenue, Augusta, GA  30909, Augusta, GA 30909<br/><b>Type:</b> For Sale<br/><b>Status:</b> Active<br/><b>Property Type:</b> Retail<br/><b>Size:</b> 2.58 Acres<br/><b>Agent:</b> Mason Whatley<br/><b>Listing:</b> <a href="http://www.jordantrotter.com/properties/1102-Trust-Avenue-Augusta-GA/">http://www.jordantrotter.com/properties/1102-Trust-Avenue-Augusta-GA/</a>]]></description>
      <styleUrl>#Jordan_Trotter</styleUrl>
      <Point>
        <coordinates>-82.07583919999999,33.4856153,0</coordinates>
      </Point>
    </Placemark>
    <Placemark>
      <name>1102 Trust Avenue, Augusta, GA  30909</name>
      <description><![CDATA[<b>Address:</b> 1102 Trust Avenue, Augusta, GA  30909, Augusta, GA 30909<br/><b>Type:</b> For Lease<br/><b>Status:</b> Active<br/><b>Property Type:</b> Retail<br/><b>Size:</b> 1.15 Acres<br/><b>Agent:</b> Mason Whatley<br/><b>Listing:</b> <a href="http://www.jordantrotter.com/properties/1102-trust-avenue-augusta-lease/">http://www.jordantrotter.com/properties/1102-trust-avenue-augusta-lease/</a>]]></description>
      <styleUrl>#Jordan_Trotter</styleUrl>
      <Point>
        <coordinates>-82.07583919999999,33.4856153,0</coordinates>
      </Point>
    </Placemark>
    <Placemark>
      <name>1106 Garner Drive, Augusta, GA  30909</name>
      <description><![CDATA[<b>Address:</b> 1106 Garner Drive, Augusta, GA  30909, Augusta, GA 30909<br/><b>Type:</b> For Lease<br/><b>Status:</b> Active<br/><b>Property Type:</b> Office Building<br/><b>Size:</b> 2,200 - 4,400 SF<br/><b>Agent:</b> Parker Dye<br/><b>Listing:</b> <a href="http://www.jordantrotter.com/properties/?propertyId=213575-lease">http://www.jordantrotter.com/properties/?propertyId=213575-lease</a>]]></description>
      <styleUrl>#Jordan_Trotter</styleUrl>
      <Point>
        <coordinates>-82.07382199999999,33.4864475,0</coordinates>
      </Point>
    </Placemark>
    <Placemark>
      <name>1106 Garner Drive, Augusta, GA  30909</name>
      <description><![CDATA[<b>Address:</b> 1106 Garner Drive, Augusta, GA  30909, Augusta, GA 30909<br/><b>Type:</b> For Lease<br/><b>Status:</b> Active<br/><b>Property Type:</b> Office Building<br/><b>Size:</b> 2,200 - 4,400 SF<br/><b>Agent:</b> Parker Dye<br/><b>Listing:</b> <a href="http://www.jordantrotter.com/properties/213575-lease/">http://www.jordantrotter.com/properties/213575-lease/</a>]]></description>
      <styleUrl>#Jordan_Trotter</styleUrl>
      <Point>
        <coordinates>-82.07382199999999,33.4864475,0</coordinates>
      </Point>
    </Placemark>
    <Placemark>
      <name>1106 Garner Drive, Augusta, GA  30909</name>
      <description><![CDATA[<b>Address:</b> 1106 Garner Drive, Augusta, GA  30909, Augusta, GA 30909<br/><b>Type:</b> For Lease<br/><b>Status:</b> Active<br/><b>Property Type:</b> Office Building<br/><b>Size:</b> 2,200 - 4,400 SF<br/><b>Agent:</b> Parker Dye<br/><b>Listing:</b> <a href="http://www.jordantrotter.com/properties/1106-Garner-Drive-Augusta-GA/">http://www.jordantrotter.com/properties/1106-Garner-Drive-Augusta-GA/</a>]]></description>
      <styleUrl>#Jordan_Trotter</styleUrl>
      <Point>
        <coordinates>-82.07382199999999,33.4864475,0</coordinates>
      </Point>
    </Placemark>
    <Placemark>
      <name>1109 Medical Center Dr Suite 1 &amp; 2, Augusta, GA  30909</name>
      <description><![CDATA[<b>Address:</b> 1109 Medical Center Dr Suite 1 &amp; 2, Augusta, GA  30909, Augusta, GA 30909<br/><b>Type:</b> For Sale<br/><b>Status:</b> Active<br/><b>Property Type:</b> Office Building<br/><b>Size:</b> 3,024 SF<br/><b>Agent:</b> Mason Whatley<br/><b>Listing:</b> <a href="http://www.jordantrotter.com/properties/?propertyId=1560058-sale">http://www.jordantrotter.com/properties/?propertyId=1560058-sale</a>]]></description>
      <styleUrl>#Jordan_Trotter</styleUrl>
      <Point>
        <coordinates>-82.09189099999999,33.4836699,0</coordinates>
      </Point>
    </Placemark>
    <Placemark>
      <name>1109 Medical Center Dr Suite 1 &amp; 2, Augusta, GA  30909</name>
      <description><![CDATA[<b>Address:</b> 1109 Medical Center Dr Suite 1 &amp; 2, Augusta, GA  30909, Augusta, GA 30909<br/><b>Type:</b> For Sale<br/><b>Status:</b> Active<br/><b>Property Type:</b> Office Building<br/><b>Size:</b> 3,024 SF<br/><b>Agent:</b> Mason Whatley<br/><b>Listing:</b> <a href="http://www.jordantrotter.com/properties/1560058-sale/">http://www.jordantrotter.com/properties/1560058-sale/</a>]]></description>
      <styleUrl>#Jordan_Trotter</styleUrl>
      <Point>
        <coordinates>-82.09189099999999,33.4836699,0</coordinates>
      </Point>
    </Placemark>
    <Placemark>
      <name>1109 Medical Center Dr Suite 1 &amp; 2, Augusta, GA  30909</name>
      <description><![CDATA[<b>Address:</b> 1109 Medical Center Dr Suite 1 &amp; 2, Augusta, GA  30909, Augusta, GA 30909<br/><b>Type:</b> For Sale<br/><b>Status:</b> Active<br/><b>Property Type:</b> Office Building<br/><b>Size:</b> 3,024 SF<br/><b>Agent:</b> Mason Whatley<br/><b>Listing:</b> <a href="http://www.jordantrotter.com/properties/1109-medical-center-dr-suite-1-2-augusta-sale/">http://www.jordantrotter.com/properties/1109-medical-center-dr-suite-1-2-augusta-sale/</a>]]></description>
      <styleUrl>#Jordan_Trotter</styleUrl>
      <Point>
        <coordinates>-82.09189099999999,33.4836699,0</coordinates>
      </Point>
    </Placemark>
    <Placemark>
      <name>1109 Medical Center Dr Suite 3, Augusta, GA  30909</name>
      <description><![CDATA[<b>Address:</b> 1109 Medical Center Dr Suite 3, Augusta, GA  30909, Augusta, GA 30909<br/><b>Type:</b> For Sale<br/><b>Status:</b> Active<br/><b>Property Type:</b> Office Building<br/><b>Size:</b> 3,024 SF<br/><b>Agent:</b> Mason Whatley<br/><b>Listing:</b> <a href="http://www.jordantrotter.com/properties/?propertyId=1566967-sale">http://www.jordantrotter.com/properties/?propertyId=1566967-sale</a>]]></description>
      <styleUrl>#Jordan_Trotter</styleUrl>
      <Point>
        <coordinates>-82.092784,33.483668,0</coordinates>
      </Point>
    </Placemark>
    <Placemark>
      <name>1109 Medical Center Dr Suite 3, Augusta, GA  30909</name>
      <description><![CDATA[<b>Address:</b> 1109 Medical Center Dr Suite 3, Augusta, GA  30909, Augusta, GA 30909<br/><b>Type:</b> For Sale<br/><b>Status:</b> Active<br/><b>Property Type:</b> Office Building<br/><b>Size:</b> 3,024 SF<br/><b>Agent:</b> Mason Whatley<br/><b>Listing:</b> <a href="http://www.jordantrotter.com/properties/1566967-sale/">http://www.jordantrotter.com/properties/1566967-sale/</a>]]></description>
      <styleUrl>#Jordan_Trotter</styleUrl>
      <Point>
        <coordinates>-82.092784,33.483668,0</coordinates>
      </Point>
    </Placemark>
    <Placemark>
      <name>1109 Medical Center Dr Suite 3, Augusta, GA  30909</name>
      <description><![CDATA[<b>Address:</b> 1109 Medical Center Dr Suite 3, Augusta, GA  30909, Augusta, GA 30909<br/><b>Type:</b> For Sale<br/><b>Status:</b> Active<br/><b>Property Type:</b> Office Building<br/><b>Size:</b> 3,024 SF<br/><b>Agent:</b> Mason Whatley<br/><b>Listing:</b> <a href="http://www.jordantrotter.com/properties/1109-medical-center-dr-suite-3-augusta-sale/">http://www.jordantrotter.com/properties/1109-medical-center-dr-suite-3-augusta-sale/</a>]]></description>
      <styleUrl>#Jordan_Trotter</styleUrl>
      <Point>
        <coordinates>-82.092784,33.483668,0</coordinates>
      </Point>
    </Placemark>
    <Placemark>
      <name>1128 Greene Street, Augusta, GA  30901</name>
      <description><![CDATA[<b>Address:</b> 1128 Greene Street, Augusta, GA  30901, Augusta, GA 30901<br/><b>Type:</b> For Lease<br/><b>Status:</b> Active<br/><b>Property Type:</b> Street Retail<br/><b>Size:</b> 1,700 SF<br/><b>Agent:</b> Charlie Davis<br/><b>Listing:</b> <a href="http://www.jordantrotter.com/properties/?propertyId=410334-lease">http://www.jordantrotter.com/properties/?propertyId=410334-lease</a>]]></description>
      <styleUrl>#Jordan_Trotter</styleUrl>
      <Point>
        <coordinates>-81.97355259999999,33.4753052,0</coordinates>
      </Point>
    </Placemark>
    <Placemark>
      <name>1128 Greene Street, Augusta, GA  30901</name>
      <description><![CDATA[<b>Address:</b> 1128 Greene Street, Augusta, GA  30901, Augusta, GA 30901<br/><b>Type:</b> For Lease<br/><b>Status:</b> Active<br/><b>Property Type:</b> Street Retail<br/><b>Size:</b> 1,700 SF<br/><b>Agent:</b> Charlie Davis<br/><b>Listing:</b> <a href="http://www.jordantrotter.com/properties/410334-lease/">http://www.jordantrotter.com/properties/410334-lease/</a>]]></description>
      <styleUrl>#Jordan_Trotter</styleUrl>
      <Point>
        <coordinates>-81.97355259999999,33.4753052,0</coordinates>
      </Point>
    </Placemark>
    <Placemark>
      <name>1128 Greene Street, Augusta, GA  30901</name>
      <description><![CDATA[<b>Address:</b> 1128 Greene Street, Augusta, GA  30901, Augusta, GA 30901<br/><b>Type:</b> For Lease<br/><b>Status:</b> Active<br/><b>Property Type:</b> Street Retail<br/><b>Size:</b> 1,700 SF<br/><b>Agent:</b> Charlie Davis<br/><b>Listing:</b> <a href="http://www.jordantrotter.com/properties/1128-Greene-Street-Augusta-GA/">http://www.jordantrotter.com/properties/1128-Greene-Street-Augusta-GA/</a>]]></description>
      <styleUrl>#Jordan_Trotter</styleUrl>
      <Point>
        <coordinates>-81.97355259999999,33.4753052,0</coordinates>
      </Point>
    </Placemark>
    <Placemark>
      <name>1133 Agerton Lane, Augusta, GA  30909</name>
      <description><![CDATA[<b>Address:</b> 1133 Agerton Lane, Augusta, GA  30909, Augusta, GA 30909<br/><b>Type:</b> For Lease<br/><b>Status:</b> Active<br/><b>Property Type:</b> Strip Center<br/><b>Size:</b> 2,000 SF<br/><b>Agent:</b> Charlie Davis<br/><b>Listing:</b> <a href="http://www.jordantrotter.com/properties/?propertyId=1029231-lease">http://www.jordantrotter.com/properties/?propertyId=1029231-lease</a>]]></description>
      <styleUrl>#Jordan_Trotter</styleUrl>
      <Point>
        <coordinates>-82.07839770000001,33.486956,0</coordinates>
      </Point>
    </Placemark>
    <Placemark>
      <name>1133 Agerton Lane, Augusta, GA  30909</name>
      <description><![CDATA[<b>Address:</b> 1133 Agerton Lane, Augusta, GA  30909, Augusta, GA 30909<br/><b>Type:</b> For Lease<br/><b>Status:</b> Active<br/><b>Property Type:</b> Strip Center<br/><b>Size:</b> 2,000 SF<br/><b>Agent:</b> Charlie Davis<br/><b>Listing:</b> <a href="http://www.jordantrotter.com/properties/1029231-lease/">http://www.jordantrotter.com/properties/1029231-lease/</a>]]></description>
      <styleUrl>#Jordan_Trotter</styleUrl>
      <Point>
        <coordinates>-82.07839770000001,33.486956,0</coordinates>
      </Point>
    </Placemark>
    <Placemark>
      <name>1133 Agerton Lane, Augusta, GA  30909</name>
      <description><![CDATA[<b>Address:</b> 1133 Agerton Lane, Augusta, GA  30909, Augusta, GA 30909<br/><b>Type:</b> For Lease<br/><b>Status:</b> Active<br/><b>Property Type:</b> Strip Center<br/><b>Size:</b> 2,000 SF<br/><b>Agent:</b> Charlie Davis<br/><b>Listing:</b> <a href="http://www.jordantrotter.com/properties/1133-Agerton-Lane-Augusta-GA/">http://www.jordantrotter.com/properties/1133-Agerton-Lane-Augusta-GA/</a>]]></description>
      <styleUrl>#Jordan_Trotter</styleUrl>
      <Point>
        <coordinates>-82.07839770000001,33.486956,0</coordinates>
      </Point>
    </Placemark>
    <Placemark>
      <name>120 5th Street, Augusta, GA  30901</name>
      <description><![CDATA[<b>Address:</b> 120 5th Street, Augusta, GA  30901, Augusta, GA 30901<br/><b>Type:</b> For Sale<br/><b>Status:</b> Active<br/><b>Property Type:</b> Office Building<br/><b>Size:</b> 1,600 SF<br/><b>Agent:</b> Robert McCrary<br/><b>Listing:</b> <a href="http://www.jordantrotter.com/properties/?propertyId=1509813-sale">http://www.jordantrotter.com/properties/?propertyId=1509813-sale</a>]]></description>
      <styleUrl>#Jordan_Trotter</styleUrl>
      <Point>
        <coordinates>-81.9582525,33.4736678,0</coordinates>
      </Point>
    </Placemark>
    <Placemark>
      <name>120 5th Street, Augusta, GA  30901</name>
      <description><![CDATA[<b>Address:</b> 120 5th Street, Augusta, GA  30901, Augusta, GA 30901<br/><b>Type:</b> For Sale<br/><b>Status:</b> Active<br/><b>Property Type:</b> Office Building<br/><b>Size:</b> 1,600 SF<br/><b>Agent:</b> Robert McCrary<br/><b>Listing:</b> <a href="http://www.jordantrotter.com/properties/1509813-sale/">http://www.jordantrotter.com/properties/1509813-sale/</a>]]></description>
      <styleUrl>#Jordan_Trotter</styleUrl>
      <Point>
        <coordinates>-81.9582525,33.4736678,0</coordinates>
      </Point>
    </Placemark>
    <Placemark>
      <name>120 5th Street, Augusta, GA  30901</name>
      <description><![CDATA[<b>Address:</b> 120 5th Street, Augusta, GA  30901, Augusta, GA 30901<br/><b>Type:</b> For Sale<br/><b>Status:</b> Active<br/><b>Property Type:</b> Office Building<br/><b>Size:</b> 1,600 SF<br/><b>Agent:</b> Robert McCrary<br/><b>Listing:</b> <a href="http://www.jordantrotter.com/properties/120-5th-Street-Augusta-GA/">http://www.jordantrotter.com/properties/120-5th-Street-Augusta-GA/</a>]]></description>
      <styleUrl>#Jordan_Trotter</styleUrl>
      <Point>
        <coordinates>-81.9582525,33.4736678,0</coordinates>
      </Point>
    </Placemark>
    <Placemark>
      <name>1202 &amp; 1204 Interstate Parkway &amp; 3735 Wheeler Road, Augusta, GA  30909</name>
      <description><![CDATA[<b>Address:</b> 1202 &amp; 1204 Interstate Parkway &amp; 3735 Wheeler Road, Augusta, GA  30909, Augusta, GA 30909<br/><b>Type:</b> For Sale<br/><b>Status:</b> Active<br/><b>Property Type:</b> Other<br/><b>Size:</b> 4.83 Acres<br/><b>Agent:</b> Ryan Martin<br/><b>Listing:</b> <a href="http://www.jordantrotter.com/properties/?propertyId=870912-sale">http://www.jordantrotter.com/properties/?propertyId=870912-sale</a>]]></description>
      <styleUrl>#Jordan_Trotter</styleUrl>
      <Point>
        <coordinates>-82.101203,33.485595,0</coordinates>
      </Point>
    </Placemark>
    <Placemark>
      <name>1202 &amp; 1204 Interstate Parkway &amp; 3735 Wheeler Road, Augusta, GA  30909</name>
      <description><![CDATA[<b>Address:</b> 1202 &amp; 1204 Interstate Parkway &amp; 3735 Wheeler Road, Augusta, GA  30909, Augusta, GA 30909<br/><b>Type:</b> For Sale<br/><b>Status:</b> Active<br/><b>Property Type:</b> Other<br/><b>Size:</b> 4.83 Acres<br/><b>Agent:</b> Ryan Martin<br/><b>Listing:</b> <a href="http://www.jordantrotter.com/properties/870912-sale/">http://www.jordantrotter.com/properties/870912-sale/</a>]]></description>
      <styleUrl>#Jordan_Trotter</styleUrl>
      <Point>
        <coordinates>-82.101203,33.485595,0</coordinates>
      </Point>
    </Placemark>
    <Placemark>
      <name>1202 &amp; 1204 Interstate Parkway &amp; 3735 Wheeler Road, Augusta, GA  30909</name>
      <description><![CDATA[<b>Address:</b> 1202 &amp; 1204 Interstate Parkway &amp; 3735 Wheeler Road, Augusta, GA  30909, Augusta, GA 30909<br/><b>Type:</b> For Sale<br/><b>Status:</b> Active<br/><b>Property Type:</b> Other<br/><b>Size:</b> 4.83 Acres<br/><b>Agent:</b> Ryan Martin<br/><b>Listing:</b> <a href="http://www.jordantrotter.com/properties/1202-1204-interstate-parkway-3735-wheeler-road-augusta-ga/">http://www.jordantrotter.com/properties/1202-1204-interstate-parkway-3735-wheeler-road-augusta-ga/</a>]]></description>
      <styleUrl>#Jordan_Trotter</styleUrl>
      <Point>
        <coordinates>-82.101203,33.485595,0</coordinates>
      </Point>
    </Placemark>
    <Placemark>
      <name>1208 Broad Street, Augusta, GA  30901</name>
      <description><![CDATA[<b>Address:</b> 1208 Broad Street, Augusta, GA  30901, Augusta, GA 30901<br/><b>Type:</b> For Lease<br/><b>Status:</b> Active<br/><b>Property Type:</b> Street Retail<br/><b>Size:</b> 3,079 - 3,175 SF<br/><b>Agent:</b> Liam Welch<br/><b>Listing:</b> <a href="http://www.jordantrotter.com/properties/?propertyId=561799-lease">http://www.jordantrotter.com/properties/?propertyId=561799-lease</a>]]></description>
      <styleUrl>#Jordan_Trotter</styleUrl>
      <Point>
        <coordinates>-81.97314779999999,33.4774754,0</coordinates>
      </Point>
    </Placemark>
    <Placemark>
      <name>1208 Broad Street, Augusta, GA  30901</name>
      <description><![CDATA[<b>Address:</b> 1208 Broad Street, Augusta, GA  30901, Augusta, GA 30901<br/><b>Type:</b> For Lease<br/><b>Status:</b> Active<br/><b>Property Type:</b> Street Retail<br/><b>Size:</b> 3,079 - 3,175 SF<br/><b>Agent:</b> Liam Welch<br/><b>Listing:</b> <a href="http://www.jordantrotter.com/properties/561799-lease/">http://www.jordantrotter.com/properties/561799-lease/</a>]]></description>
      <styleUrl>#Jordan_Trotter</styleUrl>
      <Point>
        <coordinates>-81.97314779999999,33.4774754,0</coordinates>
      </Point>
    </Placemark>
    <Placemark>
      <name>1208 Broad Street, Augusta, GA  30901</name>
      <description><![CDATA[<b>Address:</b> 1208 Broad Street, Augusta, GA  30901, Augusta, GA 30901<br/><b>Type:</b> For Lease<br/><b>Status:</b> Active<br/><b>Property Type:</b> Street Retail<br/><b>Size:</b> 3,079 - 3,175 SF<br/><b>Agent:</b> Liam Welch<br/><b>Listing:</b> <a href="http://www.jordantrotter.com/properties/1208-Broad-Street-Augusta-GA/">http://www.jordantrotter.com/properties/1208-Broad-Street-Augusta-GA/</a>]]></description>
      <styleUrl>#Jordan_Trotter</styleUrl>
      <Point>
        <coordinates>-81.97314779999999,33.4774754,0</coordinates>
      </Point>
    </Placemark>
    <Placemark>
      <name>1247 Ellis St, Augusta, GA  30901</name>
      <description><![CDATA[<b>Address:</b> 1247 Ellis St, Augusta, GA  30901, Augusta, GA 30901<br/><b>Type:</b> For Lease<br/><b>Status:</b> Active<br/><b>Property Type:</b> Office Warehouse<br/><b>Size:</b> 2,772 SF<br/><b>Agent:</b> Mason Whatley<br/><b>Listing:</b> <a href="http://www.jordantrotter.com/properties/?propertyId=1433672-lease">http://www.jordantrotter.com/properties/?propertyId=1433672-lease</a>]]></description>
      <styleUrl>#Jordan_Trotter</styleUrl>
      <Point>
        <coordinates>-81.9749439,33.477636,0</coordinates>
      </Point>
    </Placemark>
    <Placemark>
      <name>1247 Ellis St, Augusta, GA  30901</name>
      <description><![CDATA[<b>Address:</b> 1247 Ellis St, Augusta, GA  30901, Augusta, GA 30901<br/><b>Type:</b> For Lease<br/><b>Status:</b> Active<br/><b>Property Type:</b> Office Warehouse<br/><b>Size:</b> 2,772 SF<br/><b>Agent:</b> Mason Whatley<br/><b>Listing:</b> <a href="http://www.jordantrotter.com/properties/1433672-lease/">http://www.jordantrotter.com/properties/1433672-lease/</a>]]></description>
      <styleUrl>#Jordan_Trotter</styleUrl>
      <Point>
        <coordinates>-81.9749439,33.477636,0</coordinates>
      </Point>
    </Placemark>
    <Placemark>
      <name>1247 Ellis St, Augusta, GA  30901</name>
      <description><![CDATA[<b>Address:</b> 1247 Ellis St, Augusta, GA  30901, Augusta, GA 30901<br/><b>Type:</b> For Lease<br/><b>Status:</b> Active<br/><b>Property Type:</b> Office Warehouse<br/><b>Size:</b> 2,772 SF<br/><b>Agent:</b> Mason Whatley<br/><b>Listing:</b> <a href="http://www.jordantrotter.com/properties/1247-Ellis-Street-Augusta-GA/">http://www.jordantrotter.com/properties/1247-Ellis-Street-Augusta-GA/</a>]]></description>
      <styleUrl>#Jordan_Trotter</styleUrl>
      <Point>
        <coordinates>-81.9749439,33.477636,0</coordinates>
      </Point>
    </Placemark>
    <Placemark>
      <name>1251 Broad Street, Augusta, GA  30901</name>
      <description><![CDATA[<b>Address:</b> 1251 Broad Street, Augusta, GA  30901, Augusta, GA 30901<br/><b>Type:</b> For Lease<br/><b>Status:</b> Active<br/><b>Property Type:</b> Street Retail<br/><b>Size:</b> 5,000 SF<br/><b>Agent:</b> Charlie Davis<br/><b>Listing:</b> <a href="http://www.jordantrotter.com/properties/?propertyId=1610787-lease">http://www.jordantrotter.com/properties/?propertyId=1610787-lease</a>]]></description>
      <styleUrl>#Jordan_Trotter</styleUrl>
      <Point>
        <coordinates>-81.97357389999999,33.4784599,0</coordinates>
      </Point>
    </Placemark>
    <Placemark>
      <name>1251 Broad Street, Augusta, GA  30901</name>
      <description><![CDATA[<b>Address:</b> 1251 Broad Street, Augusta, GA  30901, Augusta, GA 30901<br/><b>Type:</b> For Lease<br/><b>Status:</b> Active<br/><b>Property Type:</b> Street Retail<br/><b>Size:</b> 5,000 SF<br/><b>Agent:</b> Charlie Davis<br/><b>Listing:</b> <a href="http://www.jordantrotter.com/properties/1610787-lease/">http://www.jordantrotter.com/properties/1610787-lease/</a>]]></description>
      <styleUrl>#Jordan_Trotter</styleUrl>
      <Point>
        <coordinates>-81.97357389999999,33.4784599,0</coordinates>
      </Point>
    </Placemark>
    <Placemark>
      <name>1251 Broad Street, Augusta, GA  30901</name>
      <description><![CDATA[<b>Address:</b> 1251 Broad Street, Augusta, GA  30901, Augusta, GA 30901<br/><b>Type:</b> For Lease<br/><b>Status:</b> Active<br/><b>Property Type:</b> Street Retail<br/><b>Size:</b> 5,000 SF<br/><b>Agent:</b> Charlie Davis<br/><b>Listing:</b> <a href="http://www.jordantrotter.com/properties/1251-Broad-Street-Augusta-GA/">http://www.jordantrotter.com/properties/1251-Broad-Street-Augusta-GA/</a>]]></description>
      <styleUrl>#Jordan_Trotter</styleUrl>
      <Point>
        <coordinates>-81.97357389999999,33.4784599,0</coordinates>
      </Point>
    </Placemark>
    <Placemark>
      <name>1257 Flowing Wells Road, Augusta, GA  30909</name>
      <description><![CDATA[<b>Address:</b> 1257 Flowing Wells Road, Augusta, GA  30909, Augusta, GA 30909<br/><b>Type:</b> For Sale<br/><b>Status:</b> Active<br/><b>Property Type:</b> Office<br/><b>Size:</b> 5.27 Acres<br/><b>Agent:</b> Ryan Martin<br/><b>Listing:</b> <a href="http://www.jordantrotter.com/properties/?propertyId=545264-sale">http://www.jordantrotter.com/properties/?propertyId=545264-sale</a>]]></description>
      <styleUrl>#Jordan_Trotter</styleUrl>
      <Point>
        <coordinates>-82.1128277,33.4815617,0</coordinates>
      </Point>
    </Placemark>
    <Placemark>
      <name>1257 Flowing Wells Road, Augusta, GA  30909</name>
      <description><![CDATA[<b>Address:</b> 1257 Flowing Wells Road, Augusta, GA  30909, Augusta, GA 30909<br/><b>Type:</b> For Sale<br/><b>Status:</b> Active<br/><b>Property Type:</b> Office<br/><b>Size:</b> 5.27 Acres<br/><b>Agent:</b> Ryan Martin<br/><b>Listing:</b> <a href="http://www.jordantrotter.com/properties/545264-sale/">http://www.jordantrotter.com/properties/545264-sale/</a>]]></description>
      <styleUrl>#Jordan_Trotter</styleUrl>
      <Point>
        <coordinates>-82.1128277,33.4815617,0</coordinates>
      </Point>
    </Placemark>
    <Placemark>
      <name>1257 Flowing Wells Road, Augusta, GA  30909</name>
      <description><![CDATA[<b>Address:</b> 1257 Flowing Wells Road, Augusta, GA  30909, Augusta, GA 30909<br/><b>Type:</b> For Sale<br/><b>Status:</b> Active<br/><b>Property Type:</b> Office<br/><b>Size:</b> 5.27 Acres<br/><b>Agent:</b> Ryan Martin<br/><b>Listing:</b> <a href="http://www.jordantrotter.com/properties/1257-Flowing-Wells-Road-Augusta-GA/">http://www.jordantrotter.com/properties/1257-Flowing-Wells-Road-Augusta-GA/</a>]]></description>
      <styleUrl>#Jordan_Trotter</styleUrl>
      <Point>
        <coordinates>-82.1128277,33.4815617,0</coordinates>
      </Point>
    </Placemark>
    <Placemark>
      <name>1291 and 1295 Interstate Pkwy, Augusta, GA  30909</name>
      <description><![CDATA[<b>Address:</b> 1291 and 1295 Interstate Pkwy, Augusta, GA  30909, Augusta, GA 30909<br/><b>Type:</b> For Sale<br/><b>Status:</b> Active<br/><b>Property Type:</b> Office Warehouse<br/><b>Size:</b> 11,600 SF<br/><b>Agent:</b> Wil Kacos<br/><b>Listing:</b> <a href="http://www.jordantrotter.com/properties/?propertyId=1612298-sale">http://www.jordantrotter.com/properties/?propertyId=1612298-sale</a>]]></description>
      <styleUrl>#Jordan_Trotter</styleUrl>
      <Point>
        <coordinates>-82.097065,33.4894559,0</coordinates>
      </Point>
    </Placemark>
    <Placemark>
      <name>1291 and 1295 Interstate Pkwy, Augusta, GA  30909</name>
      <description><![CDATA[<b>Address:</b> 1291 and 1295 Interstate Pkwy, Augusta, GA  30909, Augusta, GA 30909<br/><b>Type:</b> For Sale<br/><b>Status:</b> Active<br/><b>Property Type:</b> Office Warehouse<br/><b>Size:</b> 11,600 SF<br/><b>Agent:</b> Wil Kacos<br/><b>Listing:</b> <a href="http://www.jordantrotter.com/properties/1612298-sale/">http://www.jordantrotter.com/properties/1612298-sale/</a>]]></description>
      <styleUrl>#Jordan_Trotter</styleUrl>
      <Point>
        <coordinates>-82.097065,33.4894559,0</coordinates>
      </Point>
    </Placemark>
    <Placemark>
      <name>1291 and 1295 Interstate Pkwy, Augusta, GA  30909</name>
      <description><![CDATA[<b>Address:</b> 1291 and 1295 Interstate Pkwy, Augusta, GA  30909, Augusta, GA 30909<br/><b>Type:</b> For Sale<br/><b>Status:</b> Active<br/><b>Property Type:</b> Office Warehouse<br/><b>Size:</b> 11,600 SF<br/><b>Agent:</b> Wil Kacos<br/><b>Listing:</b> <a href="http://www.jordantrotter.com/properties/1291-1295-Interstate-Parkway-Augusta-GA/">http://www.jordantrotter.com/properties/1291-1295-Interstate-Parkway-Augusta-GA/</a>]]></description>
      <styleUrl>#Jordan_Trotter</styleUrl>
      <Point>
        <coordinates>-82.097065,33.4894559,0</coordinates>
      </Point>
    </Placemark>
    <Placemark>
      <name>1302 Broad Street, Augusta, GA  30901</name>
      <description><![CDATA[<b>Address:</b> 1302 Broad Street, Augusta, GA  30901, Augusta, GA 30901<br/><b>Type:</b> For Lease<br/><b>Status:</b> Active<br/><b>Property Type:</b> Office Building<br/><b>Size:</b> 0.5 Acres<br/><b>Agent:</b> Parker Dye<br/><b>Listing:</b> <a href="http://www.jordantrotter.com/properties/?propertyId=319441-lease">http://www.jordantrotter.com/properties/?propertyId=319441-lease</a>]]></description>
      <styleUrl>#Jordan_Trotter</styleUrl>
      <Point>
        <coordinates>-81.97595989999999,33.4783102,0</coordinates>
      </Point>
    </Placemark>
    <Placemark>
      <name>1302 Broad Street, Augusta, GA  30901</name>
      <description><![CDATA[<b>Address:</b> 1302 Broad Street, Augusta, GA  30901, Augusta, GA 30901<br/><b>Type:</b> For Lease<br/><b>Status:</b> Active<br/><b>Property Type:</b> Office Building<br/><b>Size:</b> 0.5 Acres<br/><b>Agent:</b> Parker Dye<br/><b>Listing:</b> <a href="http://www.jordantrotter.com/properties/319441-lease/">http://www.jordantrotter.com/properties/319441-lease/</a>]]></description>
      <styleUrl>#Jordan_Trotter</styleUrl>
      <Point>
        <coordinates>-81.97595989999999,33.4783102,0</coordinates>
      </Point>
    </Placemark>
    <Placemark>
      <name>1313 &amp; 1317 Interstate Pkwy, Augusta, GA  30909</name>
      <description><![CDATA[<b>Address:</b> 1313 &amp; 1317 Interstate Pkwy, Augusta, GA  30909, Augusta, GA 30909<br/><b>Type:</b> For Sale<br/><b>Status:</b> Active<br/><b>Property Type:</b> Office<br/><b>Size:</b> 2.38 Acres<br/><b>Agent:</b> Ryan Martin<br/><b>Listing:</b> <a href="http://www.jordantrotter.com/properties/?propertyId=1331292-sale">http://www.jordantrotter.com/properties/?propertyId=1331292-sale</a>]]></description>
      <styleUrl>#Jordan_Trotter</styleUrl>
      <Point>
        <coordinates>-82.094419,33.490114,0</coordinates>
      </Point>
    </Placemark>
    <Placemark>
      <name>1313 &amp; 1317 Interstate Pkwy, Augusta, GA  30909</name>
      <description><![CDATA[<b>Address:</b> 1313 &amp; 1317 Interstate Pkwy, Augusta, GA  30909, Augusta, GA 30909<br/><b>Type:</b> For Sale<br/><b>Status:</b> Active<br/><b>Property Type:</b> Office<br/><b>Size:</b> 2.38 Acres<br/><b>Agent:</b> Ryan Martin<br/><b>Listing:</b> <a href="http://www.jordantrotter.com/properties/1331292-sale/">http://www.jordantrotter.com/properties/1331292-sale/</a>]]></description>
      <styleUrl>#Jordan_Trotter</styleUrl>
      <Point>
        <coordinates>-82.094419,33.490114,0</coordinates>
      </Point>
    </Placemark>
    <Placemark>
      <name>1313 &amp; 1317 Interstate Pkwy, Augusta, GA  30909</name>
      <description><![CDATA[<b>Address:</b> 1313 &amp; 1317 Interstate Pkwy, Augusta, GA  30909, Augusta, GA 30909<br/><b>Type:</b> For Sale<br/><b>Status:</b> Active<br/><b>Property Type:</b> Office<br/><b>Size:</b> 2.38 Acres<br/><b>Agent:</b> Ryan Martin<br/><b>Listing:</b> <a href="http://www.jordantrotter.com/properties/1313-1317-interstate-pkwy-augusta-sale/">http://www.jordantrotter.com/properties/1313-1317-interstate-pkwy-augusta-sale/</a>]]></description>
      <styleUrl>#Jordan_Trotter</styleUrl>
      <Point>
        <coordinates>-82.094419,33.490114,0</coordinates>
      </Point>
    </Placemark>
    <Placemark>
      <name>1344 Interstate Pkwy, Augusta, GA  30909</name>
      <description><![CDATA[<b>Address:</b> 1344 Interstate Pkwy, Augusta, GA  30909, Augusta, GA 30909<br/><b>Type:</b> For Lease<br/><b>Status:</b> Active<br/><b>Property Type:</b> Build-to-Suit Medical Office<br/><b>Size:</b> 3.01 Acres<br/><b>Agent:</b> Ryan Martin<br/><b>Listing:</b> <a href="http://www.jordantrotter.com/properties/?propertyId=1533715-lease">http://www.jordantrotter.com/properties/?propertyId=1533715-lease</a>]]></description>
      <styleUrl>#Jordan_Trotter</styleUrl>
      <Point>
        <coordinates>-82.092169,33.488979,0</coordinates>
      </Point>
    </Placemark>
    <Placemark>
      <name>1344 Interstate Pkwy, Augusta, GA  30909</name>
      <description><![CDATA[<b>Address:</b> 1344 Interstate Pkwy, Augusta, GA  30909, Augusta, GA 30909<br/><b>Type:</b> For Lease<br/><b>Status:</b> Active<br/><b>Property Type:</b> Build-to-Suit Medical Office<br/><b>Size:</b> 3.01 Acres<br/><b>Agent:</b> Ryan Martin<br/><b>Listing:</b> <a href="http://www.jordantrotter.com/properties/1533715-lease/">http://www.jordantrotter.com/properties/1533715-lease/</a>]]></description>
      <styleUrl>#Jordan_Trotter</styleUrl>
      <Point>
        <coordinates>-82.092169,33.488979,0</coordinates>
      </Point>
    </Placemark>
    <Placemark>
      <name>1344 Interstate Pkwy, Augusta, GA  30909</name>
      <description><![CDATA[<b>Address:</b> 1344 Interstate Pkwy, Augusta, GA  30909, Augusta, GA 30909<br/><b>Type:</b> For Lease<br/><b>Status:</b> Active<br/><b>Property Type:</b> Build-to-Suit Medical Office<br/><b>Size:</b> 3.01 Acres<br/><b>Agent:</b> Ryan Martin<br/><b>Listing:</b> <a href="http://www.jordantrotter.com/properties/1344-interstate-pkwy-augusta-lease/">http://www.jordantrotter.com/properties/1344-interstate-pkwy-augusta-lease/</a>]]></description>
      <styleUrl>#Jordan_Trotter</styleUrl>
      <Point>
        <coordinates>-82.092169,33.488979,0</coordinates>
      </Point>
    </Placemark>
    <Placemark>
      <name>1348 Broad Street, Augusta, GA  30901</name>
      <description><![CDATA[<b>Address:</b> 1348 Broad Street, Augusta, GA  30901, Augusta, GA 30901<br/><b>Type:</b> For Sale<br/><b>Status:</b> Active<br/><b>Property Type:</b> Church<br/><b>Size:</b> 151,240 SF<br/><b>Agent:</b> Parker Dye<br/><b>Listing:</b> <a href="http://www.jordantrotter.com/properties/?propertyId=841709-sale">http://www.jordantrotter.com/properties/?propertyId=841709-sale</a>]]></description>
      <styleUrl>#Jordan_Trotter</styleUrl>
      <Point>
        <coordinates>-81.97689319999999,33.4787851,0</coordinates>
      </Point>
    </Placemark>
    <Placemark>
      <name>1348 Broad Street, Augusta, GA  30901</name>
      <description><![CDATA[<b>Address:</b> 1348 Broad Street, Augusta, GA  30901, Augusta, GA 30901<br/><b>Type:</b> For Sale<br/><b>Status:</b> Active<br/><b>Property Type:</b> Church<br/><b>Size:</b> 151,240 SF<br/><b>Agent:</b> Parker Dye<br/><b>Listing:</b> <a href="http://www.jordantrotter.com/properties/841709-sale/">http://www.jordantrotter.com/properties/841709-sale/</a>]]></description>
      <styleUrl>#Jordan_Trotter</styleUrl>
      <Point>
        <coordinates>-81.97689319999999,33.4787851,0</coordinates>
      </Point>
    </Placemark>
    <Placemark>
      <name>1348 Broad Street, Augusta, GA  30901</name>
      <description><![CDATA[<b>Address:</b> 1348 Broad Street, Augusta, GA  30901, Augusta, GA 30901<br/><b>Type:</b> For Sale<br/><b>Status:</b> Active<br/><b>Property Type:</b> Church<br/><b>Size:</b> 151,240 SF<br/><b>Agent:</b> Parker Dye<br/><b>Listing:</b> <a href="http://www.jordantrotter.com/properties/1348-broad-street-augusta-ga/">http://www.jordantrotter.com/properties/1348-broad-street-augusta-ga/</a>]]></description>
      <styleUrl>#Jordan_Trotter</styleUrl>
      <Point>
        <coordinates>-81.97689319999999,33.4787851,0</coordinates>
      </Point>
    </Placemark>
    <Placemark>
      <name>1401 Martinique Dr, Augusta, GA  30909</name>
      <description><![CDATA[<b>Address:</b> 1401 Martinique Dr, Augusta, GA  30909, Augusta, GA 30909<br/><b>Type:</b> For Sale<br/><b>Status:</b> Active<br/><b>Property Type:</b> Office<br/><b>Size:</b> 18.24 Acres<br/><b>Agent:</b> Wil Kacos<br/><b>Listing:</b> <a href="http://www.jordantrotter.com/properties/1401-martinique-dr-augusta-sale/">http://www.jordantrotter.com/properties/1401-martinique-dr-augusta-sale/</a>]]></description>
      <styleUrl>#Jordan_Trotter</styleUrl>
      <Point>
        <coordinates>-82.07746399999999,33.476251,0</coordinates>
      </Point>
    </Placemark>
    <Placemark>
      <name>1430 Flowing Wells Rd., Augusta, GA  30909</name>
      <description><![CDATA[<b>Address:</b> 1430 Flowing Wells Rd., Augusta, GA  30909, Augusta, GA 30909<br/><b>Type:</b> For Sale<br/><b>Status:</b> Active<br/><b>Property Type:</b> Commercial/ Res Development<br/><b>Size:</b> 24.03 Acres<br/><b>Agent:</b> Wil Kacos<br/><b>Listing:</b> <a href="http://www.jordantrotter.com/properties/?propertyId=776401-sale">http://www.jordantrotter.com/properties/?propertyId=776401-sale</a>]]></description>
      <styleUrl>#Jordan_Trotter</styleUrl>
      <Point>
        <coordinates>-82.104565,33.4713928,0</coordinates>
      </Point>
    </Placemark>
    <Placemark>
      <name>1430 Flowing Wells Rd., Augusta, GA  30909</name>
      <description><![CDATA[<b>Address:</b> 1430 Flowing Wells Rd., Augusta, GA  30909, Augusta, GA 30909<br/><b>Type:</b> For Sale<br/><b>Status:</b> Active<br/><b>Property Type:</b> Commercial/ Res Development<br/><b>Size:</b> 24.03 Acres<br/><b>Agent:</b> Wil Kacos<br/><b>Listing:</b> <a href="http://www.jordantrotter.com/properties/776401-sale/">http://www.jordantrotter.com/properties/776401-sale/</a>]]></description>
      <styleUrl>#Jordan_Trotter</styleUrl>
      <Point>
        <coordinates>-82.104565,33.4713928,0</coordinates>
      </Point>
    </Placemark>
    <Placemark>
      <name>1430 Flowing Wells Road, Augusta, GA  30909</name>
      <description><![CDATA[<b>Address:</b> 1430 Flowing Wells Road, Augusta, GA  30909, Augusta, GA 30909<br/><b>Type:</b> For Sale<br/><b>Status:</b> Active<br/><b>Property Type:</b> Retail<br/><b>Size:</b> 2.25 Acres<br/><b>Agent:</b> Wil Kacos<br/><b>Listing:</b> <a href="http://www.jordantrotter.com/properties/?propertyId=781675-sale">http://www.jordantrotter.com/properties/?propertyId=781675-sale</a>]]></description>
      <styleUrl>#Jordan_Trotter</styleUrl>
      <Point>
        <coordinates>-82.104565,33.4713928,0</coordinates>
      </Point>
    </Placemark>
    <Placemark>
      <name>1430 Flowing Wells Road, Augusta, GA  30909</name>
      <description><![CDATA[<b>Address:</b> 1430 Flowing Wells Road, Augusta, GA  30909, Augusta, GA 30909<br/><b>Type:</b> For Sale<br/><b>Status:</b> Active<br/><b>Property Type:</b> Retail<br/><b>Size:</b> 2.25 Acres<br/><b>Agent:</b> Wil Kacos<br/><b>Listing:</b> <a href="http://www.jordantrotter.com/properties/781675-sale/">http://www.jordantrotter.com/properties/781675-sale/</a>]]></description>
      <styleUrl>#Jordan_Trotter</styleUrl>
      <Point>
        <coordinates>-82.104565,33.4713928,0</coordinates>
      </Point>
    </Placemark>
    <Placemark>
      <name>1430 Flowing Wells Road, Augusta, GA  30909</name>
      <description><![CDATA[<b>Address:</b> 1430 Flowing Wells Road, Augusta, GA  30909, Augusta, GA 30909<br/><b>Type:</b> For Sale<br/><b>Status:</b> Active<br/><b>Property Type:</b> Retail<br/><b>Size:</b> 2.25 Acres<br/><b>Agent:</b> Wil Kacos<br/><b>Listing:</b> <a href="http://www.jordantrotter.com/properties/1430-flowing-wells-road-augusta-ga/">http://www.jordantrotter.com/properties/1430-flowing-wells-road-augusta-ga/</a>]]></description>
      <styleUrl>#Jordan_Trotter</styleUrl>
      <Point>
        <coordinates>-82.104565,33.4713928,0</coordinates>
      </Point>
    </Placemark>
    <Placemark>
      <name>146 Mason McKnight, Jr. Parkway, Augusta, GA  30907</name>
      <description><![CDATA[<b>Address:</b> 146 Mason McKnight, Jr. Parkway, Augusta, GA  30907, Augusta, GA 30907<br/><b>Type:</b> For Sale<br/><b>Status:</b> Active<br/><b>Property Type:</b> Retail-Pad<br/><b>Size:</b> 3.53 Acres<br/><b>Agent:</b> Parker Dye<br/><b>Listing:</b> <a href="http://www.jordantrotter.com/properties/?propertyId=970090-sale">http://www.jordantrotter.com/properties/?propertyId=970090-sale</a>]]></description>
      <styleUrl>#Jordan_Trotter</styleUrl>
      <Point>
        <coordinates>-82.10462299999999,33.4905885,0</coordinates>
      </Point>
    </Placemark>
    <Placemark>
      <name>146 Mason McKnight, Jr. Parkway, Augusta, GA  30907</name>
      <description><![CDATA[<b>Address:</b> 146 Mason McKnight, Jr. Parkway, Augusta, GA  30907, Augusta, GA 30907<br/><b>Type:</b> For Sale<br/><b>Status:</b> Active<br/><b>Property Type:</b> Retail-Pad<br/><b>Size:</b> 3.53 Acres<br/><b>Agent:</b> Parker Dye<br/><b>Listing:</b> <a href="http://www.jordantrotter.com/properties/970090-sale/">http://www.jordantrotter.com/properties/970090-sale/</a>]]></description>
      <styleUrl>#Jordan_Trotter</styleUrl>
      <Point>
        <coordinates>-82.10462299999999,33.4905885,0</coordinates>
      </Point>
    </Placemark>
    <Placemark>
      <name>146 Mason McKnight, Jr. Parkway, Augusta, GA  30907</name>
      <description><![CDATA[<b>Address:</b> 146 Mason McKnight, Jr. Parkway, Augusta, GA  30907, Augusta, GA 30907<br/><b>Type:</b> For Sale<br/><b>Status:</b> Active<br/><b>Property Type:</b> Retail-Pad<br/><b>Size:</b> 3.53 Acres<br/><b>Agent:</b> Parker Dye<br/><b>Listing:</b> <a href="http://www.jordantrotter.com/properties/146-mason-mcknight-jr-parkway-augusta-ga/">http://www.jordantrotter.com/properties/146-mason-mcknight-jr-parkway-augusta-ga/</a>]]></description>
      <styleUrl>#Jordan_Trotter</styleUrl>
      <Point>
        <coordinates>-82.10462299999999,33.4905885,0</coordinates>
      </Point>
    </Placemark>
    <Placemark>
      <name>1465 Reynolds St, Augusta, GA  30901</name>
      <description><![CDATA[<b>Address:</b> 1465 Reynolds St, Augusta, GA  30901, Augusta, GA 30901<br/><b>Type:</b> For Lease<br/><b>Status:</b> Active<br/><b>Property Type:</b> Free Standing Building<br/><b>Size:</b> 6,925 SF<br/><b>Agent:</b> Tripp Wilson<br/><b>Listing:</b> <a href="http://www.jordantrotter.com/properties/?propertyId=1538499-lease">http://www.jordantrotter.com/properties/?propertyId=1538499-lease</a>]]></description>
      <styleUrl>#Jordan_Trotter</styleUrl>
      <Point>
        <coordinates>-81.9797517,33.4819049,0</coordinates>
      </Point>
    </Placemark>
    <Placemark>
      <name>1465 Reynolds St, Augusta, GA  30901</name>
      <description><![CDATA[<b>Address:</b> 1465 Reynolds St, Augusta, GA  30901, Augusta, GA 30901<br/><b>Type:</b> For Lease<br/><b>Status:</b> Active<br/><b>Property Type:</b> Free Standing Building<br/><b>Size:</b> 6,925 SF<br/><b>Agent:</b> Tripp Wilson<br/><b>Listing:</b> <a href="http://www.jordantrotter.com/properties/1538499-lease/">http://www.jordantrotter.com/properties/1538499-lease/</a>]]></description>
      <styleUrl>#Jordan_Trotter</styleUrl>
      <Point>
        <coordinates>-81.9797517,33.4819049,0</coordinates>
      </Point>
    </Placemark>
    <Placemark>
      <name>1465 Reynolds St, Augusta, GA  30901</name>
      <description><![CDATA[<b>Address:</b> 1465 Reynolds St, Augusta, GA  30901, Augusta, GA 30901<br/><b>Type:</b> For Lease<br/><b>Status:</b> Active<br/><b>Property Type:</b> Free Standing Building<br/><b>Size:</b> 6,925 SF<br/><b>Agent:</b> Tripp Wilson<br/><b>Listing:</b> <a href="http://www.jordantrotter.com/properties/1464-reynolds-street-augusta-ga/">http://www.jordantrotter.com/properties/1464-reynolds-street-augusta-ga/</a>]]></description>
      <styleUrl>#Jordan_Trotter</styleUrl>
      <Point>
        <coordinates>-81.9797517,33.4819049,0</coordinates>
      </Point>
    </Placemark>
    <Placemark>
      <name>1499 Jordan Road, Augusta, GA  30904</name>
      <description><![CDATA[<b>Address:</b> 1499 Jordan Road, Augusta, GA  30904, Augusta, GA 30904<br/><b>Type:</b> For Sale<br/><b>Status:</b> Active<br/><b>Property Type:</b> Warehouse/Distribution<br/><b>Size:</b> 35,410 SF<br/><b>Agent:</b> Wil Kacos<br/><b>Listing:</b> <a href="http://www.jordantrotter.com/properties/?propertyId=1397990-sale">http://www.jordantrotter.com/properties/?propertyId=1397990-sale</a>]]></description>
      <styleUrl>#Jordan_Trotter</styleUrl>
      <Point>
        <coordinates>-82.0047197,33.4612213,0</coordinates>
      </Point>
    </Placemark>
    <Placemark>
      <name>1499 Jordan Road, Augusta, GA  30904</name>
      <description><![CDATA[<b>Address:</b> 1499 Jordan Road, Augusta, GA  30904, Augusta, GA 30904<br/><b>Type:</b> For Lease<br/><b>Status:</b> Active<br/><b>Property Type:</b> Warehouse/Distribution<br/><b>Size:</b> 35,410 SF<br/><b>Agent:</b> Wil Kacos<br/><b>Listing:</b> <a href="http://www.jordantrotter.com/properties/?propertyId=1397990-lease">http://www.jordantrotter.com/properties/?propertyId=1397990-lease</a>]]></description>
      <styleUrl>#Jordan_Trotter</styleUrl>
      <Point>
        <coordinates>-82.0047197,33.4612213,0</coordinates>
      </Point>
    </Placemark>
    <Placemark>
      <name>1499 Jordan Road, Augusta, GA  30904</name>
      <description><![CDATA[<b>Address:</b> 1499 Jordan Road, Augusta, GA  30904, Augusta, GA 30904<br/><b>Type:</b> For Sale<br/><b>Status:</b> Active<br/><b>Property Type:</b> Warehouse/Distribution<br/><b>Size:</b> 35,410 SF<br/><b>Agent:</b> Wil Kacos<br/><b>Listing:</b> <a href="http://www.jordantrotter.com/properties/1397990-sale/">http://www.jordantrotter.com/properties/1397990-sale/</a>]]></description>
      <styleUrl>#Jordan_Trotter</styleUrl>
      <Point>
        <coordinates>-82.0047197,33.4612213,0</coordinates>
      </Point>
    </Placemark>
    <Placemark>
      <name>1499 Jordan Road, Augusta, GA  30904</name>
      <description><![CDATA[<b>Address:</b> 1499 Jordan Road, Augusta, GA  30904, Augusta, GA 30904<br/><b>Type:</b> For Lease<br/><b>Status:</b> Active<br/><b>Property Type:</b> Warehouse/Distribution<br/><b>Size:</b> 35,410 SF<br/><b>Agent:</b> Wil Kacos<br/><b>Listing:</b> <a href="http://www.jordantrotter.com/properties/1397990-lease/">http://www.jordantrotter.com/properties/1397990-lease/</a>]]></description>
      <styleUrl>#Jordan_Trotter</styleUrl>
      <Point>
        <coordinates>-82.0047197,33.4612213,0</coordinates>
      </Point>
    </Placemark>
    <Placemark>
      <name>1499 Jordan Road, Augusta, GA  30904</name>
      <description><![CDATA[<b>Address:</b> 1499 Jordan Road, Augusta, GA  30904, Augusta, GA 30904<br/><b>Type:</b> For Sale<br/><b>Status:</b> Active<br/><b>Property Type:</b> Warehouse/Distribution<br/><b>Size:</b> 35,410 SF<br/><b>Agent:</b> Wil Kacos<br/><b>Listing:</b> <a href="http://www.jordantrotter.com/properties/1499-Jordan-Road-Augusta-GA/">http://www.jordantrotter.com/properties/1499-Jordan-Road-Augusta-GA/</a>]]></description>
      <styleUrl>#Jordan_Trotter</styleUrl>
      <Point>
        <coordinates>-82.0047197,33.4612213,0</coordinates>
      </Point>
    </Placemark>
    <Placemark>
      <name>1499 Jordan Road, Augusta, GA  30904</name>
      <description><![CDATA[<b>Address:</b> 1499 Jordan Road, Augusta, GA  30904, Augusta, GA 30904<br/><b>Type:</b> For Lease<br/><b>Status:</b> Active<br/><b>Property Type:</b> Warehouse/Distribution<br/><b>Size:</b> 35,410 SF<br/><b>Agent:</b> Wil Kacos<br/><b>Listing:</b> <a href="http://www.jordantrotter.com/properties/1499-jordan-road-augusta-lease/">http://www.jordantrotter.com/properties/1499-jordan-road-augusta-lease/</a>]]></description>
      <styleUrl>#Jordan_Trotter</styleUrl>
      <Point>
        <coordinates>-82.0047197,33.4612213,0</coordinates>
      </Point>
    </Placemark>
    <Placemark>
      <name>1515 Laney Walker Blvd, Augusta, GA  30904</name>
      <description><![CDATA[<b>Address:</b> 1515 Laney Walker Blvd, Augusta, GA  30904, Augusta, GA 30904<br/><b>Type:</b> For Lease<br/><b>Status:</b> Active<br/><b>Property Type:</b> Office Building<br/><b>Size:</b> 3,265 SF<br/><b>Agent:</b> Robert McCrary<br/><b>Listing:</b> <a href="http://www.jordantrotter.com/properties/?propertyId=1378322-lease">http://www.jordantrotter.com/properties/?propertyId=1378322-lease</a>]]></description>
      <styleUrl>#Jordan_Trotter</styleUrl>
      <Point>
        <coordinates>-81.9927235,33.4708931,0</coordinates>
      </Point>
    </Placemark>
    <Placemark>
      <name>1515 Laney Walker Blvd, Augusta, GA  30904</name>
      <description><![CDATA[<b>Address:</b> 1515 Laney Walker Blvd, Augusta, GA  30904, Augusta, GA 30904<br/><b>Type:</b> For Lease<br/><b>Status:</b> Active<br/><b>Property Type:</b> Office Building<br/><b>Size:</b> 3,265 SF<br/><b>Agent:</b> Robert McCrary<br/><b>Listing:</b> <a href="http://www.jordantrotter.com/properties/1378322-lease/">http://www.jordantrotter.com/properties/1378322-lease/</a>]]></description>
      <styleUrl>#Jordan_Trotter</styleUrl>
      <Point>
        <coordinates>-81.9927235,33.4708931,0</coordinates>
      </Point>
    </Placemark>
    <Placemark>
      <name>1515 Laney Walker Blvd, Augusta, GA  30904</name>
      <description><![CDATA[<b>Address:</b> 1515 Laney Walker Blvd, Augusta, GA  30904, Augusta, GA 30904<br/><b>Type:</b> For Lease<br/><b>Status:</b> Active<br/><b>Property Type:</b> Office Building<br/><b>Size:</b> 3,265 SF<br/><b>Agent:</b> Robert McCrary<br/><b>Listing:</b> <a href="http://www.jordantrotter.com/properties/1515-laney-walker-blvd-augusta-ga/">http://www.jordantrotter.com/properties/1515-laney-walker-blvd-augusta-ga/</a>]]></description>
      <styleUrl>#Jordan_Trotter</styleUrl>
      <Point>
        <coordinates>-81.9927235,33.4708931,0</coordinates>
      </Point>
    </Placemark>
    <Placemark>
      <name>1571 Walton Way, Augusta, GA  30904</name>
      <description><![CDATA[<b>Address:</b> 1571 Walton Way, Augusta, GA  30904, Augusta, GA 30904<br/><b>Type:</b> For Sale<br/><b>Status:</b> Active<br/><b>Property Type:</b> Office Building<br/><b>Size:</b> 1,664 SF<br/><b>Agent:</b> Charlie Davis<br/><b>Listing:</b> <a href="http://www.jordantrotter.com/properties/?propertyId=1383760-sale">http://www.jordantrotter.com/properties/?propertyId=1383760-sale</a>]]></description>
      <styleUrl>#Jordan_Trotter</styleUrl>
      <Point>
        <coordinates>-81.9919355,33.4756918,0</coordinates>
      </Point>
    </Placemark>
    <Placemark>
      <name>1571 Walton Way, Augusta, GA  30904</name>
      <description><![CDATA[<b>Address:</b> 1571 Walton Way, Augusta, GA  30904, Augusta, GA 30904<br/><b>Type:</b> For Sale<br/><b>Status:</b> Active<br/><b>Property Type:</b> Office Building<br/><b>Size:</b> 1,664 SF<br/><b>Agent:</b> Charlie Davis<br/><b>Listing:</b> <a href="http://www.jordantrotter.com/properties/1383760-sale/">http://www.jordantrotter.com/properties/1383760-sale/</a>]]></description>
      <styleUrl>#Jordan_Trotter</styleUrl>
      <Point>
        <coordinates>-81.9919355,33.4756918,0</coordinates>
      </Point>
    </Placemark>
    <Placemark>
      <name>1571 Walton Way, Augusta, GA  30904</name>
      <description><![CDATA[<b>Address:</b> 1571 Walton Way, Augusta, GA  30904, Augusta, GA 30904<br/><b>Type:</b> For Sale<br/><b>Status:</b> Active<br/><b>Property Type:</b> Office Building<br/><b>Size:</b> 1,664 SF<br/><b>Agent:</b> Charlie Davis<br/><b>Listing:</b> <a href="http://www.jordantrotter.com/properties/1571-Walton-Way-Augusta-GA/">http://www.jordantrotter.com/properties/1571-Walton-Way-Augusta-GA/</a>]]></description>
      <styleUrl>#Jordan_Trotter</styleUrl>
      <Point>
        <coordinates>-81.9919355,33.4756918,0</coordinates>
      </Point>
    </Placemark>
    <Placemark>
      <name>1649 Gordon Hwy, Augusta, GA  30906</name>
      <description><![CDATA[<b>Address:</b> 1649 Gordon Hwy, Augusta, GA  30906, Augusta, GA 30906<br/><b>Type:</b> For Sale<br/><b>Status:</b> Active<br/><b>Property Type:</b> Street Retail<br/><b>Size:</b> 31,927 SF<br/><b>Agent:</b> Wil Kacos<br/><b>Listing:</b> <a href="http://www.jordantrotter.com/properties/?propertyId=1302021-sale">http://www.jordantrotter.com/properties/?propertyId=1302021-sale</a>]]></description>
      <styleUrl>#Jordan_Trotter</styleUrl>
      <Point>
        <coordinates>-82.021192,33.439856,0</coordinates>
      </Point>
    </Placemark>
    <Placemark>
      <name>1649 Gordon Hwy, Augusta, GA  30906</name>
      <description><![CDATA[<b>Address:</b> 1649 Gordon Hwy, Augusta, GA  30906, Augusta, GA 30906<br/><b>Type:</b> For Sale<br/><b>Status:</b> Active<br/><b>Property Type:</b> Street Retail<br/><b>Size:</b> 31,927 SF<br/><b>Agent:</b> Wil Kacos<br/><b>Listing:</b> <a href="http://www.jordantrotter.com/properties/1302021-sale/">http://www.jordantrotter.com/properties/1302021-sale/</a>]]></description>
      <styleUrl>#Jordan_Trotter</styleUrl>
      <Point>
        <coordinates>-82.021192,33.439856,0</coordinates>
      </Point>
    </Placemark>
    <Placemark>
      <name>1649 Gordon Hwy, Augusta, GA  30906</name>
      <description><![CDATA[<b>Address:</b> 1649 Gordon Hwy, Augusta, GA  30906, Augusta, GA 30906<br/><b>Type:</b> For Sale<br/><b>Status:</b> Active<br/><b>Property Type:</b> Street Retail<br/><b>Size:</b> 31,927 SF<br/><b>Agent:</b> Wil Kacos<br/><b>Listing:</b> <a href="http://www.jordantrotter.com/properties/1649-Gordon-Highway-Augusta-GA/">http://www.jordantrotter.com/properties/1649-Gordon-Highway-Augusta-GA/</a>]]></description>
      <styleUrl>#Jordan_Trotter</styleUrl>
      <Point>
        <coordinates>-82.021192,33.439856,0</coordinates>
      </Point>
    </Placemark>
    <Placemark>
      <name>1693 Broad St, Augusta, GA  30904</name>
      <description><![CDATA[<b>Address:</b> 1693 Broad St, Augusta, GA  30904, Augusta, GA 30904<br/><b>Type:</b> For Lease<br/><b>Status:</b> Active<br/><b>Property Type:</b> Street Retail<br/><b>Size:</b> 1,400 - 12,000 SF<br/><b>Agent:</b> Charlie Davis<br/><b>Listing:</b> <a href="http://www.jordantrotter.com/properties/?propertyId=1354161-lease">http://www.jordantrotter.com/properties/?propertyId=1354161-lease</a>]]></description>
      <styleUrl>#Jordan_Trotter</styleUrl>
      <Point>
        <coordinates>-81.9902398,33.4833794,0</coordinates>
      </Point>
    </Placemark>
    <Placemark>
      <name>1693 Broad St, Augusta, GA  30904</name>
      <description><![CDATA[<b>Address:</b> 1693 Broad St, Augusta, GA  30904, Augusta, GA 30904<br/><b>Type:</b> For Lease<br/><b>Status:</b> Active<br/><b>Property Type:</b> Street Retail<br/><b>Size:</b> 1,400 - 12,000 SF<br/><b>Agent:</b> Charlie Davis<br/><b>Listing:</b> <a href="http://www.jordantrotter.com/properties/1354161-lease/">http://www.jordantrotter.com/properties/1354161-lease/</a>]]></description>
      <styleUrl>#Jordan_Trotter</styleUrl>
      <Point>
        <coordinates>-81.9902398,33.4833794,0</coordinates>
      </Point>
    </Placemark>
    <Placemark>
      <name>1693 Broad St, Augusta, GA  30904</name>
      <description><![CDATA[<b>Address:</b> 1693 Broad St, Augusta, GA  30904, Augusta, GA 30904<br/><b>Type:</b> For Lease<br/><b>Status:</b> Active<br/><b>Property Type:</b> Street Retail<br/><b>Size:</b> 1,400 - 12,000 SF<br/><b>Agent:</b> Charlie Davis<br/><b>Listing:</b> <a href="http://www.jordantrotter.com/properties/1693-Broad-Street-Augusta-GA/">http://www.jordantrotter.com/properties/1693-Broad-Street-Augusta-GA/</a>]]></description>
      <styleUrl>#Jordan_Trotter</styleUrl>
      <Point>
        <coordinates>-81.9902398,33.4833794,0</coordinates>
      </Point>
    </Placemark>
    <Placemark>
      <name>1736 &amp; 1738 Wylds Road, Augusta, GA  30909</name>
      <description><![CDATA[<b>Address:</b> 1736 &amp; 1738 Wylds Road, Augusta, GA  30909, Augusta, GA 30909<br/><b>Type:</b> For Lease<br/><b>Status:</b> Active<br/><b>Property Type:</b> Flex Space<br/><b>Size:</b> 3,200 SF<br/><b>Agent:</b> Mason Whatley<br/><b>Listing:</b> <a href="http://www.jordantrotter.com/properties/?propertyId=1605885-lease">http://www.jordantrotter.com/properties/?propertyId=1605885-lease</a>]]></description>
      <styleUrl>#Jordan_Trotter</styleUrl>
      <Point>
        <coordinates>-82.0732171,33.4588956,0</coordinates>
      </Point>
    </Placemark>
    <Placemark>
      <name>1736 &amp; 1738 Wylds Road, Augusta, GA  30909</name>
      <description><![CDATA[<b>Address:</b> 1736 &amp; 1738 Wylds Road, Augusta, GA  30909, Augusta, GA 30909<br/><b>Type:</b> For Lease<br/><b>Status:</b> Active<br/><b>Property Type:</b> Flex Space<br/><b>Size:</b> 3,200 SF<br/><b>Agent:</b> Mason Whatley<br/><b>Listing:</b> <a href="http://www.jordantrotter.com/properties/1605885-lease/">http://www.jordantrotter.com/properties/1605885-lease/</a>]]></description>
      <styleUrl>#Jordan_Trotter</styleUrl>
      <Point>
        <coordinates>-82.0732171,33.4588956,0</coordinates>
      </Point>
    </Placemark>
    <Placemark>
      <name>1736 &amp; 1738 Wylds Road, Augusta, GA  30909</name>
      <description><![CDATA[<b>Address:</b> 1736 &amp; 1738 Wylds Road, Augusta, GA  30909, Augusta, GA 30909<br/><b>Type:</b> For Lease<br/><b>Status:</b> Active<br/><b>Property Type:</b> Flex Space<br/><b>Size:</b> 3,200 SF<br/><b>Agent:</b> Mason Whatley<br/><b>Listing:</b> <a href="http://www.jordantrotter.com/properties/1736-1738-Wylds-Road/">http://www.jordantrotter.com/properties/1736-1738-Wylds-Road/</a>]]></description>
      <styleUrl>#Jordan_Trotter</styleUrl>
      <Point>
        <coordinates>-82.0732171,33.4588956,0</coordinates>
      </Point>
    </Placemark>
    <Placemark>
      <name>1789 15th St, Augusta, GA  30901</name>
      <description><![CDATA[<b>Address:</b> 1789 15th St, Augusta, GA  30901, Augusta, GA 30901<br/><b>Type:</b> For Sale<br/><b>Status:</b> Active<br/><b>Property Type:</b> Flex Space<br/><b>Size:</b> 31,784 SF<br/><b>Agent:</b> Tripp Wilson<br/><b>Listing:</b> <a href="http://www.jordantrotter.com/properties/?propertyId=1277471-sale">http://www.jordantrotter.com/properties/?propertyId=1277471-sale</a>]]></description>
      <styleUrl>#Jordan_Trotter</styleUrl>
      <Point>
        <coordinates>-82.00046809999999,33.4533489,0</coordinates>
      </Point>
    </Placemark>
    <Placemark>
      <name>1789 15th St, Augusta, GA  30901</name>
      <description><![CDATA[<b>Address:</b> 1789 15th St, Augusta, GA  30901, Augusta, GA 30901<br/><b>Type:</b> For Sale<br/><b>Status:</b> Active<br/><b>Property Type:</b> Flex Space<br/><b>Size:</b> 31,784 SF<br/><b>Agent:</b> Tripp Wilson<br/><b>Listing:</b> <a href="http://www.jordantrotter.com/properties/1277471-sale/">http://www.jordantrotter.com/properties/1277471-sale/</a>]]></description>
      <styleUrl>#Jordan_Trotter</styleUrl>
      <Point>
        <coordinates>-82.00046809999999,33.4533489,0</coordinates>
      </Point>
    </Placemark>
    <Placemark>
      <name>1789 15th St, Augusta, GA  30901</name>
      <description><![CDATA[<b>Address:</b> 1789 15th St, Augusta, GA  30901, Augusta, GA 30901<br/><b>Type:</b> For Sale<br/><b>Status:</b> Active<br/><b>Property Type:</b> Flex Space<br/><b>Size:</b> 31,784 SF<br/><b>Agent:</b> Tripp Wilson<br/><b>Listing:</b> <a href="http://www.jordantrotter.com/properties/1789-15th-street-augusta-ga/">http://www.jordantrotter.com/properties/1789-15th-street-augusta-ga/</a>]]></description>
      <styleUrl>#Jordan_Trotter</styleUrl>
      <Point>
        <coordinates>-82.00046809999999,33.4533489,0</coordinates>
      </Point>
    </Placemark>
    <Placemark>
      <name>1924 Barton Chapel Road, Augusta, GA  30909</name>
      <description><![CDATA[<b>Address:</b> 1924 Barton Chapel Road, Augusta, GA  30909, Augusta, GA 30909<br/><b>Type:</b> For Lease<br/><b>Status:</b> Active<br/><b>Property Type:</b> Retail<br/><b>Size:</b> 5.66 Acres<br/><b>Agent:</b> Holton Brinson<br/><b>Listing:</b> <a href="http://www.jordantrotter.com/properties/?propertyId=132630-lease">http://www.jordantrotter.com/properties/?propertyId=132630-lease</a>]]></description>
      <styleUrl>#Jordan_Trotter</styleUrl>
      <Point>
        <coordinates>-82.084525,33.44887,0</coordinates>
      </Point>
    </Placemark>
    <Placemark>
      <name>1924 Barton Chapel Road, Augusta, GA  30909</name>
      <description><![CDATA[<b>Address:</b> 1924 Barton Chapel Road, Augusta, GA  30909, Augusta, GA 30909<br/><b>Type:</b> For Lease<br/><b>Status:</b> Active<br/><b>Property Type:</b> Retail<br/><b>Size:</b> 5.66 Acres<br/><b>Agent:</b> Holton Brinson<br/><b>Listing:</b> <a href="http://www.jordantrotter.com/properties/132630-lease/">http://www.jordantrotter.com/properties/132630-lease/</a>]]></description>
      <styleUrl>#Jordan_Trotter</styleUrl>
      <Point>
        <coordinates>-82.084525,33.44887,0</coordinates>
      </Point>
    </Placemark>
    <Placemark>
      <name>1924 Barton Chapel Road, Augusta, GA  30909</name>
      <description><![CDATA[<b>Address:</b> 1924 Barton Chapel Road, Augusta, GA  30909, Augusta, GA 30909<br/><b>Type:</b> For Lease<br/><b>Status:</b> Active<br/><b>Property Type:</b> Retail<br/><b>Size:</b> 5.66 Acres<br/><b>Agent:</b> Holton Brinson<br/><b>Listing:</b> <a href="http://www.jordantrotter.com/properties/1924-barton-chapel-road-augusta-ga/">http://www.jordantrotter.com/properties/1924-barton-chapel-road-augusta-ga/</a>]]></description>
      <styleUrl>#Jordan_Trotter</styleUrl>
      <Point>
        <coordinates>-82.084525,33.44887,0</coordinates>
      </Point>
    </Placemark>
    <Placemark>
      <name>1944 Walton Way, Augusta, GA  30904</name>
      <description><![CDATA[<b>Address:</b> 1944 Walton Way, Augusta, GA  30904, Augusta, GA 30904<br/><b>Type:</b> For Lease<br/><b>Status:</b> Active<br/><b>Property Type:</b> Strip Center<br/><b>Size:</b> 1,080 SF<br/><b>Agent:</b> Charlie Davis<br/><b>Listing:</b> <a href="http://www.jordantrotter.com/properties/?propertyId=129879-lease">http://www.jordantrotter.com/properties/?propertyId=129879-lease</a>]]></description>
      <styleUrl>#Jordan_Trotter</styleUrl>
      <Point>
        <coordinates>-82.0031163,33.4753929,0</coordinates>
      </Point>
    </Placemark>
    <Placemark>
      <name>1944 Walton Way, Augusta, GA  30904</name>
      <description><![CDATA[<b>Address:</b> 1944 Walton Way, Augusta, GA  30904, Augusta, GA 30904<br/><b>Type:</b> For Lease<br/><b>Status:</b> Active<br/><b>Property Type:</b> Strip Center<br/><b>Size:</b> 1,080 SF<br/><b>Agent:</b> Charlie Davis<br/><b>Listing:</b> <a href="http://www.jordantrotter.com/properties/129879-lease/">http://www.jordantrotter.com/properties/129879-lease/</a>]]></description>
      <styleUrl>#Jordan_Trotter</styleUrl>
      <Point>
        <coordinates>-82.0031163,33.4753929,0</coordinates>
      </Point>
    </Placemark>
    <Placemark>
      <name>1944 Walton Way, Augusta, GA  30904</name>
      <description><![CDATA[<b>Address:</b> 1944 Walton Way, Augusta, GA  30904, Augusta, GA 30904<br/><b>Type:</b> For Sale<br/><b>Status:</b> Active<br/><b>Property Type:</b> Street Retail<br/><b>Size:</b> 14,370 SF<br/><b>Agent:</b> Holton Brinson<br/><b>Listing:</b> <a href="http://www.jordantrotter.com/properties/1944-walton-way-augusta-sale/">http://www.jordantrotter.com/properties/1944-walton-way-augusta-sale/</a>]]></description>
      <styleUrl>#Jordan_Trotter</styleUrl>
      <Point>
        <coordinates>-82.0031163,33.4753929,0</coordinates>
      </Point>
    </Placemark>
    <Placemark>
      <name>1944 Walton Way, Augusta, GA  30904</name>
      <description><![CDATA[<b>Address:</b> 1944 Walton Way, Augusta, GA  30904, Augusta, GA 30904<br/><b>Type:</b> For Lease<br/><b>Status:</b> Active<br/><b>Property Type:</b> Strip Center<br/><b>Size:</b> 1,080 SF<br/><b>Agent:</b> Charlie Davis<br/><b>Listing:</b> <a href="http://www.jordantrotter.com/properties/1944-Walton-Way-Augusta-GA/">http://www.jordantrotter.com/properties/1944-Walton-Way-Augusta-GA/</a>]]></description>
      <styleUrl>#Jordan_Trotter</styleUrl>
      <Point>
        <coordinates>-82.0031163,33.4753929,0</coordinates>
      </Point>
    </Placemark>
    <Placemark>
      <name>2020 Highland Avenue, Augusta, GA  30904</name>
      <description><![CDATA[<b>Address:</b> 2020 Highland Avenue, Augusta, GA  30904, Augusta, GA 30904<br/><b>Type:</b> For Sale<br/><b>Status:</b> Active<br/><b>Property Type:</b> Church<br/><b>Size:</b> 5,236 SF<br/><b>Agent:</b> Mason Whatley<br/><b>Listing:</b> <a href="http://www.jordantrotter.com/properties/?propertyId=1630700-sale">http://www.jordantrotter.com/properties/?propertyId=1630700-sale</a>]]></description>
      <styleUrl>#Jordan_Trotter</styleUrl>
      <Point>
        <coordinates>-82.04254879999999,33.4569211,0</coordinates>
      </Point>
    </Placemark>
    <Placemark>
      <name>2020 Highland Avenue, Augusta, GA  30904</name>
      <description><![CDATA[<b>Address:</b> 2020 Highland Avenue, Augusta, GA  30904, Augusta, GA 30904<br/><b>Type:</b> For Sale<br/><b>Status:</b> Active<br/><b>Property Type:</b> Church<br/><b>Size:</b> 5,236 SF<br/><b>Agent:</b> Mason Whatley<br/><b>Listing:</b> <a href="http://www.jordantrotter.com/properties/1630700-sale/">http://www.jordantrotter.com/properties/1630700-sale/</a>]]></description>
      <styleUrl>#Jordan_Trotter</styleUrl>
      <Point>
        <coordinates>-82.04254879999999,33.4569211,0</coordinates>
      </Point>
    </Placemark>
    <Placemark>
      <name>2020 Highland Avenue, Augusta, GA  30904</name>
      <description><![CDATA[<b>Address:</b> 2020 Highland Avenue, Augusta, GA  30904, Augusta, GA 30904<br/><b>Type:</b> For Sale<br/><b>Status:</b> Active<br/><b>Property Type:</b> Church<br/><b>Size:</b> 5,236 SF<br/><b>Agent:</b> Mason Whatley<br/><b>Listing:</b> <a href="http://www.jordantrotter.com/properties/2020-Highland-Avenue-Augusta-GA/">http://www.jordantrotter.com/properties/2020-Highland-Avenue-Augusta-GA/</a>]]></description>
      <styleUrl>#Jordan_Trotter</styleUrl>
      <Point>
        <coordinates>-82.04254879999999,33.4569211,0</coordinates>
      </Point>
    </Placemark>
    <Placemark>
      <name>203 Frazier Court, Augusta, GA  30909</name>
      <description><![CDATA[<b>Address:</b> 203 Frazier Court, Augusta, GA  30909, Augusta, GA 30909<br/><b>Type:</b> For Sale<br/><b>Status:</b> Active<br/><b>Property Type:</b> Multifamily<br/><b>Size:</b> 7.78 Acres<br/><b>Agent:</b> Tripp Wilson<br/><b>Listing:</b> <a href="http://www.jordantrotter.com/properties/?propertyId=155954-sale">http://www.jordantrotter.com/properties/?propertyId=155954-sale</a>]]></description>
      <styleUrl>#Jordan_Trotter</styleUrl>
      <Point>
        <coordinates>-82.1045971,33.4817138,0</coordinates>
      </Point>
    </Placemark>
    <Placemark>
      <name>203 Frazier Court, Augusta, GA  30909</name>
      <description><![CDATA[<b>Address:</b> 203 Frazier Court, Augusta, GA  30909, Augusta, GA 30909<br/><b>Type:</b> For Sale<br/><b>Status:</b> Active<br/><b>Property Type:</b> Multifamily<br/><b>Size:</b> 7.78 Acres<br/><b>Agent:</b> Tripp Wilson<br/><b>Listing:</b> <a href="http://www.jordantrotter.com/properties/155954-sale/">http://www.jordantrotter.com/properties/155954-sale/</a>]]></description>
      <styleUrl>#Jordan_Trotter</styleUrl>
      <Point>
        <coordinates>-82.1045971,33.4817138,0</coordinates>
      </Point>
    </Placemark>
    <Placemark>
      <name>203 Frazier Court, Augusta, GA  30909</name>
      <description><![CDATA[<b>Address:</b> 203 Frazier Court, Augusta, GA  30909, Augusta, GA 30909<br/><b>Type:</b> For Sale<br/><b>Status:</b> Active<br/><b>Property Type:</b> Multifamily<br/><b>Size:</b> 7.78 Acres<br/><b>Agent:</b> Tripp Wilson<br/><b>Listing:</b> <a href="http://www.jordantrotter.com/properties/203-frazier-court-augusta-ga-30909/">http://www.jordantrotter.com/properties/203-frazier-court-augusta-ga-30909/</a>]]></description>
      <styleUrl>#Jordan_Trotter</styleUrl>
      <Point>
        <coordinates>-82.1045971,33.4817138,0</coordinates>
      </Point>
    </Placemark>
    <Placemark>
      <name>203 Frazier Ct, Augusta, GA  30909</name>
      <description><![CDATA[<b>Address:</b> 203 Frazier Ct, Augusta, GA  30909, Augusta, GA 30909<br/><b>Type:</b> For Sale<br/><b>Status:</b> Active<br/><b>Property Type:</b> Office<br/><b>Size:</b> 7.7 Acres<br/><b>Agent:</b> Tripp Wilson<br/><b>Listing:</b> <a href="http://www.jordantrotter.com/properties/?propertyId=1484786-sale">http://www.jordantrotter.com/properties/?propertyId=1484786-sale</a>]]></description>
      <styleUrl>#Jordan_Trotter</styleUrl>
      <Point>
        <coordinates>-82.10440299999999,33.48048199999999,0</coordinates>
      </Point>
    </Placemark>
    <Placemark>
      <name>203 Frazier Ct, Augusta, GA  30909</name>
      <description><![CDATA[<b>Address:</b> 203 Frazier Ct, Augusta, GA  30909, Augusta, GA 30909<br/><b>Type:</b> For Sale<br/><b>Status:</b> Active<br/><b>Property Type:</b> Office<br/><b>Size:</b> 7.7 Acres<br/><b>Agent:</b> Tripp Wilson<br/><b>Listing:</b> <a href="http://www.jordantrotter.com/properties/1484786-sale/">http://www.jordantrotter.com/properties/1484786-sale/</a>]]></description>
      <styleUrl>#Jordan_Trotter</styleUrl>
      <Point>
        <coordinates>-82.10440299999999,33.48048199999999,0</coordinates>
      </Point>
    </Placemark>
    <Placemark>
      <name>203 Frazier Ct, Augusta, GA  30909</name>
      <description><![CDATA[<b>Address:</b> 203 Frazier Ct, Augusta, GA  30909, Augusta, GA 30909<br/><b>Type:</b> For Sale<br/><b>Status:</b> Active<br/><b>Property Type:</b> Office<br/><b>Size:</b> 7.7 Acres<br/><b>Agent:</b> Tripp Wilson<br/><b>Listing:</b> <a href="http://www.jordantrotter.com/properties/203-Frazier-Court-Augusta-GA/">http://www.jordantrotter.com/properties/203-Frazier-Court-Augusta-GA/</a>]]></description>
      <styleUrl>#Jordan_Trotter</styleUrl>
      <Point>
        <coordinates>-82.10440299999999,33.48048199999999,0</coordinates>
      </Point>
    </Placemark>
    <Placemark>
      <name>2034 Broad Street, Augusta, GA  30904</name>
      <description><![CDATA[<b>Address:</b> 2034 Broad Street, Augusta, GA  30904, Augusta, GA 30904<br/><b>Type:</b> For Sale<br/><b>Status:</b> Active<br/><b>Property Type:</b> Free Standing Building<br/><b>Size:</b> 8,700 SF<br/><b>Agent:</b> Robert McCrary<br/><b>Listing:</b> <a href="http://www.jordantrotter.com/properties/?propertyId=1584526-sale">http://www.jordantrotter.com/properties/?propertyId=1584526-sale</a>]]></description>
      <styleUrl>#Jordan_Trotter</styleUrl>
      <Point>
        <coordinates>-82.00078189999999,33.4866281,0</coordinates>
      </Point>
    </Placemark>
    <Placemark>
      <name>2034 Broad Street, Augusta, GA  30904</name>
      <description><![CDATA[<b>Address:</b> 2034 Broad Street, Augusta, GA  30904, Augusta, GA 30904<br/><b>Type:</b> For Sale<br/><b>Status:</b> Active<br/><b>Property Type:</b> Free Standing Building<br/><b>Size:</b> 8,700 SF<br/><b>Agent:</b> Robert McCrary<br/><b>Listing:</b> <a href="http://www.jordantrotter.com/properties/1584526-sale/">http://www.jordantrotter.com/properties/1584526-sale/</a>]]></description>
      <styleUrl>#Jordan_Trotter</styleUrl>
      <Point>
        <coordinates>-82.00078189999999,33.4866281,0</coordinates>
      </Point>
    </Placemark>
    <Placemark>
      <name>2034 Broad Street, Augusta, GA  30904</name>
      <description><![CDATA[<b>Address:</b> 2034 Broad Street, Augusta, GA  30904, Augusta, GA 30904<br/><b>Type:</b> For Sale<br/><b>Status:</b> Active<br/><b>Property Type:</b> Free Standing Building<br/><b>Size:</b> 8,700 SF<br/><b>Agent:</b> Robert McCrary<br/><b>Listing:</b> <a href="http://www.jordantrotter.com/properties/2034-Broad-Street-Augusta-GA/">http://www.jordantrotter.com/properties/2034-Broad-Street-Augusta-GA/</a>]]></description>
      <styleUrl>#Jordan_Trotter</styleUrl>
      <Point>
        <coordinates>-82.00078189999999,33.4866281,0</coordinates>
      </Point>
    </Placemark>
    <Placemark>
      <name>2038 Lumpkin Road, Augusta, GA  30906</name>
      <description><![CDATA[<b>Address:</b> 2038 Lumpkin Road, Augusta, GA  30906, Augusta, GA 30906<br/><b>Type:</b> For Sale<br/><b>Status:</b> Active<br/><b>Property Type:</b> Flex Space<br/><b>Size:</b> 7,915 SF<br/><b>Agent:</b> Liam Welch<br/><b>Listing:</b> <a href="http://www.jordantrotter.com/properties/?propertyId=1611470-sale">http://www.jordantrotter.com/properties/?propertyId=1611470-sale</a>]]></description>
      <styleUrl>#Jordan_Trotter</styleUrl>
      <Point>
        <coordinates>-82.01974899999999,33.4179411,0</coordinates>
      </Point>
    </Placemark>
    <Placemark>
      <name>2038 Lumpkin Road, Augusta, GA  30906</name>
      <description><![CDATA[<b>Address:</b> 2038 Lumpkin Road, Augusta, GA  30906, Augusta, GA 30906<br/><b>Type:</b> For Sale<br/><b>Status:</b> Active<br/><b>Property Type:</b> Flex Space<br/><b>Size:</b> 7,915 SF<br/><b>Agent:</b> Liam Welch<br/><b>Listing:</b> <a href="http://www.jordantrotter.com/properties/1611470-sale/">http://www.jordantrotter.com/properties/1611470-sale/</a>]]></description>
      <styleUrl>#Jordan_Trotter</styleUrl>
      <Point>
        <coordinates>-82.01974899999999,33.4179411,0</coordinates>
      </Point>
    </Placemark>
    <Placemark>
      <name>2038 Lumpkin Road, Augusta, GA  30906</name>
      <description><![CDATA[<b>Address:</b> 2038 Lumpkin Road, Augusta, GA  30906, Augusta, GA 30906<br/><b>Type:</b> For Sale<br/><b>Status:</b> Active<br/><b>Property Type:</b> Flex Space<br/><b>Size:</b> 7,915 SF<br/><b>Agent:</b> Liam Welch<br/><b>Listing:</b> <a href="http://www.jordantrotter.com/properties/2038-Lumpkin-Road/">http://www.jordantrotter.com/properties/2038-Lumpkin-Road/</a>]]></description>
      <styleUrl>#Jordan_Trotter</styleUrl>
      <Point>
        <coordinates>-82.01974899999999,33.4179411,0</coordinates>
      </Point>
    </Placemark>
    <Placemark>
      <name>204 Pitcarin Way, Augusta, GA  30909</name>
      <description><![CDATA[<b>Address:</b> 204 Pitcarin Way, Augusta, GA  30909, Augusta, GA 30909<br/><b>Type:</b> For Lease<br/><b>Status:</b> Active<br/><b>Property Type:</b> Office Building<br/><b>Size:</b> 2,100 SF<br/><b>Agent:</b> Parker Dye<br/><b>Listing:</b> <a href="http://www.jordantrotter.com/properties/?propertyId=1130264-lease">http://www.jordantrotter.com/properties/?propertyId=1130264-lease</a>]]></description>
      <styleUrl>#Jordan_Trotter</styleUrl>
      <Point>
        <coordinates>-82.0866511,33.4878322,0</coordinates>
      </Point>
    </Placemark>
    <Placemark>
      <name>204 Pitcarin Way, Augusta, GA  30909</name>
      <description><![CDATA[<b>Address:</b> 204 Pitcarin Way, Augusta, GA  30909, Augusta, GA 30909<br/><b>Type:</b> For Lease<br/><b>Status:</b> Active<br/><b>Property Type:</b> Office Building<br/><b>Size:</b> 2,100 SF<br/><b>Agent:</b> Parker Dye<br/><b>Listing:</b> <a href="http://www.jordantrotter.com/properties/1130264-lease/">http://www.jordantrotter.com/properties/1130264-lease/</a>]]></description>
      <styleUrl>#Jordan_Trotter</styleUrl>
      <Point>
        <coordinates>-82.0866511,33.4878322,0</coordinates>
      </Point>
    </Placemark>
    <Placemark>
      <name>204 Pitcarin Way, Augusta, GA  30909</name>
      <description><![CDATA[<b>Address:</b> 204 Pitcarin Way, Augusta, GA  30909, Augusta, GA 30909<br/><b>Type:</b> For Lease<br/><b>Status:</b> Active<br/><b>Property Type:</b> Office Building<br/><b>Size:</b> 2,100 SF<br/><b>Agent:</b> Parker Dye<br/><b>Listing:</b> <a href="http://www.jordantrotter.com/properties/204-Pitcarin-Way-Augusta-GA/">http://www.jordantrotter.com/properties/204-Pitcarin-Way-Augusta-GA/</a>]]></description>
      <styleUrl>#Jordan_Trotter</styleUrl>
      <Point>
        <coordinates>-82.0866511,33.4878322,0</coordinates>
      </Point>
    </Placemark>
    <Placemark>
      <name>2058 Gordon Hwy, Augusta, GA  30909</name>
      <description><![CDATA[<b>Address:</b> 2058 Gordon Hwy, Augusta, GA  30909, Augusta, GA 30909<br/><b>Type:</b> For Lease<br/><b>Status:</b> Active<br/><b>Property Type:</b> Free Standing Building<br/><b>Size:</b> 7,845 SF<br/><b>Agent:</b> Ryan Martin<br/><b>Listing:</b> <a href="http://www.jordantrotter.com/properties/?propertyId=1541630-lease">http://www.jordantrotter.com/properties/?propertyId=1541630-lease</a>]]></description>
      <styleUrl>#Jordan_Trotter</styleUrl>
      <Point>
        <coordinates>-82.0626431,33.4510491,0</coordinates>
      </Point>
    </Placemark>
    <Placemark>
      <name>2058 Gordon Hwy, Augusta, GA  30909</name>
      <description><![CDATA[<b>Address:</b> 2058 Gordon Hwy, Augusta, GA  30909, Augusta, GA 30909<br/><b>Type:</b> For Lease<br/><b>Status:</b> Active<br/><b>Property Type:</b> Free Standing Building<br/><b>Size:</b> 7,845 SF<br/><b>Agent:</b> Ryan Martin<br/><b>Listing:</b> <a href="http://www.jordantrotter.com/properties/1541630-lease/">http://www.jordantrotter.com/properties/1541630-lease/</a>]]></description>
      <styleUrl>#Jordan_Trotter</styleUrl>
      <Point>
        <coordinates>-82.0626431,33.4510491,0</coordinates>
      </Point>
    </Placemark>
    <Placemark>
      <name>2058 Gordon Hwy, Augusta, GA  30909</name>
      <description><![CDATA[<b>Address:</b> 2058 Gordon Hwy, Augusta, GA  30909, Augusta, GA 30909<br/><b>Type:</b> For Lease<br/><b>Status:</b> Active<br/><b>Property Type:</b> Free Standing Building<br/><b>Size:</b> 7,845 SF<br/><b>Agent:</b> Ryan Martin<br/><b>Listing:</b> <a href="http://www.jordantrotter.com/properties/2058-gordon-hwy-augusta-lease/">http://www.jordantrotter.com/properties/2058-gordon-hwy-augusta-lease/</a>]]></description>
      <styleUrl>#Jordan_Trotter</styleUrl>
      <Point>
        <coordinates>-82.0626431,33.4510491,0</coordinates>
      </Point>
    </Placemark>
    <Placemark>
      <name>2061 Broad St, Augusta, GA  30904</name>
      <description><![CDATA[<b>Address:</b> 2061 Broad St, Augusta, GA  30904, Augusta, GA 30904<br/><b>Type:</b> For Lease<br/><b>Status:</b> Active<br/><b>Property Type:</b> Flex Space<br/><b>Size:</b> 6,700 SF<br/><b>Agent:</b> Charlie Davis<br/><b>Listing:</b> <a href="http://www.jordantrotter.com/properties/?propertyId=1385513-lease">http://www.jordantrotter.com/properties/?propertyId=1385513-lease</a>]]></description>
      <styleUrl>#Jordan_Trotter</styleUrl>
      <Point>
        <coordinates>-82.0020856,33.4876648,0</coordinates>
      </Point>
    </Placemark>
    <Placemark>
      <name>2061 Broad St, Augusta, GA  30904</name>
      <description><![CDATA[<b>Address:</b> 2061 Broad St, Augusta, GA  30904, Augusta, GA 30904<br/><b>Type:</b> For Lease<br/><b>Status:</b> Active<br/><b>Property Type:</b> Flex Space<br/><b>Size:</b> 6,700 SF<br/><b>Agent:</b> Charlie Davis<br/><b>Listing:</b> <a href="http://www.jordantrotter.com/properties/1385513-lease/">http://www.jordantrotter.com/properties/1385513-lease/</a>]]></description>
      <styleUrl>#Jordan_Trotter</styleUrl>
      <Point>
        <coordinates>-82.0020856,33.4876648,0</coordinates>
      </Point>
    </Placemark>
    <Placemark>
      <name>2061 Broad St, Augusta, GA  30904</name>
      <description><![CDATA[<b>Address:</b> 2061 Broad St, Augusta, GA  30904, Augusta, GA 30904<br/><b>Type:</b> For Lease<br/><b>Status:</b> Active<br/><b>Property Type:</b> Flex Space<br/><b>Size:</b> 6,700 SF<br/><b>Agent:</b> Charlie Davis<br/><b>Listing:</b> <a href="http://www.jordantrotter.com/properties/2061-Broad-Street-Augusta-GA/">http://www.jordantrotter.com/properties/2061-Broad-Street-Augusta-GA/</a>]]></description>
      <styleUrl>#Jordan_Trotter</styleUrl>
      <Point>
        <coordinates>-82.0020856,33.4876648,0</coordinates>
      </Point>
    </Placemark>
    <Placemark>
      <name>208 Pitcarin Way, Suite A, Augusta, GA  30909</name>
      <description><![CDATA[<b>Address:</b> 208 Pitcarin Way, Suite A, Augusta, GA  30909, Augusta, GA 30909<br/><b>Type:</b> For Lease<br/><b>Status:</b> Active<br/><b>Property Type:</b> Office Building<br/><b>Size:</b> 1,000 SF<br/><b>Agent:</b> Parker Dye<br/><b>Listing:</b> <a href="http://www.jordantrotter.com/properties/?propertyId=1573658-lease">http://www.jordantrotter.com/properties/?propertyId=1573658-lease</a>]]></description>
      <styleUrl>#Jordan_Trotter</styleUrl>
      <Point>
        <coordinates>-82.0873743,33.4879654,0</coordinates>
      </Point>
    </Placemark>
    <Placemark>
      <name>208 Pitcarin Way, Suite A, Augusta, GA  30909</name>
      <description><![CDATA[<b>Address:</b> 208 Pitcarin Way, Suite A, Augusta, GA  30909, Augusta, GA 30909<br/><b>Type:</b> For Lease<br/><b>Status:</b> Active<br/><b>Property Type:</b> Office Building<br/><b>Size:</b> 1,000 SF<br/><b>Agent:</b> Parker Dye<br/><b>Listing:</b> <a href="http://www.jordantrotter.com/properties/1573658-lease/">http://www.jordantrotter.com/properties/1573658-lease/</a>]]></description>
      <styleUrl>#Jordan_Trotter</styleUrl>
      <Point>
        <coordinates>-82.0873743,33.4879654,0</coordinates>
      </Point>
    </Placemark>
    <Placemark>
      <name>208 Pitcarin Way, Suite A, Augusta, GA  30909</name>
      <description><![CDATA[<b>Address:</b> 208 Pitcarin Way, Suite A, Augusta, GA  30909, Augusta, GA 30909<br/><b>Type:</b> For Lease<br/><b>Status:</b> Active<br/><b>Property Type:</b> Office Building<br/><b>Size:</b> 1,000 SF<br/><b>Agent:</b> Parker Dye<br/><b>Listing:</b> <a href="http://www.jordantrotter.com/properties/208-Pitcarin-Way/">http://www.jordantrotter.com/properties/208-Pitcarin-Way/</a>]]></description>
      <styleUrl>#Jordan_Trotter</styleUrl>
      <Point>
        <coordinates>-82.0873743,33.4879654,0</coordinates>
      </Point>
    </Placemark>
    <Placemark>
      <name>208 Pitcarin Way, Suite B, Augusta, GA  30909</name>
      <description><![CDATA[<b>Address:</b> 208 Pitcarin Way, Suite B, Augusta, GA  30909, Augusta, GA 30909<br/><b>Type:</b> For Lease<br/><b>Status:</b> Active<br/><b>Property Type:</b> Office Building<br/><b>Size:</b> 1,000 SF<br/><b>Agent:</b> Parker Dye<br/><b>Listing:</b> <a href="http://www.jordantrotter.com/properties/?propertyId=1617792-lease">http://www.jordantrotter.com/properties/?propertyId=1617792-lease</a>]]></description>
      <styleUrl>#Jordan_Trotter</styleUrl>
      <Point>
        <coordinates>-82.0873743,33.4879654,0</coordinates>
      </Point>
    </Placemark>
    <Placemark>
      <name>208 Pitcarin Way, Suite B, Augusta, GA  30909</name>
      <description><![CDATA[<b>Address:</b> 208 Pitcarin Way, Suite B, Augusta, GA  30909, Augusta, GA 30909<br/><b>Type:</b> For Lease<br/><b>Status:</b> Active<br/><b>Property Type:</b> Office Building<br/><b>Size:</b> 1,000 SF<br/><b>Agent:</b> Parker Dye<br/><b>Listing:</b> <a href="http://www.jordantrotter.com/properties/1617792-lease/">http://www.jordantrotter.com/properties/1617792-lease/</a>]]></description>
      <styleUrl>#Jordan_Trotter</styleUrl>
      <Point>
        <coordinates>-82.0873743,33.4879654,0</coordinates>
      </Point>
    </Placemark>
    <Placemark>
      <name>208 Pitcarin Way, Suite B, Augusta, GA  30909</name>
      <description><![CDATA[<b>Address:</b> 208 Pitcarin Way, Suite B, Augusta, GA  30909, Augusta, GA 30909<br/><b>Type:</b> For Lease<br/><b>Status:</b> Active<br/><b>Property Type:</b> Office Building<br/><b>Size:</b> 1,000 SF<br/><b>Agent:</b> Parker Dye<br/><b>Listing:</b> <a href="http://www.jordantrotter.com/properties/208-Pitcarin-Way-Suite-B-Augusta-GA/">http://www.jordantrotter.com/properties/208-Pitcarin-Way-Suite-B-Augusta-GA/</a>]]></description>
      <styleUrl>#Jordan_Trotter</styleUrl>
      <Point>
        <coordinates>-82.0873743,33.4879654,0</coordinates>
      </Point>
    </Placemark>
    <Placemark>
      <name>211 Pleasant Home Road Bldg C , Augusta, GA  30907</name>
      <description><![CDATA[<b>Address:</b> 211 Pleasant Home Road Bldg C , Augusta, GA  30907, Augusta, GA 30907<br/><b>Type:</b> For Lease<br/><b>Status:</b> Active<br/><b>Property Type:</b> Office Building<br/><b>Size:</b> 474 SF<br/><b>Agent:</b> Parker Dye<br/><b>Listing:</b> <a href="http://www.jordantrotter.com/properties/?propertyId=1388598-lease">http://www.jordantrotter.com/properties/?propertyId=1388598-lease</a>]]></description>
      <styleUrl>#Jordan_Trotter</styleUrl>
      <Point>
        <coordinates>-82.071536,33.512141,0</coordinates>
      </Point>
    </Placemark>
    <Placemark>
      <name>211 Sand Bar Ferry Rd, Augusta, GA  30901</name>
      <description><![CDATA[<b>Address:</b> 211 Sand Bar Ferry Rd, Augusta, GA  30901, Augusta, GA 30901<br/><b>Type:</b> For Lease<br/><b>Status:</b> Active<br/><b>Property Type:</b> Flex Space<br/><b>Size:</b> 7,990 SF<br/><b>Agent:</b> Charlie Davis<br/><b>Listing:</b> <a href="http://www.jordantrotter.com/properties/211-sand-bar-ferry-rd-augusta-lease/">http://www.jordantrotter.com/properties/211-sand-bar-ferry-rd-augusta-lease/</a>]]></description>
      <styleUrl>#Jordan_Trotter</styleUrl>
      <Point>
        <coordinates>-81.9428688,33.4650943,0</coordinates>
      </Point>
    </Placemark>
    <Placemark>
      <name>2121 Martin Luther King Jr Blvd, Augusta, GA  30909</name>
      <description><![CDATA[<b>Address:</b> 2121 Martin Luther King Jr Blvd, Augusta, GA  30909, Augusta, GA 30909<br/><b>Type:</b> For Sale<br/><b>Status:</b> Active<br/><b>Property Type:</b> Street Retail<br/><b>Size:</b> 1,361 SF<br/><b>Agent:</b> Ryan Martin<br/><b>Listing:</b> <a href="http://www.jordantrotter.com/properties/?propertyId=1513007-sale">http://www.jordantrotter.com/properties/?propertyId=1513007-sale</a>]]></description>
      <styleUrl>#Jordan_Trotter</styleUrl>
      <Point>
        <coordinates>-81.9987634,33.4512301,0</coordinates>
      </Point>
    </Placemark>
    <Placemark>
      <name>2121 Martin Luther King Jr Blvd, Augusta, GA  30909</name>
      <description><![CDATA[<b>Address:</b> 2121 Martin Luther King Jr Blvd, Augusta, GA  30909, Augusta, GA 30909<br/><b>Type:</b> For Sale<br/><b>Status:</b> Active<br/><b>Property Type:</b> Street Retail<br/><b>Size:</b> 1,361 SF<br/><b>Agent:</b> Ryan Martin<br/><b>Listing:</b> <a href="http://www.jordantrotter.com/properties/1513007-sale/">http://www.jordantrotter.com/properties/1513007-sale/</a>]]></description>
      <styleUrl>#Jordan_Trotter</styleUrl>
      <Point>
        <coordinates>-81.9987634,33.4512301,0</coordinates>
      </Point>
    </Placemark>
    <Placemark>
      <name>2121 Martin Luther King Jr Blvd, Augusta, GA  30909</name>
      <description><![CDATA[<b>Address:</b> 2121 Martin Luther King Jr Blvd, Augusta, GA  30909, Augusta, GA 30909<br/><b>Type:</b> For Sale<br/><b>Status:</b> Active<br/><b>Property Type:</b> Street Retail<br/><b>Size:</b> 1,361 SF<br/><b>Agent:</b> Ryan Martin<br/><b>Listing:</b> <a href="http://www.jordantrotter.com/properties/2121-martin-luther-king-jr-blvd-augusta-sale/">http://www.jordantrotter.com/properties/2121-martin-luther-king-jr-blvd-augusta-sale/</a>]]></description>
      <styleUrl>#Jordan_Trotter</styleUrl>
      <Point>
        <coordinates>-81.9987634,33.4512301,0</coordinates>
      </Point>
    </Placemark>
    <Placemark>
      <name>2126 Windsor Spring Road, Augusta, GA  30906</name>
      <description><![CDATA[<b>Address:</b> 2126 Windsor Spring Road, Augusta, GA  30906, Augusta, GA 30906<br/><b>Type:</b> For Sale<br/><b>Status:</b> Active<br/><b>Property Type:</b> Retail<br/><b>Size:</b> 0.56 Acres<br/><b>Agent:</b> Wil Kacos<br/><b>Listing:</b> <a href="http://www.jordantrotter.com/properties/?propertyId=1027784-sale">http://www.jordantrotter.com/properties/?propertyId=1027784-sale</a>]]></description>
      <styleUrl>#Jordan_Trotter</styleUrl>
      <Point>
        <coordinates>-82.0306389,33.406334,0</coordinates>
      </Point>
    </Placemark>
    <Placemark>
      <name>2126 Windsor Spring Road, Augusta, GA  30906</name>
      <description><![CDATA[<b>Address:</b> 2126 Windsor Spring Road, Augusta, GA  30906, Augusta, GA 30906<br/><b>Type:</b> For Sale<br/><b>Status:</b> Active<br/><b>Property Type:</b> Retail<br/><b>Size:</b> 0.56 Acres<br/><b>Agent:</b> Wil Kacos<br/><b>Listing:</b> <a href="http://www.jordantrotter.com/properties/1027784-sale/">http://www.jordantrotter.com/properties/1027784-sale/</a>]]></description>
      <styleUrl>#Jordan_Trotter</styleUrl>
      <Point>
        <coordinates>-82.0306389,33.406334,0</coordinates>
      </Point>
    </Placemark>
    <Placemark>
      <name>2126 Windsor Spring Road, Augusta, GA  30906</name>
      <description><![CDATA[<b>Address:</b> 2126 Windsor Spring Road, Augusta, GA  30906, Augusta, GA 30906<br/><b>Type:</b> For Sale<br/><b>Status:</b> Active<br/><b>Property Type:</b> Retail<br/><b>Size:</b> 0.56 Acres<br/><b>Agent:</b> Wil Kacos<br/><b>Listing:</b> <a href="http://www.jordantrotter.com/properties/2126-windsor-spring-road-augusta-ga/">http://www.jordantrotter.com/properties/2126-windsor-spring-road-augusta-ga/</a>]]></description>
      <styleUrl>#Jordan_Trotter</styleUrl>
      <Point>
        <coordinates>-82.0306389,33.406334,0</coordinates>
      </Point>
    </Placemark>
    <Placemark>
      <name>2136 Windsor Spring Road, Augusta, GA  30906</name>
      <description><![CDATA[<b>Address:</b> 2136 Windsor Spring Road, Augusta, GA  30906, Augusta, GA 30906<br/><b>Type:</b> For Sale<br/><b>Status:</b> Active<br/><b>Property Type:</b> Retail<br/><b>Size:</b> 0.5 Acres<br/><b>Agent:</b> Wil Kacos<br/><b>Listing:</b> <a href="http://www.jordantrotter.com/properties/?propertyId=1027799-sale">http://www.jordantrotter.com/properties/?propertyId=1027799-sale</a>]]></description>
      <styleUrl>#Jordan_Trotter</styleUrl>
      <Point>
        <coordinates>-82.03197,33.406365,0</coordinates>
      </Point>
    </Placemark>
    <Placemark>
      <name>2136 Windsor Spring Road, Augusta, GA  30906</name>
      <description><![CDATA[<b>Address:</b> 2136 Windsor Spring Road, Augusta, GA  30906, Augusta, GA 30906<br/><b>Type:</b> For Sale<br/><b>Status:</b> Active<br/><b>Property Type:</b> Retail<br/><b>Size:</b> 0.5 Acres<br/><b>Agent:</b> Wil Kacos<br/><b>Listing:</b> <a href="http://www.jordantrotter.com/properties/1027799-sale/">http://www.jordantrotter.com/properties/1027799-sale/</a>]]></description>
      <styleUrl>#Jordan_Trotter</styleUrl>
      <Point>
        <coordinates>-82.03197,33.406365,0</coordinates>
      </Point>
    </Placemark>
    <Placemark>
      <name>2136 Windsor Spring Road, Augusta, GA  30906</name>
      <description><![CDATA[<b>Address:</b> 2136 Windsor Spring Road, Augusta, GA  30906, Augusta, GA 30906<br/><b>Type:</b> For Sale<br/><b>Status:</b> Active<br/><b>Property Type:</b> Retail<br/><b>Size:</b> 0.5 Acres<br/><b>Agent:</b> Wil Kacos<br/><b>Listing:</b> <a href="http://www.jordantrotter.com/properties/2136-windsor-spring-road-augusta-ga/">http://www.jordantrotter.com/properties/2136-windsor-spring-road-augusta-ga/</a>]]></description>
      <styleUrl>#Jordan_Trotter</styleUrl>
      <Point>
        <coordinates>-82.03197,33.406365,0</coordinates>
      </Point>
    </Placemark>
    <Placemark>
      <name>2138 Gordon Highway, Augusta, GA  30909</name>
      <description><![CDATA[<b>Address:</b> 2138 Gordon Highway, Augusta, GA  30909, Augusta, GA 30909<br/><b>Type:</b> For Sale<br/><b>Status:</b> Active<br/><b>Property Type:</b> Retail<br/><b>Size:</b> 9.91 Acres<br/><b>Agent:</b> Ryan Martin<br/><b>Listing:</b> <a href="http://www.jordantrotter.com/properties/?propertyId=1150180-sale">http://www.jordantrotter.com/properties/?propertyId=1150180-sale</a>]]></description>
      <styleUrl>#Jordan_Trotter</styleUrl>
      <Point>
        <coordinates>-82.0714373,33.4481566,0</coordinates>
      </Point>
    </Placemark>
    <Placemark>
      <name>2138 Gordon Highway, Augusta, GA  30909</name>
      <description><![CDATA[<b>Address:</b> 2138 Gordon Highway, Augusta, GA  30909, Augusta, GA 30909<br/><b>Type:</b> For Sale<br/><b>Status:</b> Active<br/><b>Property Type:</b> Retail<br/><b>Size:</b> 9.91 Acres<br/><b>Agent:</b> Ryan Martin<br/><b>Listing:</b> <a href="http://www.jordantrotter.com/properties/1150180-sale/">http://www.jordantrotter.com/properties/1150180-sale/</a>]]></description>
      <styleUrl>#Jordan_Trotter</styleUrl>
      <Point>
        <coordinates>-82.0714373,33.4481566,0</coordinates>
      </Point>
    </Placemark>
    <Placemark>
      <name>2138 Gordon Highway, Augusta, GA  30909</name>
      <description><![CDATA[<b>Address:</b> 2138 Gordon Highway, Augusta, GA  30909, Augusta, GA 30909<br/><b>Type:</b> For Sale<br/><b>Status:</b> Active<br/><b>Property Type:</b> Retail<br/><b>Size:</b> 9.91 Acres<br/><b>Agent:</b> Ryan Martin<br/><b>Listing:</b> <a href="http://www.jordantrotter.com/properties/2138-gordon-highway-augusta-sale/">http://www.jordantrotter.com/properties/2138-gordon-highway-augusta-sale/</a>]]></description>
      <styleUrl>#Jordan_Trotter</styleUrl>
      <Point>
        <coordinates>-82.0714373,33.4481566,0</coordinates>
      </Point>
    </Placemark>
    <Placemark>
      <name>2306 Milledgeville Road, Augusta, GA  30904</name>
      <description><![CDATA[<b>Address:</b> 2306 Milledgeville Road, Augusta, GA  30904, Augusta, GA 30904<br/><b>Type:</b> For Sale<br/><b>Status:</b> Active<br/><b>Property Type:</b> Other<br/><b>Size:</b> 1.18 Acres<br/><b>Agent:</b> Robert McCrary<br/><b>Listing:</b> <a href="http://www.jordantrotter.com/properties/?propertyId=1298638-sale">http://www.jordantrotter.com/properties/?propertyId=1298638-sale</a>]]></description>
      <styleUrl>#Jordan_Trotter</styleUrl>
      <Point>
        <coordinates>-82.00713499999999,33.446911,0</coordinates>
      </Point>
    </Placemark>
    <Placemark>
      <name>2306 Milledgeville Road, Augusta, GA  30904</name>
      <description><![CDATA[<b>Address:</b> 2306 Milledgeville Road, Augusta, GA  30904, Augusta, GA 30904<br/><b>Type:</b> For Sale<br/><b>Status:</b> Active<br/><b>Property Type:</b> Other<br/><b>Size:</b> 1.18 Acres<br/><b>Agent:</b> Robert McCrary<br/><b>Listing:</b> <a href="http://www.jordantrotter.com/properties/1298638-sale/">http://www.jordantrotter.com/properties/1298638-sale/</a>]]></description>
      <styleUrl>#Jordan_Trotter</styleUrl>
      <Point>
        <coordinates>-82.00713499999999,33.446911,0</coordinates>
      </Point>
    </Placemark>
    <Placemark>
      <name>2306 Milledgeville Road, Augusta, GA  30904</name>
      <description><![CDATA[<b>Address:</b> 2306 Milledgeville Road, Augusta, GA  30904, Augusta, GA 30904<br/><b>Type:</b> For Sale<br/><b>Status:</b> Active<br/><b>Property Type:</b> Other<br/><b>Size:</b> 1.18 Acres<br/><b>Agent:</b> Robert McCrary<br/><b>Listing:</b> <a href="http://www.jordantrotter.com/properties/2306-milledgeville-road-augusta-ga/">http://www.jordantrotter.com/properties/2306-milledgeville-road-augusta-ga/</a>]]></description>
      <styleUrl>#Jordan_Trotter</styleUrl>
      <Point>
        <coordinates>-82.00713499999999,33.446911,0</coordinates>
      </Point>
    </Placemark>
    <Placemark>
      <name>2308 Windsor Spring Road, Augusta, GA  30906</name>
      <description><![CDATA[<b>Address:</b> 2308 Windsor Spring Road, Augusta, GA  30906, Augusta, GA 30906<br/><b>Type:</b> For Sale<br/><b>Status:</b> Active<br/><b>Property Type:</b> Multifamily<br/><b>Size:</b> 11.15 Acres<br/><b>Agent:</b> Holton Brinson<br/><b>Listing:</b> <a href="http://www.jordantrotter.com/properties/?propertyId=124627-sale">http://www.jordantrotter.com/properties/?propertyId=124627-sale</a>]]></description>
      <styleUrl>#Jordan_Trotter</styleUrl>
      <Point>
        <coordinates>-82.0414367,33.4029291,0</coordinates>
      </Point>
    </Placemark>
    <Placemark>
      <name>2308 Windsor Spring Road, Augusta, GA  30906</name>
      <description><![CDATA[<b>Address:</b> 2308 Windsor Spring Road, Augusta, GA  30906, Augusta, GA 30906<br/><b>Type:</b> For Sale<br/><b>Status:</b> Active<br/><b>Property Type:</b> Multifamily<br/><b>Size:</b> 11.15 Acres<br/><b>Agent:</b> Holton Brinson<br/><b>Listing:</b> <a href="http://www.jordantrotter.com/properties/124627-sale/">http://www.jordantrotter.com/properties/124627-sale/</a>]]></description>
      <styleUrl>#Jordan_Trotter</styleUrl>
      <Point>
        <coordinates>-82.0414367,33.4029291,0</coordinates>
      </Point>
    </Placemark>
    <Placemark>
      <name>2308 Windsor Spring Road, Augusta, GA  30906</name>
      <description><![CDATA[<b>Address:</b> 2308 Windsor Spring Road, Augusta, GA  30906, Augusta, GA 30906<br/><b>Type:</b> For Sale<br/><b>Status:</b> Active<br/><b>Property Type:</b> Multifamily<br/><b>Size:</b> 11.15 Acres<br/><b>Agent:</b> Holton Brinson<br/><b>Listing:</b> <a href="http://www.jordantrotter.com/properties/2308-windsor-spring-road-augusta-ga/">http://www.jordantrotter.com/properties/2308-windsor-spring-road-augusta-ga/</a>]]></description>
      <styleUrl>#Jordan_Trotter</styleUrl>
      <Point>
        <coordinates>-82.0414367,33.4029291,0</coordinates>
      </Point>
    </Placemark>
    <Placemark>
      <name>2328 Washington Rd, Augusta, GA  30904</name>
      <description><![CDATA[<b>Address:</b> 2328 Washington Rd, Augusta, GA  30904, Augusta, GA 30904<br/><b>Type:</b> For Lease<br/><b>Status:</b> Active<br/><b>Property Type:</b> Office<br/><b>Size:</b> 5,016 SF<br/><b>Agent:</b> Mason Whatley<br/><b>Listing:</b> <a href="http://www.jordantrotter.com/properties/?propertyId=1417181-lease">http://www.jordantrotter.com/properties/?propertyId=1417181-lease</a>]]></description>
      <styleUrl>#Jordan_Trotter</styleUrl>
      <Point>
        <coordinates>-82.01110249999999,33.4955663,0</coordinates>
      </Point>
    </Placemark>
    <Placemark>
      <name>2328 Washington Rd, Augusta, GA  30904</name>
      <description><![CDATA[<b>Address:</b> 2328 Washington Rd, Augusta, GA  30904, Augusta, GA 30904<br/><b>Type:</b> For Lease<br/><b>Status:</b> Active<br/><b>Property Type:</b> Office<br/><b>Size:</b> 5,016 SF<br/><b>Agent:</b> Mason Whatley<br/><b>Listing:</b> <a href="http://www.jordantrotter.com/properties/1417181-lease/">http://www.jordantrotter.com/properties/1417181-lease/</a>]]></description>
      <styleUrl>#Jordan_Trotter</styleUrl>
      <Point>
        <coordinates>-82.01110249999999,33.4955663,0</coordinates>
      </Point>
    </Placemark>
    <Placemark>
      <name>2328 Washington Rd, Augusta, GA  30904</name>
      <description><![CDATA[<b>Address:</b> 2328 Washington Rd, Augusta, GA  30904, Augusta, GA 30904<br/><b>Type:</b> For Lease<br/><b>Status:</b> Active<br/><b>Property Type:</b> Office<br/><b>Size:</b> 5,016 SF<br/><b>Agent:</b> Mason Whatley<br/><b>Listing:</b> <a href="http://www.jordantrotter.com/properties/2328-Washington-Rd/">http://www.jordantrotter.com/properties/2328-Washington-Rd/</a>]]></description>
      <styleUrl>#Jordan_Trotter</styleUrl>
      <Point>
        <coordinates>-82.01110249999999,33.4955663,0</coordinates>
      </Point>
    </Placemark>
    <Placemark>
      <name>2370 Gordon Hwy, Augusta, GA  30909</name>
      <description><![CDATA[<b>Address:</b> 2370 Gordon Hwy, Augusta, GA  30909, Augusta, GA 30909<br/><b>Type:</b> For Sale<br/><b>Status:</b> Active<br/><b>Property Type:</b> Other<br/><b>Size:</b> 2.5 Acres<br/><b>Agent:</b> Robert McCrary<br/><b>Listing:</b> <a href="http://www.jordantrotter.com/properties/?propertyId=1276158-sale">http://www.jordantrotter.com/properties/?propertyId=1276158-sale</a>]]></description>
      <styleUrl>#Jordan_Trotter</styleUrl>
      <Point>
        <coordinates>-82.10000199999999,33.441719,0</coordinates>
      </Point>
    </Placemark>
    <Placemark>
      <name>2370 Gordon Hwy, Augusta, GA  30909</name>
      <description><![CDATA[<b>Address:</b> 2370 Gordon Hwy, Augusta, GA  30909, Augusta, GA 30909<br/><b>Type:</b> For Sale<br/><b>Status:</b> Active<br/><b>Property Type:</b> Other<br/><b>Size:</b> 2.5 Acres<br/><b>Agent:</b> Robert McCrary<br/><b>Listing:</b> <a href="http://www.jordantrotter.com/properties/1276158-sale/">http://www.jordantrotter.com/properties/1276158-sale/</a>]]></description>
      <styleUrl>#Jordan_Trotter</styleUrl>
      <Point>
        <coordinates>-82.10000199999999,33.441719,0</coordinates>
      </Point>
    </Placemark>
    <Placemark>
      <name>2370 Gordon Hwy, Augusta, GA  30909</name>
      <description><![CDATA[<b>Address:</b> 2370 Gordon Hwy, Augusta, GA  30909, Augusta, GA 30909<br/><b>Type:</b> For Sale<br/><b>Status:</b> Active<br/><b>Property Type:</b> Other<br/><b>Size:</b> 2.5 Acres<br/><b>Agent:</b> Robert McCrary<br/><b>Listing:</b> <a href="http://www.jordantrotter.com/properties/2307-gordon-highway-augusta-ga/">http://www.jordantrotter.com/properties/2307-gordon-highway-augusta-ga/</a>]]></description>
      <styleUrl>#Jordan_Trotter</styleUrl>
      <Point>
        <coordinates>-82.10000199999999,33.441719,0</coordinates>
      </Point>
    </Placemark>
    <Placemark>
      <name>2423 Mike Padgett Highway, Augusta, GA  30906</name>
      <description><![CDATA[<b>Address:</b> 2423 Mike Padgett Highway, Augusta, GA  30906, Augusta, GA 30906<br/><b>Type:</b> For Lease<br/><b>Status:</b> Active<br/><b>Property Type:</b> Office Building<br/><b>Size:</b> 1,000 - 348,480 SF<br/><b>Agent:</b> Robert McCrary<br/><b>Listing:</b> <a href="http://www.jordantrotter.com/properties/?propertyId=1577623-lease">http://www.jordantrotter.com/properties/?propertyId=1577623-lease</a>]]></description>
      <styleUrl>#Jordan_Trotter</styleUrl>
      <Point>
        <coordinates>-82.009149,33.429154,0</coordinates>
      </Point>
    </Placemark>
    <Placemark>
      <name>2423 Mike Padgett Highway, Augusta, GA  30906</name>
      <description><![CDATA[<b>Address:</b> 2423 Mike Padgett Highway, Augusta, GA  30906, Augusta, GA 30906<br/><b>Type:</b> For Lease<br/><b>Status:</b> Active<br/><b>Property Type:</b> Office Building<br/><b>Size:</b> 1,000 - 348,480 SF<br/><b>Agent:</b> Robert McCrary<br/><b>Listing:</b> <a href="http://www.jordantrotter.com/properties/1577623-lease/">http://www.jordantrotter.com/properties/1577623-lease/</a>]]></description>
      <styleUrl>#Jordan_Trotter</styleUrl>
      <Point>
        <coordinates>-82.009149,33.429154,0</coordinates>
      </Point>
    </Placemark>
    <Placemark>
      <name>2423 Mike Padgett Highway, Augusta, GA  30906</name>
      <description><![CDATA[<b>Address:</b> 2423 Mike Padgett Highway, Augusta, GA  30906, Augusta, GA 30906<br/><b>Type:</b> For Lease<br/><b>Status:</b> Active<br/><b>Property Type:</b> Office Building<br/><b>Size:</b> 1,000 - 348,480 SF<br/><b>Agent:</b> Robert McCrary<br/><b>Listing:</b> <a href="http://www.jordantrotter.com/properties/2423-Mike-Padgett-Highway-Augusta-GA/">http://www.jordantrotter.com/properties/2423-Mike-Padgett-Highway-Augusta-GA/</a>]]></description>
      <styleUrl>#Jordan_Trotter</styleUrl>
      <Point>
        <coordinates>-82.009149,33.429154,0</coordinates>
      </Point>
    </Placemark>
    <Placemark>
      <name>245 Bobby Jones Expressway, Augusta, GA  30907</name>
      <description><![CDATA[<b>Address:</b> 245 Bobby Jones Expressway, Augusta, GA  30907, Augusta, GA 30907<br/><b>Type:</b> For Lease<br/><b>Status:</b> Active<br/><b>Property Type:</b> Free Standing Building<br/><b>Size:</b> 9,200 SF<br/><b>Agent:</b> Mason Whatley<br/><b>Listing:</b> <a href="http://www.jordantrotter.com/properties/245-bobby-jones-expressway-augusta-lease/">http://www.jordantrotter.com/properties/245-bobby-jones-expressway-augusta-lease/</a>]]></description>
      <styleUrl>#Jordan_Trotter</styleUrl>
      <Point>
        <coordinates>-82.09077239999999,33.504642,0</coordinates>
      </Point>
    </Placemark>
    <Placemark>
      <name>2504 Windsor Spring Rd, Augusta, GA  30906</name>
      <description><![CDATA[<b>Address:</b> 2504 Windsor Spring Rd, Augusta, GA  30906, Augusta, GA 30906<br/><b>Type:</b> For Sale<br/><b>Status:</b> Active<br/><b>Property Type:</b> Retail<br/><b>Size:</b> 6.63 Acres<br/><b>Agent:</b> Tripp Wilson<br/><b>Listing:</b> <a href="http://www.jordantrotter.com/properties/?propertyId=1544059-sale">http://www.jordantrotter.com/properties/?propertyId=1544059-sale</a>]]></description>
      <styleUrl>#Jordan_Trotter</styleUrl>
      <Point>
        <coordinates>-82.057127,33.395408,0</coordinates>
      </Point>
    </Placemark>
    <Placemark>
      <name>2504 Windsor Spring Rd, Augusta, GA  30906</name>
      <description><![CDATA[<b>Address:</b> 2504 Windsor Spring Rd, Augusta, GA  30906, Augusta, GA 30906<br/><b>Type:</b> For Sale<br/><b>Status:</b> Active<br/><b>Property Type:</b> Retail<br/><b>Size:</b> 6.63 Acres<br/><b>Agent:</b> Tripp Wilson<br/><b>Listing:</b> <a href="http://www.jordantrotter.com/properties/1544059-sale/">http://www.jordantrotter.com/properties/1544059-sale/</a>]]></description>
      <styleUrl>#Jordan_Trotter</styleUrl>
      <Point>
        <coordinates>-82.057127,33.395408,0</coordinates>
      </Point>
    </Placemark>
    <Placemark>
      <name>2504 Windsor Spring Rd, Augusta, GA  30906</name>
      <description><![CDATA[<b>Address:</b> 2504 Windsor Spring Rd, Augusta, GA  30906, Augusta, GA 30906<br/><b>Type:</b> For Sale<br/><b>Status:</b> Active<br/><b>Property Type:</b> Retail<br/><b>Size:</b> 6.63 Acres<br/><b>Agent:</b> Tripp Wilson<br/><b>Listing:</b> <a href="http://www.jordantrotter.com/properties/2504-Windsor-Spring-Road-Augusta-GA/">http://www.jordantrotter.com/properties/2504-Windsor-Spring-Road-Augusta-GA/</a>]]></description>
      <styleUrl>#Jordan_Trotter</styleUrl>
      <Point>
        <coordinates>-82.057127,33.395408,0</coordinates>
      </Point>
    </Placemark>
    <Placemark>
      <name>2519 Deans Bridge Road, Augusta, GA  30906</name>
      <description><![CDATA[<b>Address:</b> 2519 Deans Bridge Road, Augusta, GA  30906, Augusta, GA 30906<br/><b>Type:</b> For Sale<br/><b>Status:</b> Active<br/><b>Property Type:</b> Other<br/><b>Size:</b> 0.42 Acres<br/><b>Agent:</b> Robert McCrary<br/><b>Listing:</b> <a href="http://www.jordantrotter.com/properties/?propertyId=1515170-sale">http://www.jordantrotter.com/properties/?propertyId=1515170-sale</a>]]></description>
      <styleUrl>#Jordan_Trotter</styleUrl>
      <Point>
        <coordinates>-82.0164671,33.4444759,0</coordinates>
      </Point>
    </Placemark>
    <Placemark>
      <name>2519 Deans Bridge Road, Augusta, GA  30906</name>
      <description><![CDATA[<b>Address:</b> 2519 Deans Bridge Road, Augusta, GA  30906, Augusta, GA 30906<br/><b>Type:</b> For Lease<br/><b>Status:</b> Active<br/><b>Property Type:</b> Other<br/><b>Size:</b> 0.42 Acres<br/><b>Agent:</b> Robert McCrary<br/><b>Listing:</b> <a href="http://www.jordantrotter.com/properties/?propertyId=1515170-lease">http://www.jordantrotter.com/properties/?propertyId=1515170-lease</a>]]></description>
      <styleUrl>#Jordan_Trotter</styleUrl>
      <Point>
        <coordinates>-82.0164671,33.4444759,0</coordinates>
      </Point>
    </Placemark>
    <Placemark>
      <name>2519 Deans Bridge Road, Augusta, GA  30906</name>
      <description><![CDATA[<b>Address:</b> 2519 Deans Bridge Road, Augusta, GA  30906, Augusta, GA 30906<br/><b>Type:</b> For Sale<br/><b>Status:</b> Active<br/><b>Property Type:</b> Other<br/><b>Size:</b> 0.42 Acres<br/><b>Agent:</b> Robert McCrary<br/><b>Listing:</b> <a href="http://www.jordantrotter.com/properties/1515170-sale/">http://www.jordantrotter.com/properties/1515170-sale/</a>]]></description>
      <styleUrl>#Jordan_Trotter</styleUrl>
      <Point>
        <coordinates>-82.0164671,33.4444759,0</coordinates>
      </Point>
    </Placemark>
    <Placemark>
      <name>2519 Deans Bridge Road, Augusta, GA  30906</name>
      <description><![CDATA[<b>Address:</b> 2519 Deans Bridge Road, Augusta, GA  30906, Augusta, GA 30906<br/><b>Type:</b> For Lease<br/><b>Status:</b> Active<br/><b>Property Type:</b> Other<br/><b>Size:</b> 0.42 Acres<br/><b>Agent:</b> Robert McCrary<br/><b>Listing:</b> <a href="http://www.jordantrotter.com/properties/1515170-lease/">http://www.jordantrotter.com/properties/1515170-lease/</a>]]></description>
      <styleUrl>#Jordan_Trotter</styleUrl>
      <Point>
        <coordinates>-82.0164671,33.4444759,0</coordinates>
      </Point>
    </Placemark>
    <Placemark>
      <name>2519 Deans Bridge Road, Augusta, GA  30906</name>
      <description><![CDATA[<b>Address:</b> 2519 Deans Bridge Road, Augusta, GA  30906, Augusta, GA 30906<br/><b>Type:</b> For Sale<br/><b>Status:</b> Active<br/><b>Property Type:</b> Other<br/><b>Size:</b> 0.42 Acres<br/><b>Agent:</b> Robert McCrary<br/><b>Listing:</b> <a href="http://www.jordantrotter.com/properties/2519-Deans-Bridge-Road/">http://www.jordantrotter.com/properties/2519-Deans-Bridge-Road/</a>]]></description>
      <styleUrl>#Jordan_Trotter</styleUrl>
      <Point>
        <coordinates>-82.0164671,33.4444759,0</coordinates>
      </Point>
    </Placemark>
    <Placemark>
      <name>2519 Deans Bridge Road, Augusta, GA  30906</name>
      <description><![CDATA[<b>Address:</b> 2519 Deans Bridge Road, Augusta, GA  30906, Augusta, GA 30906<br/><b>Type:</b> For Lease<br/><b>Status:</b> Active<br/><b>Property Type:</b> Other<br/><b>Size:</b> 0.42 Acres<br/><b>Agent:</b> Robert McCrary<br/><b>Listing:</b> <a href="http://www.jordantrotter.com/properties/2519-deans-bridge-road-augusta-lease/">http://www.jordantrotter.com/properties/2519-deans-bridge-road-augusta-lease/</a>]]></description>
      <styleUrl>#Jordan_Trotter</styleUrl>
      <Point>
        <coordinates>-82.0164671,33.4444759,0</coordinates>
      </Point>
    </Placemark>
    <Placemark>
      <name>2520 Tobacco Road, Augusta, GA  30906</name>
      <description><![CDATA[<b>Address:</b> 2520 Tobacco Road, Augusta, GA  30906, Augusta, GA 30906<br/><b>Type:</b> For Sale<br/><b>Status:</b> Active<br/><b>Property Type:</b> Retail<br/><b>Size:</b> 2.62 Acres<br/><b>Agent:</b> Liam Welch<br/><b>Listing:</b> <a href="http://www.jordantrotter.com/properties/?propertyId=1102190-sale">http://www.jordantrotter.com/properties/?propertyId=1102190-sale</a>]]></description>
      <styleUrl>#Jordan_Trotter</styleUrl>
      <Point>
        <coordinates>-82.07597899999999,33.3756739,0</coordinates>
      </Point>
    </Placemark>
    <Placemark>
      <name>2520 Tobacco Road, Augusta, GA  30906</name>
      <description><![CDATA[<b>Address:</b> 2520 Tobacco Road, Augusta, GA  30906, Augusta, GA 30906<br/><b>Type:</b> For Lease<br/><b>Status:</b> Active<br/><b>Property Type:</b> Retail<br/><b>Size:</b> 0.83 - 1.79 Acres<br/><b>Agent:</b> Liam Welch<br/><b>Listing:</b> <a href="http://www.jordantrotter.com/properties/?propertyId=1102190-lease">http://www.jordantrotter.com/properties/?propertyId=1102190-lease</a>]]></description>
      <styleUrl>#Jordan_Trotter</styleUrl>
      <Point>
        <coordinates>-82.07597899999999,33.3756739,0</coordinates>
      </Point>
    </Placemark>
    <Placemark>
      <name>2520 Tobacco Road, Augusta, GA  30906</name>
      <description><![CDATA[<b>Address:</b> 2520 Tobacco Road, Augusta, GA  30906, Augusta, GA 30906<br/><b>Type:</b> For Sale<br/><b>Status:</b> Active<br/><b>Property Type:</b> Retail<br/><b>Size:</b> 2.62 Acres<br/><b>Agent:</b> Liam Welch<br/><b>Listing:</b> <a href="http://www.jordantrotter.com/properties/1102190-sale/">http://www.jordantrotter.com/properties/1102190-sale/</a>]]></description>
      <styleUrl>#Jordan_Trotter</styleUrl>
      <Point>
        <coordinates>-82.07597899999999,33.3756739,0</coordinates>
      </Point>
    </Placemark>
    <Placemark>
      <name>2520 Tobacco Road, Augusta, GA  30906</name>
      <description><![CDATA[<b>Address:</b> 2520 Tobacco Road, Augusta, GA  30906, Augusta, GA 30906<br/><b>Type:</b> For Lease<br/><b>Status:</b> Active<br/><b>Property Type:</b> Retail<br/><b>Size:</b> 0.83 - 1.79 Acres<br/><b>Agent:</b> Liam Welch<br/><b>Listing:</b> <a href="http://www.jordantrotter.com/properties/1102190-lease/">http://www.jordantrotter.com/properties/1102190-lease/</a>]]></description>
      <styleUrl>#Jordan_Trotter</styleUrl>
      <Point>
        <coordinates>-82.07597899999999,33.3756739,0</coordinates>
      </Point>
    </Placemark>
    <Placemark>
      <name>2520 Tobacco Road, Augusta, GA  30906</name>
      <description><![CDATA[<b>Address:</b> 2520 Tobacco Road, Augusta, GA  30906, Augusta, GA 30906<br/><b>Type:</b> For Sale<br/><b>Status:</b> Active<br/><b>Property Type:</b> Retail<br/><b>Size:</b> 2.62 Acres<br/><b>Agent:</b> Liam Welch<br/><b>Listing:</b> <a href="http://www.jordantrotter.com/properties/2520-tobacco-road-augusta-ga/">http://www.jordantrotter.com/properties/2520-tobacco-road-augusta-ga/</a>]]></description>
      <styleUrl>#Jordan_Trotter</styleUrl>
      <Point>
        <coordinates>-82.07597899999999,33.3756739,0</coordinates>
      </Point>
    </Placemark>
    <Placemark>
      <name>2520 Tobacco Road, Augusta, GA  30906</name>
      <description><![CDATA[<b>Address:</b> 2520 Tobacco Road, Augusta, GA  30906, Augusta, GA 30906<br/><b>Type:</b> For Lease<br/><b>Status:</b> Active<br/><b>Property Type:</b> Retail<br/><b>Size:</b> 0.83 - 1.79 Acres<br/><b>Agent:</b> Liam Welch<br/><b>Listing:</b> <a href="http://www.jordantrotter.com/properties/2520-tobacco-road-augusta-lease/">http://www.jordantrotter.com/properties/2520-tobacco-road-augusta-lease/</a>]]></description>
      <styleUrl>#Jordan_Trotter</styleUrl>
      <Point>
        <coordinates>-82.07597899999999,33.3756739,0</coordinates>
      </Point>
    </Placemark>
    <Placemark>
      <name>254 Robert C. Daniel Jr. Parkway, Augusta, GA  30909</name>
      <description><![CDATA[<b>Address:</b> 254 Robert C. Daniel Jr. Parkway, Augusta, GA  30909, Augusta, GA 30909<br/><b>Type:</b> For Lease<br/><b>Status:</b> Active<br/><b>Property Type:</b> Strip Center<br/><b>Size:</b> 4,640 SF<br/><b>Agent:</b> Charlie Davis<br/><b>Listing:</b> <a href="http://www.jordantrotter.com/properties/?propertyId=1004361-lease">http://www.jordantrotter.com/properties/?propertyId=1004361-lease</a>]]></description>
      <styleUrl>#Jordan_Trotter</styleUrl>
      <Point>
        <coordinates>-82.08016339999999,33.4873083,0</coordinates>
      </Point>
    </Placemark>
    <Placemark>
      <name>254 Robert C. Daniel Jr. Parkway, Augusta, GA  30909</name>
      <description><![CDATA[<b>Address:</b> 254 Robert C. Daniel Jr. Parkway, Augusta, GA  30909, Augusta, GA 30909<br/><b>Type:</b> For Lease<br/><b>Status:</b> Active<br/><b>Property Type:</b> Strip Center<br/><b>Size:</b> 4,640 SF<br/><b>Agent:</b> Charlie Davis<br/><b>Listing:</b> <a href="http://www.jordantrotter.com/properties/1004361-lease/">http://www.jordantrotter.com/properties/1004361-lease/</a>]]></description>
      <styleUrl>#Jordan_Trotter</styleUrl>
      <Point>
        <coordinates>-82.08016339999999,33.4873083,0</coordinates>
      </Point>
    </Placemark>
    <Placemark>
      <name>254 Robert C. Daniel Jr. Parkway, Augusta, GA  30909</name>
      <description><![CDATA[<b>Address:</b> 254 Robert C. Daniel Jr. Parkway, Augusta, GA  30909, Augusta, GA 30909<br/><b>Type:</b> For Lease<br/><b>Status:</b> Active<br/><b>Property Type:</b> Strip Center<br/><b>Size:</b> 4,640 SF<br/><b>Agent:</b> Charlie Davis<br/><b>Listing:</b> <a href="http://www.jordantrotter.com/properties/254-Robert-C-Daniel-Jr-Parkway-Augusta-GA/">http://www.jordantrotter.com/properties/254-Robert-C-Daniel-Jr-Parkway-Augusta-GA/</a>]]></description>
      <styleUrl>#Jordan_Trotter</styleUrl>
      <Point>
        <coordinates>-82.08016339999999,33.4873083,0</coordinates>
      </Point>
    </Placemark>
    <Placemark>
      <name>2550 Central Ave, Augusta, GA  30904</name>
      <description><![CDATA[<b>Address:</b> 2550 Central Ave, Augusta, GA  30904, Augusta, GA 30904<br/><b>Type:</b> For Sale<br/><b>Status:</b> Active<br/><b>Property Type:</b> Office Building<br/><b>Size:</b> 4,417 SF<br/><b>Agent:</b> Holton Brinson<br/><b>Listing:</b> <a href="http://www.jordantrotter.com/properties/?propertyId=1570229-sale">http://www.jordantrotter.com/properties/?propertyId=1570229-sale</a>]]></description>
      <styleUrl>#Jordan_Trotter</styleUrl>
      <Point>
        <coordinates>-82.0267949,33.4706938,0</coordinates>
      </Point>
    </Placemark>
    <Placemark>
      <name>2550 Central Ave, Augusta, GA  30904</name>
      <description><![CDATA[<b>Address:</b> 2550 Central Ave, Augusta, GA  30904, Augusta, GA 30904<br/><b>Type:</b> For Sale<br/><b>Status:</b> Active<br/><b>Property Type:</b> Office Building<br/><b>Size:</b> 4,417 SF<br/><b>Agent:</b> Holton Brinson<br/><b>Listing:</b> <a href="http://www.jordantrotter.com/properties/1570229-sale/">http://www.jordantrotter.com/properties/1570229-sale/</a>]]></description>
      <styleUrl>#Jordan_Trotter</styleUrl>
      <Point>
        <coordinates>-82.0267949,33.4706938,0</coordinates>
      </Point>
    </Placemark>
    <Placemark>
      <name>2550 Central Ave, Augusta, GA  30904</name>
      <description><![CDATA[<b>Address:</b> 2550 Central Ave, Augusta, GA  30904, Augusta, GA 30904<br/><b>Type:</b> For Sale<br/><b>Status:</b> Active<br/><b>Property Type:</b> Office Building<br/><b>Size:</b> 4,417 SF<br/><b>Agent:</b> Holton Brinson<br/><b>Listing:</b> <a href="http://www.jordantrotter.com/properties/2550-central-ave-augusta-sale/">http://www.jordantrotter.com/properties/2550-central-ave-augusta-sale/</a>]]></description>
      <styleUrl>#Jordan_Trotter</styleUrl>
      <Point>
        <coordinates>-82.0267949,33.4706938,0</coordinates>
      </Point>
    </Placemark>
    <Placemark>
      <name>258 Robert C Daniel Junior Parkway, Augusta, GA  30909</name>
      <description><![CDATA[<b>Address:</b> 258 Robert C Daniel Junior Parkway, Augusta, GA  30909, Augusta, GA 30909<br/><b>Type:</b> For Sale<br/><b>Status:</b> Active<br/><b>Property Type:</b> Office<br/><b>Size:</b> 2 Acres<br/><b>Agent:</b> Mason Whatley<br/><b>Listing:</b> <a href="http://www.jordantrotter.com/properties/258-robert-c-daniel-junior-parkway-augusta-sale/">http://www.jordantrotter.com/properties/258-robert-c-daniel-junior-parkway-augusta-sale/</a>]]></description>
      <styleUrl>#Jordan_Trotter</styleUrl>
      <Point>
        <coordinates>-82.080592,33.486638,0</coordinates>
      </Point>
    </Placemark>
    <Placemark>
      <name>2601 Commons Blvd, Augusta, GA  30909</name>
      <description><![CDATA[<b>Address:</b> 2601 Commons Blvd, Augusta, GA  30909, Augusta, GA 30909<br/><b>Type:</b> For Lease<br/><b>Status:</b> Active<br/><b>Property Type:</b> Office Building<br/><b>Size:</b> 4,000 SF<br/><b>Agent:</b> Charlie Davis<br/><b>Listing:</b> <a href="http://www.jordantrotter.com/properties/2601-commons-blvd-augusta-lease/">http://www.jordantrotter.com/properties/2601-commons-blvd-augusta-lease/</a>]]></description>
      <styleUrl>#Jordan_Trotter</styleUrl>
      <Point>
        <coordinates>-82.0422035,33.5097478,0</coordinates>
      </Point>
    </Placemark>
    <Placemark>
      <name>2614 Mike Padgett Hwy, Augusta, GA  30906</name>
      <description><![CDATA[<b>Address:</b> 2614 Mike Padgett Hwy, Augusta, GA  30906, Augusta, GA 30906<br/><b>Type:</b> For Lease<br/><b>Status:</b> Active<br/><b>Property Type:</b> Flex Space<br/><b>Size:</b> 5,300 SF<br/><b>Agent:</b> Wil Kacos<br/><b>Listing:</b> <a href="http://www.jordantrotter.com/properties/?propertyId=1541818-lease">http://www.jordantrotter.com/properties/?propertyId=1541818-lease</a>]]></description>
      <styleUrl>#Jordan_Trotter</styleUrl>
      <Point>
        <coordinates>-82.0067763,33.4191485,0</coordinates>
      </Point>
    </Placemark>
    <Placemark>
      <name>2614 Mike Padgett Hwy, Augusta, GA  30906</name>
      <description><![CDATA[<b>Address:</b> 2614 Mike Padgett Hwy, Augusta, GA  30906, Augusta, GA 30906<br/><b>Type:</b> For Lease<br/><b>Status:</b> Active<br/><b>Property Type:</b> Flex Space<br/><b>Size:</b> 5,300 SF<br/><b>Agent:</b> Wil Kacos<br/><b>Listing:</b> <a href="http://www.jordantrotter.com/properties/1541818-lease/">http://www.jordantrotter.com/properties/1541818-lease/</a>]]></description>
      <styleUrl>#Jordan_Trotter</styleUrl>
      <Point>
        <coordinates>-82.0067763,33.4191485,0</coordinates>
      </Point>
    </Placemark>
    <Placemark>
      <name>2614 Mike Padgett Hwy, Augusta, GA  30906</name>
      <description><![CDATA[<b>Address:</b> 2614 Mike Padgett Hwy, Augusta, GA  30906, Augusta, GA 30906<br/><b>Type:</b> For Lease<br/><b>Status:</b> Active<br/><b>Property Type:</b> Flex Space<br/><b>Size:</b> 5,300 SF<br/><b>Agent:</b> Wil Kacos<br/><b>Listing:</b> <a href="http://www.jordantrotter.com/properties/2614-Mike-Padgett-Hwy-Augusta-GA/">http://www.jordantrotter.com/properties/2614-Mike-Padgett-Hwy-Augusta-GA/</a>]]></description>
      <styleUrl>#Jordan_Trotter</styleUrl>
      <Point>
        <coordinates>-82.0067763,33.4191485,0</coordinates>
      </Point>
    </Placemark>
    <Placemark>
      <name>2654 Barton Chapel Rd, Augusta, GA  30906</name>
      <description><![CDATA[<b>Address:</b> 2654 Barton Chapel Rd, Augusta, GA  30906, Augusta, GA 30906<br/><b>Type:</b> For Sale<br/><b>Status:</b> Active<br/><b>Property Type:</b> Office Building<br/><b>Size:</b> 1,519 SF<br/><b>Agent:</b> Tripp Wilson<br/><b>Listing:</b> <a href="http://www.jordantrotter.com/properties/?propertyId=1574606-sale">http://www.jordantrotter.com/properties/?propertyId=1574606-sale</a>]]></description>
      <styleUrl>#Jordan_Trotter</styleUrl>
      <Point>
        <coordinates>-82.0816802,33.4222363,0</coordinates>
      </Point>
    </Placemark>
    <Placemark>
      <name>2654 Barton Chapel Rd, Augusta, GA  30906</name>
      <description><![CDATA[<b>Address:</b> 2654 Barton Chapel Rd, Augusta, GA  30906, Augusta, GA 30906<br/><b>Type:</b> For Sale<br/><b>Status:</b> Active<br/><b>Property Type:</b> Office Building<br/><b>Size:</b> 1,519 SF<br/><b>Agent:</b> Tripp Wilson<br/><b>Listing:</b> <a href="http://www.jordantrotter.com/properties/1574606-sale/">http://www.jordantrotter.com/properties/1574606-sale/</a>]]></description>
      <styleUrl>#Jordan_Trotter</styleUrl>
      <Point>
        <coordinates>-82.0816802,33.4222363,0</coordinates>
      </Point>
    </Placemark>
    <Placemark>
      <name>2654 Barton Chapel Rd, Augusta, GA  30906</name>
      <description><![CDATA[<b>Address:</b> 2654 Barton Chapel Rd, Augusta, GA  30906, Augusta, GA 30906<br/><b>Type:</b> For Sale<br/><b>Status:</b> Active<br/><b>Property Type:</b> Office Building<br/><b>Size:</b> 1,519 SF<br/><b>Agent:</b> Tripp Wilson<br/><b>Listing:</b> <a href="http://www.jordantrotter.com/properties/2654-barton-chapel-road-augusta-ga/">http://www.jordantrotter.com/properties/2654-barton-chapel-road-augusta-ga/</a>]]></description>
      <styleUrl>#Jordan_Trotter</styleUrl>
      <Point>
        <coordinates>-82.0816802,33.4222363,0</coordinates>
      </Point>
    </Placemark>
    <Placemark>
      <name>2701 Washington Road, Augusta, GA  30909</name>
      <description><![CDATA[<b>Address:</b> 2701 Washington Road, Augusta, GA  30909, Augusta, GA 30909<br/><b>Type:</b> For Lease<br/><b>Status:</b> Active<br/><b>Property Type:</b> Neighborhood Center<br/><b>Size:</b> 1,299 - 14,285 SF<br/><b>Agent:</b> Charlie Davis<br/><b>Listing:</b> <a href="http://www.jordantrotter.com/properties/?propertyId=1417196-lease">http://www.jordantrotter.com/properties/?propertyId=1417196-lease</a>]]></description>
      <styleUrl>#Jordan_Trotter</styleUrl>
      <Point>
        <coordinates>-82.0234859,33.5097391,0</coordinates>
      </Point>
    </Placemark>
    <Placemark>
      <name>2701 Washington Road, Augusta, GA  30909</name>
      <description><![CDATA[<b>Address:</b> 2701 Washington Road, Augusta, GA  30909, Augusta, GA 30909<br/><b>Type:</b> For Lease<br/><b>Status:</b> Active<br/><b>Property Type:</b> Neighborhood Center<br/><b>Size:</b> 1,299 - 14,285 SF<br/><b>Agent:</b> Charlie Davis<br/><b>Listing:</b> <a href="http://www.jordantrotter.com/properties/1417196-lease/">http://www.jordantrotter.com/properties/1417196-lease/</a>]]></description>
      <styleUrl>#Jordan_Trotter</styleUrl>
      <Point>
        <coordinates>-82.0234859,33.5097391,0</coordinates>
      </Point>
    </Placemark>
    <Placemark>
      <name>2701 Washington Road, Augusta, GA  30909</name>
      <description><![CDATA[<b>Address:</b> 2701 Washington Road, Augusta, GA  30909, Augusta, GA 30909<br/><b>Type:</b> For Lease<br/><b>Status:</b> Active<br/><b>Property Type:</b> Neighborhood Center<br/><b>Size:</b> 1,299 - 14,285 SF<br/><b>Agent:</b> Charlie Davis<br/><b>Listing:</b> <a href="http://www.jordantrotter.com/properties/2701-Washington-Road-Augusta-GA/">http://www.jordantrotter.com/properties/2701-Washington-Road-Augusta-GA/</a>]]></description>
      <styleUrl>#Jordan_Trotter</styleUrl>
      <Point>
        <coordinates>-82.0234859,33.5097391,0</coordinates>
      </Point>
    </Placemark>
    <Placemark>
      <name>2802 Regency Blvd, Augusta, GA  30904</name>
      <description><![CDATA[<b>Address:</b> 2802 Regency Blvd, Augusta, GA  30904, Augusta, GA 30904<br/><b>Type:</b> For Sale<br/><b>Status:</b> Active<br/><b>Property Type:</b> Free Standing Building<br/><b>Size:</b> 2,208 SF<br/><b>Agent:</b> Wil Kacos<br/><b>Listing:</b> <a href="http://www.jordantrotter.com/properties/1645665-sale/">http://www.jordantrotter.com/properties/1645665-sale/</a>]]></description>
      <styleUrl>#Jordan_Trotter</styleUrl>
      <Point>
        <coordinates>-82.0294653,33.4424393,0</coordinates>
      </Point>
    </Placemark>
    <Placemark>
      <name>2802 Regency Blvd, Augusta, GA  30904</name>
      <description><![CDATA[<b>Address:</b> 2802 Regency Blvd, Augusta, GA  30904, Augusta, GA 30904<br/><b>Type:</b> For Sale<br/><b>Status:</b> Active<br/><b>Property Type:</b> Free Standing Building<br/><b>Size:</b> 2,208 SF<br/><b>Agent:</b> Wil Kacos<br/><b>Listing:</b> <a href="http://www.jordantrotter.com/properties/2802-Regency-Blvd/">http://www.jordantrotter.com/properties/2802-Regency-Blvd/</a>]]></description>
      <styleUrl>#Jordan_Trotter</styleUrl>
      <Point>
        <coordinates>-82.0294653,33.4424393,0</coordinates>
      </Point>
    </Placemark>
    <Placemark>
      <name>2816 Washington Rd, Augusta, GA  30909</name>
      <description><![CDATA[<b>Address:</b> 2816 Washington Rd, Augusta, GA  30909, Augusta, GA 30909<br/><b>Type:</b> For Lease<br/><b>Status:</b> Active<br/><b>Property Type:</b> Street Retail<br/><b>Size:</b> 1,300 SF<br/><b>Agent:</b> Charlie Davis<br/><b>Listing:</b> <a href="http://www.jordantrotter.com/properties/?propertyId=1417186-lease">http://www.jordantrotter.com/properties/?propertyId=1417186-lease</a>]]></description>
      <styleUrl>#Jordan_Trotter</styleUrl>
      <Point>
        <coordinates>-82.0311535,33.5079384,0</coordinates>
      </Point>
    </Placemark>
    <Placemark>
      <name>2816 Washington Rd, Augusta, GA  30909</name>
      <description><![CDATA[<b>Address:</b> 2816 Washington Rd, Augusta, GA  30909, Augusta, GA 30909<br/><b>Type:</b> For Lease<br/><b>Status:</b> Active<br/><b>Property Type:</b> Street Retail<br/><b>Size:</b> 1,300 SF<br/><b>Agent:</b> Charlie Davis<br/><b>Listing:</b> <a href="http://www.jordantrotter.com/properties/1417186-lease/">http://www.jordantrotter.com/properties/1417186-lease/</a>]]></description>
      <styleUrl>#Jordan_Trotter</styleUrl>
      <Point>
        <coordinates>-82.0311535,33.5079384,0</coordinates>
      </Point>
    </Placemark>
    <Placemark>
      <name>2816 Washington Rd, Augusta, GA  30909</name>
      <description><![CDATA[<b>Address:</b> 2816 Washington Rd, Augusta, GA  30909, Augusta, GA 30909<br/><b>Type:</b> For Lease<br/><b>Status:</b> Active<br/><b>Property Type:</b> Street Retail<br/><b>Size:</b> 1,300 SF<br/><b>Agent:</b> Charlie Davis<br/><b>Listing:</b> <a href="http://www.jordantrotter.com/properties/2816-washington-road-augusta-ga/">http://www.jordantrotter.com/properties/2816-washington-road-augusta-ga/</a>]]></description>
      <styleUrl>#Jordan_Trotter</styleUrl>
      <Point>
        <coordinates>-82.0311535,33.5079384,0</coordinates>
      </Point>
    </Placemark>
    <Placemark>
      <name>2826-2848 Lumpkin Road, Augusta, GA  30906</name>
      <description><![CDATA[<b>Address:</b> 2826-2848 Lumpkin Road, Augusta, GA  30906, Augusta, GA 30906<br/><b>Type:</b> For Sale<br/><b>Status:</b> Active<br/><b>Property Type:</b> Retail<br/><b>Size:</b> 20.79 Acres<br/><b>Agent:</b> Liam Welch<br/><b>Listing:</b> <a href="http://www.jordantrotter.com/properties/?propertyId=1102169-sale">http://www.jordantrotter.com/properties/?propertyId=1102169-sale</a>]]></description>
      <styleUrl>#Jordan_Trotter</styleUrl>
      <Point>
        <coordinates>-82.062736,33.431738,0</coordinates>
      </Point>
    </Placemark>
    <Placemark>
      <name>2826-2848 Lumpkin Road, Augusta, GA  30906</name>
      <description><![CDATA[<b>Address:</b> 2826-2848 Lumpkin Road, Augusta, GA  30906, Augusta, GA 30906<br/><b>Type:</b> For Sale<br/><b>Status:</b> Active<br/><b>Property Type:</b> Retail<br/><b>Size:</b> 20.79 Acres<br/><b>Agent:</b> Liam Welch<br/><b>Listing:</b> <a href="http://www.jordantrotter.com/properties/1102169-sale/">http://www.jordantrotter.com/properties/1102169-sale/</a>]]></description>
      <styleUrl>#Jordan_Trotter</styleUrl>
      <Point>
        <coordinates>-82.062736,33.431738,0</coordinates>
      </Point>
    </Placemark>
    <Placemark>
      <name>2826-2848 Lumpkin Road, Augusta, GA  30906</name>
      <description><![CDATA[<b>Address:</b> 2826-2848 Lumpkin Road, Augusta, GA  30906, Augusta, GA 30906<br/><b>Type:</b> For Sale<br/><b>Status:</b> Active<br/><b>Property Type:</b> Retail<br/><b>Size:</b> 20.79 Acres<br/><b>Agent:</b> Liam Welch<br/><b>Listing:</b> <a href="http://www.jordantrotter.com/properties/2826-2848-lumpkin-road-augusta-sale/">http://www.jordantrotter.com/properties/2826-2848-lumpkin-road-augusta-sale/</a>]]></description>
      <styleUrl>#Jordan_Trotter</styleUrl>
      <Point>
        <coordinates>-82.062736,33.431738,0</coordinates>
      </Point>
    </Placemark>
    <Placemark>
      <name>2835 Washington Rd, Augusta, GA  30909</name>
      <description><![CDATA[<b>Address:</b> 2835 Washington Rd, Augusta, GA  30909, Augusta, GA 30909<br/><b>Type:</b> For Lease<br/><b>Status:</b> Active<br/><b>Property Type:</b> Retail-Pad<br/><b>Size:</b> 1.49 Acres<br/><b>Agent:</b> Mason Whatley<br/><b>Listing:</b> <a href="http://www.jordantrotter.com/properties/?propertyId=1417232-lease">http://www.jordantrotter.com/properties/?propertyId=1417232-lease</a>]]></description>
      <styleUrl>#Jordan_Trotter</styleUrl>
      <Point>
        <coordinates>-82.0343159,33.5113951,0</coordinates>
      </Point>
    </Placemark>
    <Placemark>
      <name>2835 Washington Rd, Augusta, GA  30909</name>
      <description><![CDATA[<b>Address:</b> 2835 Washington Rd, Augusta, GA  30909, Augusta, GA 30909<br/><b>Type:</b> For Lease<br/><b>Status:</b> Active<br/><b>Property Type:</b> Retail-Pad<br/><b>Size:</b> 1.49 Acres<br/><b>Agent:</b> Mason Whatley<br/><b>Listing:</b> <a href="http://www.jordantrotter.com/properties/1417232-lease/">http://www.jordantrotter.com/properties/1417232-lease/</a>]]></description>
      <styleUrl>#Jordan_Trotter</styleUrl>
      <Point>
        <coordinates>-82.0343159,33.5113951,0</coordinates>
      </Point>
    </Placemark>
    <Placemark>
      <name>2835 Washington Rd, Augusta, GA  30909</name>
      <description><![CDATA[<b>Address:</b> 2835 Washington Rd, Augusta, GA  30909, Augusta, GA 30909<br/><b>Type:</b> For Lease<br/><b>Status:</b> Active<br/><b>Property Type:</b> Retail-Pad<br/><b>Size:</b> 1.49 Acres<br/><b>Agent:</b> Mason Whatley<br/><b>Listing:</b> <a href="http://www.jordantrotter.com/properties/2835-washington-rd-augusta-ga/">http://www.jordantrotter.com/properties/2835-washington-rd-augusta-ga/</a>]]></description>
      <styleUrl>#Jordan_Trotter</styleUrl>
      <Point>
        <coordinates>-82.0343159,33.5113951,0</coordinates>
      </Point>
    </Placemark>
    <Placemark>
      <name>2848 Washington Rd, Augusta, GA  30909</name>
      <description><![CDATA[<b>Address:</b> 2848 Washington Rd, Augusta, GA  30909, Augusta, GA 30909<br/><b>Type:</b> For Lease<br/><b>Status:</b> Active<br/><b>Property Type:</b> Office<br/><b>Size:</b> 0.67 Acres<br/><b>Agent:</b> Mason Whatley<br/><b>Listing:</b> <a href="http://www.jordantrotter.com/properties/?propertyId=1417206-lease">http://www.jordantrotter.com/properties/?propertyId=1417206-lease</a>]]></description>
      <styleUrl>#Jordan_Trotter</styleUrl>
      <Point>
        <coordinates>-82.0362361,33.5107059,0</coordinates>
      </Point>
    </Placemark>
    <Placemark>
      <name>2848 Washington Rd, Augusta, GA  30909</name>
      <description><![CDATA[<b>Address:</b> 2848 Washington Rd, Augusta, GA  30909, Augusta, GA 30909<br/><b>Type:</b> For Lease<br/><b>Status:</b> Active<br/><b>Property Type:</b> Office<br/><b>Size:</b> 0.67 Acres<br/><b>Agent:</b> Mason Whatley<br/><b>Listing:</b> <a href="http://www.jordantrotter.com/properties/1417206-lease/">http://www.jordantrotter.com/properties/1417206-lease/</a>]]></description>
      <styleUrl>#Jordan_Trotter</styleUrl>
      <Point>
        <coordinates>-82.0362361,33.5107059,0</coordinates>
      </Point>
    </Placemark>
    <Placemark>
      <name>2848 Washington Rd, Augusta, GA  30909</name>
      <description><![CDATA[<b>Address:</b> 2848 Washington Rd, Augusta, GA  30909, Augusta, GA 30909<br/><b>Type:</b> For Lease<br/><b>Status:</b> Active<br/><b>Property Type:</b> Office<br/><b>Size:</b> 0.67 Acres<br/><b>Agent:</b> Mason Whatley<br/><b>Listing:</b> <a href="http://www.jordantrotter.com/properties/2848-washington-rd-augusta-lease/">http://www.jordantrotter.com/properties/2848-washington-rd-augusta-lease/</a>]]></description>
      <styleUrl>#Jordan_Trotter</styleUrl>
      <Point>
        <coordinates>-82.0362361,33.5107059,0</coordinates>
      </Point>
    </Placemark>
    <Placemark>
      <name>2900 Deans Bridge Rd, Augusta, GA  30906</name>
      <description><![CDATA[<b>Address:</b> 2900 Deans Bridge Rd, Augusta, GA  30906, Augusta, GA 30906<br/><b>Type:</b> For Sale<br/><b>Status:</b> Active<br/><b>Property Type:</b> Retail<br/><b>Size:</b> 4.56 Acres<br/><b>Agent:</b> Wil Kacos<br/><b>Listing:</b> <a href="http://www.jordantrotter.com/properties/?propertyId=1488906-sale">http://www.jordantrotter.com/properties/?propertyId=1488906-sale</a>]]></description>
      <styleUrl>#Jordan_Trotter</styleUrl>
      <Point>
        <coordinates>-82.0383339,33.4320341,0</coordinates>
      </Point>
    </Placemark>
    <Placemark>
      <name>2900 Deans Bridge Rd, Augusta, GA  30906</name>
      <description><![CDATA[<b>Address:</b> 2900 Deans Bridge Rd, Augusta, GA  30906, Augusta, GA 30906<br/><b>Type:</b> For Sale<br/><b>Status:</b> Active<br/><b>Property Type:</b> Retail<br/><b>Size:</b> 4.56 Acres<br/><b>Agent:</b> Wil Kacos<br/><b>Listing:</b> <a href="http://www.jordantrotter.com/properties/1488906-sale/">http://www.jordantrotter.com/properties/1488906-sale/</a>]]></description>
      <styleUrl>#Jordan_Trotter</styleUrl>
      <Point>
        <coordinates>-82.0383339,33.4320341,0</coordinates>
      </Point>
    </Placemark>
    <Placemark>
      <name>2900 Deans Bridge Rd, Augusta, GA  30906</name>
      <description><![CDATA[<b>Address:</b> 2900 Deans Bridge Rd, Augusta, GA  30906, Augusta, GA 30906<br/><b>Type:</b> For Sale<br/><b>Status:</b> Active<br/><b>Property Type:</b> Retail<br/><b>Size:</b> 4.56 Acres<br/><b>Agent:</b> Wil Kacos<br/><b>Listing:</b> <a href="http://www.jordantrotter.com/properties/2900-deans-bridge-road-augusta-ga/">http://www.jordantrotter.com/properties/2900-deans-bridge-road-augusta-ga/</a>]]></description>
      <styleUrl>#Jordan_Trotter</styleUrl>
      <Point>
        <coordinates>-82.0383339,33.4320341,0</coordinates>
      </Point>
    </Placemark>
    <Placemark>
      <name>2900 Green Meadows Drive, Augusta, GA  30906</name>
      <description><![CDATA[<b>Address:</b> 2900 Green Meadows Drive, Augusta, GA  30906, Augusta, GA 30906<br/><b>Type:</b> For Sale<br/><b>Status:</b> Active<br/><b>Property Type:</b> Single Family and Multifamily Development<br/><b>Size:</b> 125 Acres<br/><b>Agent:</b> Ryan Martin<br/><b>Listing:</b> <a href="http://www.jordantrotter.com/properties/?propertyId=1499776-sale">http://www.jordantrotter.com/properties/?propertyId=1499776-sale</a>]]></description>
      <styleUrl>#Jordan_Trotter</styleUrl>
      <Point>
        <coordinates>-82.0372731,33.4160004,0</coordinates>
      </Point>
    </Placemark>
    <Placemark>
      <name>2900 Green Meadows Drive, Augusta, GA  30906</name>
      <description><![CDATA[<b>Address:</b> 2900 Green Meadows Drive, Augusta, GA  30906, Augusta, GA 30906<br/><b>Type:</b> For Sale<br/><b>Status:</b> Active<br/><b>Property Type:</b> Single Family and Multifamily Development<br/><b>Size:</b> 125 Acres<br/><b>Agent:</b> Ryan Martin<br/><b>Listing:</b> <a href="http://www.jordantrotter.com/properties/1499776-sale/">http://www.jordantrotter.com/properties/1499776-sale/</a>]]></description>
      <styleUrl>#Jordan_Trotter</styleUrl>
      <Point>
        <coordinates>-82.0372731,33.4160004,0</coordinates>
      </Point>
    </Placemark>
    <Placemark>
      <name>2900 Green Meadows Drive, Augusta, GA  30906</name>
      <description><![CDATA[<b>Address:</b> 2900 Green Meadows Drive, Augusta, GA  30906, Augusta, GA 30906<br/><b>Type:</b> For Sale<br/><b>Status:</b> Active<br/><b>Property Type:</b> Single Family and Multifamily Development<br/><b>Size:</b> 125 Acres<br/><b>Agent:</b> Ryan Martin<br/><b>Listing:</b> <a href="http://www.jordantrotter.com/properties/2900-green-meadows-drive-augusta-sale/">http://www.jordantrotter.com/properties/2900-green-meadows-drive-augusta-sale/</a>]]></description>
      <styleUrl>#Jordan_Trotter</styleUrl>
      <Point>
        <coordinates>-82.0372731,33.4160004,0</coordinates>
      </Point>
    </Placemark>
    <Placemark>
      <name>2907 Washington Road, Augusta, GA  30909</name>
      <description><![CDATA[<b>Address:</b> 2907 Washington Road, Augusta, GA  30909, Augusta, GA 30909<br/><b>Type:</b> For Lease<br/><b>Status:</b> Active<br/><b>Property Type:</b> Strip Center<br/><b>Size:</b> 1,100 - 5,066 SF<br/><b>Agent:</b> Charlie Davis<br/><b>Listing:</b> <a href="http://www.jordantrotter.com/properties/?propertyId=819436-lease">http://www.jordantrotter.com/properties/?propertyId=819436-lease</a>]]></description>
      <styleUrl>#Jordan_Trotter</styleUrl>
      <Point>
        <coordinates>-82.03845749999999,33.5121156,0</coordinates>
      </Point>
    </Placemark>
    <Placemark>
      <name>2907 Washington Road, Augusta, GA  30909</name>
      <description><![CDATA[<b>Address:</b> 2907 Washington Road, Augusta, GA  30909, Augusta, GA 30909<br/><b>Type:</b> For Lease<br/><b>Status:</b> Active<br/><b>Property Type:</b> Strip Center<br/><b>Size:</b> 1,100 - 5,066 SF<br/><b>Agent:</b> Charlie Davis<br/><b>Listing:</b> <a href="http://www.jordantrotter.com/properties/819436-lease/">http://www.jordantrotter.com/properties/819436-lease/</a>]]></description>
      <styleUrl>#Jordan_Trotter</styleUrl>
      <Point>
        <coordinates>-82.03845749999999,33.5121156,0</coordinates>
      </Point>
    </Placemark>
    <Placemark>
      <name>2907 Washington Road, Augusta, GA  30909</name>
      <description><![CDATA[<b>Address:</b> 2907 Washington Road, Augusta, GA  30909, Augusta, GA 30909<br/><b>Type:</b> For Lease<br/><b>Status:</b> Active<br/><b>Property Type:</b> Strip Center<br/><b>Size:</b> 1,100 - 5,066 SF<br/><b>Agent:</b> Charlie Davis<br/><b>Listing:</b> <a href="http://www.jordantrotter.com/properties/2907-Washington-Road-Augusta-GA/">http://www.jordantrotter.com/properties/2907-Washington-Road-Augusta-GA/</a>]]></description>
      <styleUrl>#Jordan_Trotter</styleUrl>
      <Point>
        <coordinates>-82.03845749999999,33.5121156,0</coordinates>
      </Point>
    </Placemark>
    <Placemark>
      <name>3007 Deans Bridge Rd, Augusta, GA  30906</name>
      <description><![CDATA[<b>Address:</b> 3007 Deans Bridge Rd, Augusta, GA  30906, Augusta, GA 30906<br/><b>Type:</b> For Lease<br/><b>Status:</b> Active<br/><b>Property Type:</b> Restaurant<br/><b>Size:</b> 1,239 - 1,779 SF<br/><b>Agent:</b> Charlie Davis<br/><b>Listing:</b> <a href="http://www.jordantrotter.com/properties/?propertyId=1458645-lease">http://www.jordantrotter.com/properties/?propertyId=1458645-lease</a>]]></description>
      <styleUrl>#Jordan_Trotter</styleUrl>
      <Point>
        <coordinates>-82.04397,33.43032,0</coordinates>
      </Point>
    </Placemark>
    <Placemark>
      <name>3007 Deans Bridge Rd, Augusta, GA  30906</name>
      <description><![CDATA[<b>Address:</b> 3007 Deans Bridge Rd, Augusta, GA  30906, Augusta, GA 30906<br/><b>Type:</b> For Lease<br/><b>Status:</b> Active<br/><b>Property Type:</b> Restaurant<br/><b>Size:</b> 1,239 - 1,779 SF<br/><b>Agent:</b> Charlie Davis<br/><b>Listing:</b> <a href="http://www.jordantrotter.com/properties/1458645-lease/">http://www.jordantrotter.com/properties/1458645-lease/</a>]]></description>
      <styleUrl>#Jordan_Trotter</styleUrl>
      <Point>
        <coordinates>-82.04397,33.43032,0</coordinates>
      </Point>
    </Placemark>
    <Placemark>
      <name>3007 Deans Bridge Rd, Augusta, GA  30906</name>
      <description><![CDATA[<b>Address:</b> 3007 Deans Bridge Rd, Augusta, GA  30906, Augusta, GA 30906<br/><b>Type:</b> For Lease<br/><b>Status:</b> Active<br/><b>Property Type:</b> Restaurant<br/><b>Size:</b> 1,239 - 1,779 SF<br/><b>Agent:</b> Charlie Davis<br/><b>Listing:</b> <a href="http://www.jordantrotter.com/properties/3007-Deans-Bridge-Road-Augusta-GA/">http://www.jordantrotter.com/properties/3007-Deans-Bridge-Road-Augusta-GA/</a>]]></description>
      <styleUrl>#Jordan_Trotter</styleUrl>
      <Point>
        <coordinates>-82.04397,33.43032,0</coordinates>
      </Point>
    </Placemark>
    <Placemark>
      <name>3044 Deans Bridge Road, Augusta, GA  30906</name>
      <description><![CDATA[<b>Address:</b> 3044 Deans Bridge Road, Augusta, GA  30906, Augusta, GA 30906<br/><b>Type:</b> For Sale<br/><b>Status:</b> Active<br/><b>Property Type:</b> Retail<br/><b>Size:</b> 1.57 Acres<br/><b>Agent:</b> Liam Welch<br/><b>Listing:</b> <a href="http://www.jordantrotter.com/properties/?propertyId=1623784-sale">http://www.jordantrotter.com/properties/?propertyId=1623784-sale</a>]]></description>
      <styleUrl>#Jordan_Trotter</styleUrl>
      <Point>
        <coordinates>-82.0470368,33.4282423,0</coordinates>
      </Point>
    </Placemark>
    <Placemark>
      <name>3044 Deans Bridge Road, Augusta, GA  30906</name>
      <description><![CDATA[<b>Address:</b> 3044 Deans Bridge Road, Augusta, GA  30906, Augusta, GA 30906<br/><b>Type:</b> For Sale<br/><b>Status:</b> Active<br/><b>Property Type:</b> Retail<br/><b>Size:</b> 1.57 Acres<br/><b>Agent:</b> Liam Welch<br/><b>Listing:</b> <a href="http://www.jordantrotter.com/properties/1623784-sale/">http://www.jordantrotter.com/properties/1623784-sale/</a>]]></description>
      <styleUrl>#Jordan_Trotter</styleUrl>
      <Point>
        <coordinates>-82.0470368,33.4282423,0</coordinates>
      </Point>
    </Placemark>
    <Placemark>
      <name>3044 Deans Bridge Road, Augusta, GA  30906</name>
      <description><![CDATA[<b>Address:</b> 3044 Deans Bridge Road, Augusta, GA  30906, Augusta, GA 30906<br/><b>Type:</b> For Sale<br/><b>Status:</b> Active<br/><b>Property Type:</b> Retail<br/><b>Size:</b> 1.57 Acres<br/><b>Agent:</b> Liam Welch<br/><b>Listing:</b> <a href="http://www.jordantrotter.com/properties/3044-Deans-Bridge-Road-Augusta-GA/">http://www.jordantrotter.com/properties/3044-Deans-Bridge-Road-Augusta-GA/</a>]]></description>
      <styleUrl>#Jordan_Trotter</styleUrl>
      <Point>
        <coordinates>-82.0470368,33.4282423,0</coordinates>
      </Point>
    </Placemark>
    <Placemark>
      <name>3105 Spring Grove Drive, Augusta, GA  30906</name>
      <description><![CDATA[<b>Address:</b> 3105 Spring Grove Drive, Augusta, GA  30906, Augusta, GA 30906<br/><b>Type:</b> For Lease<br/><b>Status:</b> Active<br/><b>Property Type:</b> Flex Space<br/><b>Size:</b> 1,666 - 10,000 SF<br/><b>Agent:</b> Tripp Wilson<br/><b>Listing:</b> <a href="http://www.jordantrotter.com/properties/?propertyId=417752-lease">http://www.jordantrotter.com/properties/?propertyId=417752-lease</a>]]></description>
      <styleUrl>#Jordan_Trotter</styleUrl>
      <Point>
        <coordinates>-82.0747174,33.4225647,0</coordinates>
      </Point>
    </Placemark>
    <Placemark>
      <name>3105 Spring Grove Drive, Augusta, GA  30906</name>
      <description><![CDATA[<b>Address:</b> 3105 Spring Grove Drive, Augusta, GA  30906, Augusta, GA 30906<br/><b>Type:</b> For Lease<br/><b>Status:</b> Active<br/><b>Property Type:</b> Flex Space<br/><b>Size:</b> 1,666 - 10,000 SF<br/><b>Agent:</b> Tripp Wilson<br/><b>Listing:</b> <a href="http://www.jordantrotter.com/properties/417752-lease/">http://www.jordantrotter.com/properties/417752-lease/</a>]]></description>
      <styleUrl>#Jordan_Trotter</styleUrl>
      <Point>
        <coordinates>-82.0747174,33.4225647,0</coordinates>
      </Point>
    </Placemark>
    <Placemark>
      <name>3105 Spring Grove Drive, Augusta, GA  30906</name>
      <description><![CDATA[<b>Address:</b> 3105 Spring Grove Drive, Augusta, GA  30906, Augusta, GA 30906<br/><b>Type:</b> For Lease<br/><b>Status:</b> Active<br/><b>Property Type:</b> Flex Space<br/><b>Size:</b> 1,666 - 10,000 SF<br/><b>Agent:</b> Tripp Wilson<br/><b>Listing:</b> <a href="http://www.jordantrotter.com/properties/3105-Spring-Grove-Drive/">http://www.jordantrotter.com/properties/3105-Spring-Grove-Drive/</a>]]></description>
      <styleUrl>#Jordan_Trotter</styleUrl>
      <Point>
        <coordinates>-82.0747174,33.4225647,0</coordinates>
      </Point>
    </Placemark>
    <Placemark>
      <name>3242 Wrightsboro Road, Augusta, GA  30909</name>
      <description><![CDATA[<b>Address:</b> 3242 Wrightsboro Road, Augusta, GA  30909, Augusta, GA 30909<br/><b>Type:</b> For Lease<br/><b>Status:</b> Active<br/><b>Property Type:</b> Strip Center<br/><b>Size:</b> 3,700 - 5,000 SF<br/><b>Agent:</b> Charlie Davis<br/><b>Listing:</b> <a href="http://www.jordantrotter.com/properties/?propertyId=792999-lease">http://www.jordantrotter.com/properties/?propertyId=792999-lease</a>]]></description>
      <styleUrl>#Jordan_Trotter</styleUrl>
      <Point>
        <coordinates>-82.064691,33.4677949,0</coordinates>
      </Point>
    </Placemark>
    <Placemark>
      <name>3242 Wrightsboro Road, Augusta, GA  30909</name>
      <description><![CDATA[<b>Address:</b> 3242 Wrightsboro Road, Augusta, GA  30909, Augusta, GA 30909<br/><b>Type:</b> For Lease<br/><b>Status:</b> Active<br/><b>Property Type:</b> Strip Center<br/><b>Size:</b> 3,700 - 5,000 SF<br/><b>Agent:</b> Charlie Davis<br/><b>Listing:</b> <a href="http://www.jordantrotter.com/properties/792999-lease/">http://www.jordantrotter.com/properties/792999-lease/</a>]]></description>
      <styleUrl>#Jordan_Trotter</styleUrl>
      <Point>
        <coordinates>-82.064691,33.4677949,0</coordinates>
      </Point>
    </Placemark>
    <Placemark>
      <name>3242 Wrightsboro Road, Augusta, GA  30909</name>
      <description><![CDATA[<b>Address:</b> 3242 Wrightsboro Road, Augusta, GA  30909, Augusta, GA 30909<br/><b>Type:</b> For Lease<br/><b>Status:</b> Active<br/><b>Property Type:</b> Strip Center<br/><b>Size:</b> 3,700 - 5,000 SF<br/><b>Agent:</b> Charlie Davis<br/><b>Listing:</b> <a href="http://www.jordantrotter.com/properties/3242-wrightsboro-road-augusta-ga/">http://www.jordantrotter.com/properties/3242-wrightsboro-road-augusta-ga/</a>]]></description>
      <styleUrl>#Jordan_Trotter</styleUrl>
      <Point>
        <coordinates>-82.064691,33.4677949,0</coordinates>
      </Point>
    </Placemark>
    <Placemark>
      <name>3287 Perkins Rd, Augusta, GA  30906</name>
      <description><![CDATA[<b>Address:</b> 3287 Perkins Rd, Augusta, GA  30906, Augusta, GA 30906<br/><b>Type:</b> For Sale<br/><b>Status:</b> Active<br/><b>Property Type:</b> Industrial<br/><b>Size:</b> 27.4 Acres<br/><b>Agent:</b> Wil Kacos<br/><b>Listing:</b> <a href="http://www.jordantrotter.com/properties/?propertyId=1486036-sale">http://www.jordantrotter.com/properties/?propertyId=1486036-sale</a>]]></description>
      <styleUrl>#Jordan_Trotter</styleUrl>
      <Point>
        <coordinates>-81.99441200000001,33.399892,0</coordinates>
      </Point>
    </Placemark>
    <Placemark>
      <name>3287 Perkins Rd, Augusta, GA  30906</name>
      <description><![CDATA[<b>Address:</b> 3287 Perkins Rd, Augusta, GA  30906, Augusta, GA 30906<br/><b>Type:</b> For Sale<br/><b>Status:</b> Active<br/><b>Property Type:</b> Industrial<br/><b>Size:</b> 27.4 Acres<br/><b>Agent:</b> Wil Kacos<br/><b>Listing:</b> <a href="http://www.jordantrotter.com/properties/1486036-sale/">http://www.jordantrotter.com/properties/1486036-sale/</a>]]></description>
      <styleUrl>#Jordan_Trotter</styleUrl>
      <Point>
        <coordinates>-81.99441200000001,33.399892,0</coordinates>
      </Point>
    </Placemark>
    <Placemark>
      <name>3287 Perkins Rd, Augusta, GA  30906</name>
      <description><![CDATA[<b>Address:</b> 3287 Perkins Rd, Augusta, GA  30906, Augusta, GA 30906<br/><b>Type:</b> For Sale<br/><b>Status:</b> Active<br/><b>Property Type:</b> Industrial<br/><b>Size:</b> 27.4 Acres<br/><b>Agent:</b> Wil Kacos<br/><b>Listing:</b> <a href="http://www.jordantrotter.com/properties/3287-perkins-road-augusta-ga/">http://www.jordantrotter.com/properties/3287-perkins-road-augusta-ga/</a>]]></description>
      <styleUrl>#Jordan_Trotter</styleUrl>
      <Point>
        <coordinates>-81.99441200000001,33.399892,0</coordinates>
      </Point>
    </Placemark>
    <Placemark>
      <name>3311 Washington Rd, Augusta, GA  30907</name>
      <description><![CDATA[<b>Address:</b> 3311 Washington Rd, Augusta, GA  30907, Augusta, GA 30907<br/><b>Type:</b> For Lease<br/><b>Status:</b> Active<br/><b>Property Type:</b> Other<br/><b>Size:</b> 0.47 Acres<br/><b>Agent:</b> Parker Dye<br/><b>Listing:</b> <a href="http://www.jordantrotter.com/properties/?propertyId=119776-lease">http://www.jordantrotter.com/properties/?propertyId=119776-lease</a>]]></description>
      <styleUrl>#Jordan_Trotter</styleUrl>
      <Point>
        <coordinates>-82.0680797,33.5159324,0</coordinates>
      </Point>
    </Placemark>
    <Placemark>
      <name>3311 Washington Rd, Augusta, GA  30907</name>
      <description><![CDATA[<b>Address:</b> 3311 Washington Rd, Augusta, GA  30907, Augusta, GA 30907<br/><b>Type:</b> For Lease<br/><b>Status:</b> Active<br/><b>Property Type:</b> Other<br/><b>Size:</b> 0.47 Acres<br/><b>Agent:</b> Parker Dye<br/><b>Listing:</b> <a href="http://www.jordantrotter.com/properties/119776-lease/">http://www.jordantrotter.com/properties/119776-lease/</a>]]></description>
      <styleUrl>#Jordan_Trotter</styleUrl>
      <Point>
        <coordinates>-82.0680797,33.5159324,0</coordinates>
      </Point>
    </Placemark>
    <Placemark>
      <name>3311 Washington Rd, Augusta, GA  30907</name>
      <description><![CDATA[<b>Address:</b> 3311 Washington Rd, Augusta, GA  30907, Augusta, GA 30907<br/><b>Type:</b> For Lease<br/><b>Status:</b> Active<br/><b>Property Type:</b> Other<br/><b>Size:</b> 0.47 Acres<br/><b>Agent:</b> Parker Dye<br/><b>Listing:</b> <a href="http://www.jordantrotter.com/properties/3311-washington-road-augusta-ga/">http://www.jordantrotter.com/properties/3311-washington-road-augusta-ga/</a>]]></description>
      <styleUrl>#Jordan_Trotter</styleUrl>
      <Point>
        <coordinates>-82.0680797,33.5159324,0</coordinates>
      </Point>
    </Placemark>
    <Placemark>
      <name>3313 Perkins Rd, Augusta, GA  30906</name>
      <description><![CDATA[<b>Address:</b> 3313 Perkins Rd, Augusta, GA  30906, Augusta, GA 30906<br/><b>Type:</b> For Lease<br/><b>Status:</b> Active<br/><b>Property Type:</b> Office Warehouse<br/><b>Size:</b> 1,500 - 3,000 SF<br/><b>Agent:</b> Mason Whatley<br/><b>Listing:</b> <a href="http://www.jordantrotter.com/properties/?propertyId=1549027-lease">http://www.jordantrotter.com/properties/?propertyId=1549027-lease</a>]]></description>
      <styleUrl>#Jordan_Trotter</styleUrl>
      <Point>
        <coordinates>-81.9945125,33.3970354,0</coordinates>
      </Point>
    </Placemark>
    <Placemark>
      <name>3313 Perkins Rd, Augusta, GA  30906</name>
      <description><![CDATA[<b>Address:</b> 3313 Perkins Rd, Augusta, GA  30906, Augusta, GA 30906<br/><b>Type:</b> For Lease<br/><b>Status:</b> Active<br/><b>Property Type:</b> Office Warehouse<br/><b>Size:</b> 1,500 - 3,000 SF<br/><b>Agent:</b> Mason Whatley<br/><b>Listing:</b> <a href="http://www.jordantrotter.com/properties/1549027-lease/">http://www.jordantrotter.com/properties/1549027-lease/</a>]]></description>
      <styleUrl>#Jordan_Trotter</styleUrl>
      <Point>
        <coordinates>-81.9945125,33.3970354,0</coordinates>
      </Point>
    </Placemark>
    <Placemark>
      <name>3313 Perkins Rd, Augusta, GA  30906</name>
      <description><![CDATA[<b>Address:</b> 3313 Perkins Rd, Augusta, GA  30906, Augusta, GA 30906<br/><b>Type:</b> For Lease<br/><b>Status:</b> Active<br/><b>Property Type:</b> Office Warehouse<br/><b>Size:</b> 1,500 - 3,000 SF<br/><b>Agent:</b> Mason Whatley<br/><b>Listing:</b> <a href="http://www.jordantrotter.com/properties/3313-Perkins-Road-Augusta-GA/">http://www.jordantrotter.com/properties/3313-Perkins-Road-Augusta-GA/</a>]]></description>
      <styleUrl>#Jordan_Trotter</styleUrl>
      <Point>
        <coordinates>-81.9945125,33.3970354,0</coordinates>
      </Point>
    </Placemark>
    <Placemark>
      <name>3317 Perkins Road, Augusta, GA  30906</name>
      <description><![CDATA[<b>Address:</b> 3317 Perkins Road, Augusta, GA  30906, Augusta, GA 30906<br/><b>Type:</b> For Lease<br/><b>Status:</b> Active<br/><b>Property Type:</b> Flex Space<br/><b>Size:</b> 11,940 SF<br/><b>Agent:</b> Mason Whatley<br/><b>Listing:</b> <a href="http://www.jordantrotter.com/properties/3317-perkins-road-augusta-lease/">http://www.jordantrotter.com/properties/3317-perkins-road-augusta-lease/</a>]]></description>
      <styleUrl>#Jordan_Trotter</styleUrl>
      <Point>
        <coordinates>-81.99435199999999,33.3961455,0</coordinates>
      </Point>
    </Placemark>
    <Placemark>
      <name>3350 Benson Road, Augusta, GA  30906</name>
      <description><![CDATA[<b>Address:</b> 3350 Benson Road, Augusta, GA  30906, Augusta, GA 30906<br/><b>Type:</b> For Sale<br/><b>Status:</b> Active<br/><b>Property Type:</b> Other<br/><b>Size:</b> 141.94 Acres<br/><b>Agent:</b> Tripp Wilson<br/><b>Listing:</b> <a href="http://www.jordantrotter.com/properties/?propertyId=1242556-sale">http://www.jordantrotter.com/properties/?propertyId=1242556-sale</a>]]></description>
      <styleUrl>#Jordan_Trotter</styleUrl>
      <Point>
        <coordinates>-82.04748500000001,33.408095,0</coordinates>
      </Point>
    </Placemark>
    <Placemark>
      <name>3350 Benson Road, Augusta, GA  30906</name>
      <description><![CDATA[<b>Address:</b> 3350 Benson Road, Augusta, GA  30906, Augusta, GA 30906<br/><b>Type:</b> For Sale<br/><b>Status:</b> Active<br/><b>Property Type:</b> Other<br/><b>Size:</b> 141.94 Acres<br/><b>Agent:</b> Tripp Wilson<br/><b>Listing:</b> <a href="http://www.jordantrotter.com/properties/1242556-sale/">http://www.jordantrotter.com/properties/1242556-sale/</a>]]></description>
      <styleUrl>#Jordan_Trotter</styleUrl>
      <Point>
        <coordinates>-82.04748500000001,33.408095,0</coordinates>
      </Point>
    </Placemark>
    <Placemark>
      <name>3350 Benson Road, Augusta, GA  30906</name>
      <description><![CDATA[<b>Address:</b> 3350 Benson Road, Augusta, GA  30906, Augusta, GA 30906<br/><b>Type:</b> For Sale<br/><b>Status:</b> Under Contract<br/><b>Property Type:</b> Other<br/><b>Size:</b> 141.94 Acres<br/><b>Agent:</b> Tripp Wilson<br/><b>Listing:</b> <a href="http://www.jordantrotter.com/properties/3350-benson-road-augusta-sale/">http://www.jordantrotter.com/properties/3350-benson-road-augusta-sale/</a>]]></description>
      <styleUrl>#Jordan_Trotter</styleUrl>
      <Point>
        <coordinates>-82.04748500000001,33.408095,0</coordinates>
      </Point>
    </Placemark>
    <Placemark>
      <name>339 Furys Ferry Road, Augusta, GA  30907</name>
      <description><![CDATA[<b>Address:</b> 339 Furys Ferry Road, Augusta, GA  30907, Augusta, GA 30907<br/><b>Type:</b> For Lease<br/><b>Status:</b> Active<br/><b>Property Type:</b> Strip Center<br/><b>Size:</b> 1,250 SF<br/><b>Agent:</b> Tripp Wilson<br/><b>Listing:</b> <a href="http://www.jordantrotter.com/properties/?propertyId=1577919-lease">http://www.jordantrotter.com/properties/?propertyId=1577919-lease</a>]]></description>
      <styleUrl>#Jordan_Trotter</styleUrl>
      <Point>
        <coordinates>-82.0710045,33.5263781,0</coordinates>
      </Point>
    </Placemark>
    <Placemark>
      <name>339 Furys Ferry Road, Augusta, GA  30907</name>
      <description><![CDATA[<b>Address:</b> 339 Furys Ferry Road, Augusta, GA  30907, Augusta, GA 30907<br/><b>Type:</b> For Lease<br/><b>Status:</b> Active<br/><b>Property Type:</b> Strip Center<br/><b>Size:</b> 1,250 SF<br/><b>Agent:</b> Tripp Wilson<br/><b>Listing:</b> <a href="http://www.jordantrotter.com/properties/1577919-lease/">http://www.jordantrotter.com/properties/1577919-lease/</a>]]></description>
      <styleUrl>#Jordan_Trotter</styleUrl>
      <Point>
        <coordinates>-82.0710045,33.5263781,0</coordinates>
      </Point>
    </Placemark>
    <Placemark>
      <name>339 Furys Ferry Road, Augusta, GA  30907</name>
      <description><![CDATA[<b>Address:</b> 339 Furys Ferry Road, Augusta, GA  30907, Augusta, GA 30907<br/><b>Type:</b> For Lease<br/><b>Status:</b> Active<br/><b>Property Type:</b> Strip Center<br/><b>Size:</b> 1,250 SF<br/><b>Agent:</b> Tripp Wilson<br/><b>Listing:</b> <a href="http://www.jordantrotter.com/properties/339-Furys-Ferry-Road-Augusta-GA/">http://www.jordantrotter.com/properties/339-Furys-Ferry-Road-Augusta-GA/</a>]]></description>
      <styleUrl>#Jordan_Trotter</styleUrl>
      <Point>
        <coordinates>-82.0710045,33.5263781,0</coordinates>
      </Point>
    </Placemark>
    <Placemark>
      <name>3421 Milledgeville Road, Augusta, GA  30909</name>
      <description><![CDATA[<b>Address:</b> 3421 Milledgeville Road, Augusta, GA  30909, Augusta, GA 30909<br/><b>Type:</b> For Lease<br/><b>Status:</b> Active<br/><b>Property Type:</b> Flex Space<br/><b>Size:</b> 900 SF<br/><b>Agent:</b> Robert McCrary<br/><b>Listing:</b> <a href="http://www.jordantrotter.com/properties/?propertyId=1272748-lease">http://www.jordantrotter.com/properties/?propertyId=1272748-lease</a>]]></description>
      <styleUrl>#Jordan_Trotter</styleUrl>
      <Point>
        <coordinates>-82.0656329,33.44702790000001,0</coordinates>
      </Point>
    </Placemark>
    <Placemark>
      <name>3421 Milledgeville Road, Augusta, GA  30909</name>
      <description><![CDATA[<b>Address:</b> 3421 Milledgeville Road, Augusta, GA  30909, Augusta, GA 30909<br/><b>Type:</b> For Lease<br/><b>Status:</b> Active<br/><b>Property Type:</b> Flex Space<br/><b>Size:</b> 900 SF<br/><b>Agent:</b> Robert McCrary<br/><b>Listing:</b> <a href="http://www.jordantrotter.com/properties/1272748-lease/">http://www.jordantrotter.com/properties/1272748-lease/</a>]]></description>
      <styleUrl>#Jordan_Trotter</styleUrl>
      <Point>
        <coordinates>-82.0656329,33.44702790000001,0</coordinates>
      </Point>
    </Placemark>
    <Placemark>
      <name>3421 Milledgeville Road, Augusta, GA  30909</name>
      <description><![CDATA[<b>Address:</b> 3421 Milledgeville Road, Augusta, GA  30909, Augusta, GA 30909<br/><b>Type:</b> For Lease<br/><b>Status:</b> Active<br/><b>Property Type:</b> Flex Space<br/><b>Size:</b> 900 SF<br/><b>Agent:</b> Robert McCrary<br/><b>Listing:</b> <a href="http://www.jordantrotter.com/properties/3421-Milledgeville-Road-augusta-ga/">http://www.jordantrotter.com/properties/3421-Milledgeville-Road-augusta-ga/</a>]]></description>
      <styleUrl>#Jordan_Trotter</styleUrl>
      <Point>
        <coordinates>-82.0656329,33.44702790000001,0</coordinates>
      </Point>
    </Placemark>
    <Placemark>
      <name>3461 1/2 Peach Orchard Road, Augusta, GA  30906</name>
      <description><![CDATA[<b>Address:</b> 3461 1/2 Peach Orchard Road, Augusta, GA  30906, Augusta, GA 30906<br/><b>Type:</b> For Sale<br/><b>Status:</b> Active<br/><b>Property Type:</b> Retail-Pad<br/><b>Size:</b> 0.95 Acres<br/><b>Agent:</b> Holton Brinson<br/><b>Listing:</b> <a href="http://www.jordantrotter.com/properties/?propertyId=237647-sale">http://www.jordantrotter.com/properties/?propertyId=237647-sale</a>]]></description>
      <styleUrl>#Jordan_Trotter</styleUrl>
      <Point>
        <coordinates>-82.0276478,33.3896422,0</coordinates>
      </Point>
    </Placemark>
    <Placemark>
      <name>3461 1/2 Peach Orchard Road, Augusta, GA  30906</name>
      <description><![CDATA[<b>Address:</b> 3461 1/2 Peach Orchard Road, Augusta, GA  30906, Augusta, GA 30906<br/><b>Type:</b> For Sale<br/><b>Status:</b> Active<br/><b>Property Type:</b> Retail-Pad<br/><b>Size:</b> 0.95 Acres<br/><b>Agent:</b> Holton Brinson<br/><b>Listing:</b> <a href="http://www.jordantrotter.com/properties/237647-sale/">http://www.jordantrotter.com/properties/237647-sale/</a>]]></description>
      <styleUrl>#Jordan_Trotter</styleUrl>
      <Point>
        <coordinates>-82.0276478,33.3896422,0</coordinates>
      </Point>
    </Placemark>
    <Placemark>
      <name>3461 1/2 Peach Orchard Road, Augusta, GA  30906</name>
      <description><![CDATA[<b>Address:</b> 3461 1/2 Peach Orchard Road, Augusta, GA  30906, Augusta, GA 30906<br/><b>Type:</b> For Sale<br/><b>Status:</b> Active<br/><b>Property Type:</b> Retail-Pad<br/><b>Size:</b> 0.95 Acres<br/><b>Agent:</b> Holton Brinson<br/><b>Listing:</b> <a href="http://www.jordantrotter.com/properties/3461-Peach-Orchard-Road/">http://www.jordantrotter.com/properties/3461-Peach-Orchard-Road/</a>]]></description>
      <styleUrl>#Jordan_Trotter</styleUrl>
      <Point>
        <coordinates>-82.0276478,33.3896422,0</coordinates>
      </Point>
    </Placemark>
    <Placemark>
      <name>3515 Wheeler Rd, Augusta, GA  30909</name>
      <description><![CDATA[<b>Address:</b> 3515 Wheeler Rd, Augusta, GA  30909, Augusta, GA 30909<br/><b>Type:</b> For Lease<br/><b>Status:</b> Active<br/><b>Property Type:</b> Office Building<br/><b>Size:</b> 6,018 SF<br/><b>Agent:</b> Parker Dye<br/><b>Listing:</b> <a href="http://www.jordantrotter.com/properties/?propertyId=1640281-lease">http://www.jordantrotter.com/properties/?propertyId=1640281-lease</a>]]></description>
      <styleUrl>#Jordan_Trotter</styleUrl>
      <Point>
        <coordinates>-82.0759513,33.488039,0</coordinates>
      </Point>
    </Placemark>
    <Placemark>
      <name>3515 Wheeler Rd, Augusta, GA  30909</name>
      <description><![CDATA[<b>Address:</b> 3515 Wheeler Rd, Augusta, GA  30909, Augusta, GA 30909<br/><b>Type:</b> For Lease<br/><b>Status:</b> Active<br/><b>Property Type:</b> Office Building<br/><b>Size:</b> 6,018 SF<br/><b>Agent:</b> Parker Dye<br/><b>Listing:</b> <a href="http://www.jordantrotter.com/properties/1640281-lease/">http://www.jordantrotter.com/properties/1640281-lease/</a>]]></description>
      <styleUrl>#Jordan_Trotter</styleUrl>
      <Point>
        <coordinates>-82.0759513,33.488039,0</coordinates>
      </Point>
    </Placemark>
    <Placemark>
      <name>3515 Wheeler Rd, Augusta, GA  30909</name>
      <description><![CDATA[<b>Address:</b> 3515 Wheeler Rd, Augusta, GA  30909, Augusta, GA 30909<br/><b>Type:</b> For Lease<br/><b>Status:</b> Active<br/><b>Property Type:</b> Office Building<br/><b>Size:</b> 6,018 SF<br/><b>Agent:</b> Parker Dye<br/><b>Listing:</b> <a href="http://www.jordantrotter.com/properties/3515-Wheeler-Road/">http://www.jordantrotter.com/properties/3515-Wheeler-Road/</a>]]></description>
      <styleUrl>#Jordan_Trotter</styleUrl>
      <Point>
        <coordinates>-82.0759513,33.488039,0</coordinates>
      </Point>
    </Placemark>
    <Placemark>
      <name>3521 Walton Way Ext, Augusta, GA  30909</name>
      <description><![CDATA[<b>Address:</b> 3521 Walton Way Ext, Augusta, GA  30909, Augusta, GA 30909<br/><b>Type:</b> For Lease<br/><b>Status:</b> Active<br/><b>Property Type:</b> Strip Center<br/><b>Size:</b> 1,160 SF<br/><b>Agent:</b> Liam Welch<br/><b>Listing:</b> <a href="http://www.jordantrotter.com/properties/?propertyId=1512935-lease">http://www.jordantrotter.com/properties/?propertyId=1512935-lease</a>]]></description>
      <styleUrl>#Jordan_Trotter</styleUrl>
      <Point>
        <coordinates>-82.071888,33.4863651,0</coordinates>
      </Point>
    </Placemark>
    <Placemark>
      <name>3521 Walton Way Ext, Augusta, GA  30909</name>
      <description><![CDATA[<b>Address:</b> 3521 Walton Way Ext, Augusta, GA  30909, Augusta, GA 30909<br/><b>Type:</b> For Lease<br/><b>Status:</b> Active<br/><b>Property Type:</b> Strip Center<br/><b>Size:</b> 1,160 SF<br/><b>Agent:</b> Liam Welch<br/><b>Listing:</b> <a href="http://www.jordantrotter.com/properties/1512935-lease/">http://www.jordantrotter.com/properties/1512935-lease/</a>]]></description>
      <styleUrl>#Jordan_Trotter</styleUrl>
      <Point>
        <coordinates>-82.071888,33.4863651,0</coordinates>
      </Point>
    </Placemark>
    <Placemark>
      <name>3521 Walton Way Ext, Augusta, GA  30909</name>
      <description><![CDATA[<b>Address:</b> 3521 Walton Way Ext, Augusta, GA  30909, Augusta, GA 30909<br/><b>Type:</b> For Lease<br/><b>Status:</b> Active<br/><b>Property Type:</b> Strip Center<br/><b>Size:</b> 1,160 SF<br/><b>Agent:</b> Liam Welch<br/><b>Listing:</b> <a href="http://www.jordantrotter.com/properties/3521-Walton-Way-Ext/">http://www.jordantrotter.com/properties/3521-Walton-Way-Ext/</a>]]></description>
      <styleUrl>#Jordan_Trotter</styleUrl>
      <Point>
        <coordinates>-82.071888,33.4863651,0</coordinates>
      </Point>
    </Placemark>
    <Placemark>
      <name>3527 Walton Way Ext., Augusta, GA  30909</name>
      <description><![CDATA[<b>Address:</b> 3527 Walton Way Ext., Augusta, GA  30909, Augusta, GA 30909<br/><b>Type:</b> For Lease<br/><b>Status:</b> Active<br/><b>Property Type:</b> Office Building<br/><b>Size:</b> 4,000 SF<br/><b>Agent:</b> Parker Dye<br/><b>Listing:</b> <a href="http://www.jordantrotter.com/properties/?propertyId=1045972-lease">http://www.jordantrotter.com/properties/?propertyId=1045972-lease</a>]]></description>
      <styleUrl>#Jordan_Trotter</styleUrl>
      <Point>
        <coordinates>-82.0717224,33.4869551,0</coordinates>
      </Point>
    </Placemark>
    <Placemark>
      <name>3527 Walton Way Ext., Augusta, GA  30909</name>
      <description><![CDATA[<b>Address:</b> 3527 Walton Way Ext., Augusta, GA  30909, Augusta, GA 30909<br/><b>Type:</b> For Lease<br/><b>Status:</b> Active<br/><b>Property Type:</b> Office Building<br/><b>Size:</b> 4,000 SF<br/><b>Agent:</b> Parker Dye<br/><b>Listing:</b> <a href="http://www.jordantrotter.com/properties/1045972-lease/">http://www.jordantrotter.com/properties/1045972-lease/</a>]]></description>
      <styleUrl>#Jordan_Trotter</styleUrl>
      <Point>
        <coordinates>-82.0717224,33.4869551,0</coordinates>
      </Point>
    </Placemark>
    <Placemark>
      <name>3527 Walton Way Ext., Augusta, GA  30909</name>
      <description><![CDATA[<b>Address:</b> 3527 Walton Way Ext., Augusta, GA  30909, Augusta, GA 30909<br/><b>Type:</b> For Lease<br/><b>Status:</b> Active<br/><b>Property Type:</b> Office Building<br/><b>Size:</b> 4,000 SF<br/><b>Agent:</b> Parker Dye<br/><b>Listing:</b> <a href="http://www.jordantrotter.com/properties/3527-Walton-Way-Ext/">http://www.jordantrotter.com/properties/3527-Walton-Way-Ext/</a>]]></description>
      <styleUrl>#Jordan_Trotter</styleUrl>
      <Point>
        <coordinates>-82.0717224,33.4869551,0</coordinates>
      </Point>
    </Placemark>
    <Placemark>
      <name>3570 Mike Padgett Highway, Augusta, GA  30906</name>
      <description><![CDATA[<b>Address:</b> 3570 Mike Padgett Highway, Augusta, GA  30906, Augusta, GA 30906<br/><b>Type:</b> For Sale<br/><b>Status:</b> Active<br/><b>Property Type:</b> Residential<br/><b>Size:</b> 16 Acres<br/><b>Agent:</b> Wil Kacos<br/><b>Listing:</b> <a href="http://www.jordantrotter.com/properties/?propertyId=1030387-sale">http://www.jordantrotter.com/properties/?propertyId=1030387-sale</a>]]></description>
      <styleUrl>#Jordan_Trotter</styleUrl>
      <Point>
        <coordinates>-81.99865400000002,33.377747,0</coordinates>
      </Point>
    </Placemark>
    <Placemark>
      <name>3570 Mike Padgett Highway, Augusta, GA  30906</name>
      <description><![CDATA[<b>Address:</b> 3570 Mike Padgett Highway, Augusta, GA  30906, Augusta, GA 30906<br/><b>Type:</b> For Sale<br/><b>Status:</b> Active<br/><b>Property Type:</b> Residential<br/><b>Size:</b> 16 Acres<br/><b>Agent:</b> Wil Kacos<br/><b>Listing:</b> <a href="http://www.jordantrotter.com/properties/1030387-sale/">http://www.jordantrotter.com/properties/1030387-sale/</a>]]></description>
      <styleUrl>#Jordan_Trotter</styleUrl>
      <Point>
        <coordinates>-81.99865400000002,33.377747,0</coordinates>
      </Point>
    </Placemark>
    <Placemark>
      <name>3570 Mike Padgett Highway, Augusta, GA  30906</name>
      <description><![CDATA[<b>Address:</b> 3570 Mike Padgett Highway, Augusta, GA  30906, Augusta, GA 30906<br/><b>Type:</b> For Sale<br/><b>Status:</b> Active<br/><b>Property Type:</b> Residential<br/><b>Size:</b> 16 Acres<br/><b>Agent:</b> Wil Kacos<br/><b>Listing:</b> <a href="http://www.jordantrotter.com/properties/3570-mike-padgett-highway-augusta-ga/">http://www.jordantrotter.com/properties/3570-mike-padgett-highway-augusta-ga/</a>]]></description>
      <styleUrl>#Jordan_Trotter</styleUrl>
      <Point>
        <coordinates>-81.99865400000002,33.377747,0</coordinates>
      </Point>
    </Placemark>
    <Placemark>
      <name>3580 Peach Orchard Rd, Augusta, GA  30906</name>
      <description><![CDATA[<b>Address:</b> 3580 Peach Orchard Rd, Augusta, GA  30906, Augusta, GA 30906<br/><b>Type:</b> For Sale<br/><b>Status:</b> Active<br/><b>Property Type:</b> Retail<br/><b>Size:</b> 5.65 Acres<br/><b>Agent:</b> Wil Kacos<br/><b>Listing:</b> <a href="http://www.jordantrotter.com/properties/?propertyId=1507802-sale">http://www.jordantrotter.com/properties/?propertyId=1507802-sale</a>]]></description>
      <styleUrl>#Jordan_Trotter</styleUrl>
      <Point>
        <coordinates>-82.02940559999999,33.3765539,0</coordinates>
      </Point>
    </Placemark>
    <Placemark>
      <name>3580 Peach Orchard Rd, Augusta, GA  30906</name>
      <description><![CDATA[<b>Address:</b> 3580 Peach Orchard Rd, Augusta, GA  30906, Augusta, GA 30906<br/><b>Type:</b> For Sale<br/><b>Status:</b> Active<br/><b>Property Type:</b> Retail<br/><b>Size:</b> 5.65 Acres<br/><b>Agent:</b> Wil Kacos<br/><b>Listing:</b> <a href="http://www.jordantrotter.com/properties/1507802-sale/">http://www.jordantrotter.com/properties/1507802-sale/</a>]]></description>
      <styleUrl>#Jordan_Trotter</styleUrl>
      <Point>
        <coordinates>-82.02940559999999,33.3765539,0</coordinates>
      </Point>
    </Placemark>
    <Placemark>
      <name>3580 Peach Orchard Rd, Augusta, GA  30906</name>
      <description><![CDATA[<b>Address:</b> 3580 Peach Orchard Rd, Augusta, GA  30906, Augusta, GA 30906<br/><b>Type:</b> For Sale<br/><b>Status:</b> Active<br/><b>Property Type:</b> Retail<br/><b>Size:</b> 5.65 Acres<br/><b>Agent:</b> Wil Kacos<br/><b>Listing:</b> <a href="http://www.jordantrotter.com/properties/3580-peach-orchard-road-augusta-ga/">http://www.jordantrotter.com/properties/3580-peach-orchard-road-augusta-ga/</a>]]></description>
      <styleUrl>#Jordan_Trotter</styleUrl>
      <Point>
        <coordinates>-82.02940559999999,33.3765539,0</coordinates>
      </Point>
    </Placemark>
    <Placemark>
      <name>3596 C Windsor Spring Road, Augusta, GA  30906</name>
      <description><![CDATA[<b>Address:</b> 3596 C Windsor Spring Road, Augusta, GA  30906, Augusta, GA 30906<br/><b>Type:</b> For Sale<br/><b>Status:</b> Active<br/><b>Property Type:</b> Residential<br/><b>Size:</b> 94 Acres<br/><b>Agent:</b> Tripp Wilson<br/><b>Listing:</b> <a href="http://www.jordantrotter.com/properties/?propertyId=193704-sale">http://www.jordantrotter.com/properties/?propertyId=193704-sale</a>]]></description>
      <styleUrl>#Jordan_Trotter</styleUrl>
      <Point>
        <coordinates>-82.06441920000002,33.3869754,0</coordinates>
      </Point>
    </Placemark>
    <Placemark>
      <name>3596 C Windsor Spring Road, Augusta, GA  30906</name>
      <description><![CDATA[<b>Address:</b> 3596 C Windsor Spring Road, Augusta, GA  30906, Augusta, GA 30906<br/><b>Type:</b> For Sale<br/><b>Status:</b> Active<br/><b>Property Type:</b> Residential<br/><b>Size:</b> 94 Acres<br/><b>Agent:</b> Tripp Wilson<br/><b>Listing:</b> <a href="http://www.jordantrotter.com/properties/193704-sale/">http://www.jordantrotter.com/properties/193704-sale/</a>]]></description>
      <styleUrl>#Jordan_Trotter</styleUrl>
      <Point>
        <coordinates>-82.06441920000002,33.3869754,0</coordinates>
      </Point>
    </Placemark>
    <Placemark>
      <name>3596 C Windsor Spring Road, Augusta, GA  30906</name>
      <description><![CDATA[<b>Address:</b> 3596 C Windsor Spring Road, Augusta, GA  30906, Augusta, GA 30906<br/><b>Type:</b> For Sale<br/><b>Status:</b> Active<br/><b>Property Type:</b> Residential<br/><b>Size:</b> 94 Acres<br/><b>Agent:</b> Tripp Wilson<br/><b>Listing:</b> <a href="http://www.jordantrotter.com/properties/3596-C-Windsor-Spring-Road-Augusta-GA/">http://www.jordantrotter.com/properties/3596-C-Windsor-Spring-Road-Augusta-GA/</a>]]></description>
      <styleUrl>#Jordan_Trotter</styleUrl>
      <Point>
        <coordinates>-82.06441920000002,33.3869754,0</coordinates>
      </Point>
    </Placemark>
    <Placemark>
      <name>3601 Milledgeville Rd, Augusta, GA  30909</name>
      <description><![CDATA[<b>Address:</b> 3601 Milledgeville Rd, Augusta, GA  30909, Augusta, GA 30909<br/><b>Type:</b> For Sale<br/><b>Status:</b> Active<br/><b>Property Type:</b> Retail<br/><b>Size:</b> 0.92 Acres<br/><b>Agent:</b> Tripp Wilson<br/><b>Listing:</b> <a href="http://www.jordantrotter.com/properties/?propertyId=1444985-sale">http://www.jordantrotter.com/properties/?propertyId=1444985-sale</a>]]></description>
      <styleUrl>#Jordan_Trotter</styleUrl>
      <Point>
        <coordinates>-82.086412,33.4454459,0</coordinates>
      </Point>
    </Placemark>
    <Placemark>
      <name>3601 Milledgeville Rd, Augusta, GA  30909</name>
      <description><![CDATA[<b>Address:</b> 3601 Milledgeville Rd, Augusta, GA  30909, Augusta, GA 30909<br/><b>Type:</b> For Sale<br/><b>Status:</b> Active<br/><b>Property Type:</b> Retail<br/><b>Size:</b> 0.92 Acres<br/><b>Agent:</b> Tripp Wilson<br/><b>Listing:</b> <a href="http://www.jordantrotter.com/properties/1444985-sale/">http://www.jordantrotter.com/properties/1444985-sale/</a>]]></description>
      <styleUrl>#Jordan_Trotter</styleUrl>
      <Point>
        <coordinates>-82.086412,33.4454459,0</coordinates>
      </Point>
    </Placemark>
    <Placemark>
      <name>3601 Milledgeville Rd, Augusta, GA  30909</name>
      <description><![CDATA[<b>Address:</b> 3601 Milledgeville Rd, Augusta, GA  30909, Augusta, GA 30909<br/><b>Type:</b> For Sale<br/><b>Status:</b> Active<br/><b>Property Type:</b> Retail<br/><b>Size:</b> 0.92 Acres<br/><b>Agent:</b> Tripp Wilson<br/><b>Listing:</b> <a href="http://www.jordantrotter.com/properties/3601-milledgeville-road-augusta-ga/">http://www.jordantrotter.com/properties/3601-milledgeville-road-augusta-ga/</a>]]></description>
      <styleUrl>#Jordan_Trotter</styleUrl>
      <Point>
        <coordinates>-82.086412,33.4454459,0</coordinates>
      </Point>
    </Placemark>
    <Placemark>
      <name>3601 Walton Way Extension , Augusta, GA  30909</name>
      <description><![CDATA[<b>Address:</b> 3601 Walton Way Extension , Augusta, GA  30909, Augusta, GA 30909<br/><b>Type:</b> For Lease<br/><b>Status:</b> Active<br/><b>Property Type:</b> Retail or Office<br/><b>Size:</b> 1.41 Acres<br/><b>Agent:</b> Mason Whatley<br/><b>Listing:</b> <a href="http://www.jordantrotter.com/properties/?propertyId=1479337-lease">http://www.jordantrotter.com/properties/?propertyId=1479337-lease</a>]]></description>
      <styleUrl>#Jordan_Trotter</styleUrl>
      <Point>
        <coordinates>-82.0730292,33.4880501,0</coordinates>
      </Point>
    </Placemark>
    <Placemark>
      <name>3601 Walton Way Extension , Augusta, GA  30909</name>
      <description><![CDATA[<b>Address:</b> 3601 Walton Way Extension , Augusta, GA  30909, Augusta, GA 30909<br/><b>Type:</b> For Lease<br/><b>Status:</b> Active<br/><b>Property Type:</b> Retail or Office<br/><b>Size:</b> 1.41 Acres<br/><b>Agent:</b> Mason Whatley<br/><b>Listing:</b> <a href="http://www.jordantrotter.com/properties/1479337-lease/">http://www.jordantrotter.com/properties/1479337-lease/</a>]]></description>
      <styleUrl>#Jordan_Trotter</styleUrl>
      <Point>
        <coordinates>-82.0730292,33.4880501,0</coordinates>
      </Point>
    </Placemark>
    <Placemark>
      <name>3601 Walton Way Extension , Augusta, GA  30909</name>
      <description><![CDATA[<b>Address:</b> 3601 Walton Way Extension , Augusta, GA  30909, Augusta, GA 30909<br/><b>Type:</b> For Lease<br/><b>Status:</b> Active<br/><b>Property Type:</b> Retail or Office<br/><b>Size:</b> 1.41 Acres<br/><b>Agent:</b> Mason Whatley<br/><b>Listing:</b> <a href="http://www.jordantrotter.com/properties/3601-Walton-Way-Extension/">http://www.jordantrotter.com/properties/3601-Walton-Way-Extension/</a>]]></description>
      <styleUrl>#Jordan_Trotter</styleUrl>
      <Point>
        <coordinates>-82.0730292,33.4880501,0</coordinates>
      </Point>
    </Placemark>
    <Placemark>
      <name>3602 Exchange Ln, Augusta, GA  30909</name>
      <description><![CDATA[<b>Address:</b> 3602 Exchange Ln, Augusta, GA  30909, Augusta, GA 30909<br/><b>Type:</b> For Lease<br/><b>Status:</b> Active<br/><b>Property Type:</b> Street Retail<br/><b>Size:</b> 1,420 SF<br/><b>Agent:</b> Charlie Davis<br/><b>Listing:</b> <a href="http://www.jordantrotter.com/properties/?propertyId=1535912-lease">http://www.jordantrotter.com/properties/?propertyId=1535912-lease</a>]]></description>
      <styleUrl>#Jordan_Trotter</styleUrl>
      <Point>
        <coordinates>-82.07552,33.4900837,0</coordinates>
      </Point>
    </Placemark>
    <Placemark>
      <name>3602 Exchange Ln, Augusta, GA  30909</name>
      <description><![CDATA[<b>Address:</b> 3602 Exchange Ln, Augusta, GA  30909, Augusta, GA 30909<br/><b>Type:</b> For Lease<br/><b>Status:</b> Active<br/><b>Property Type:</b> Street Retail<br/><b>Size:</b> 1,420 SF<br/><b>Agent:</b> Charlie Davis<br/><b>Listing:</b> <a href="http://www.jordantrotter.com/properties/1535912-lease/">http://www.jordantrotter.com/properties/1535912-lease/</a>]]></description>
      <styleUrl>#Jordan_Trotter</styleUrl>
      <Point>
        <coordinates>-82.07552,33.4900837,0</coordinates>
      </Point>
    </Placemark>
    <Placemark>
      <name>3602 Exchange Ln, Augusta, GA  30909</name>
      <description><![CDATA[<b>Address:</b> 3602 Exchange Ln, Augusta, GA  30909, Augusta, GA 30909<br/><b>Type:</b> For Lease<br/><b>Status:</b> Active<br/><b>Property Type:</b> Street Retail<br/><b>Size:</b> 1,420 SF<br/><b>Agent:</b> Charlie Davis<br/><b>Listing:</b> <a href="http://www.jordantrotter.com/properties/3602-Exchange-Lane-Augusta-GA/">http://www.jordantrotter.com/properties/3602-Exchange-Lane-Augusta-GA/</a>]]></description>
      <styleUrl>#Jordan_Trotter</styleUrl>
      <Point>
        <coordinates>-82.07552,33.4900837,0</coordinates>
      </Point>
    </Placemark>
    <Placemark>
      <name>3606 Peach Orchard Road, Augusta, GA  30906</name>
      <description><![CDATA[<b>Address:</b> 3606 Peach Orchard Road, Augusta, GA  30906, Augusta, GA 30906<br/><b>Type:</b> For Sale<br/><b>Status:</b> Active<br/><b>Property Type:</b> Retail<br/><b>Size:</b> 1.63 Acres<br/><b>Agent:</b> Tripp Wilson<br/><b>Listing:</b> <a href="http://www.jordantrotter.com/properties/?propertyId=227968-sale">http://www.jordantrotter.com/properties/?propertyId=227968-sale</a>]]></description>
      <styleUrl>#Jordan_Trotter</styleUrl>
      <Point>
        <coordinates>-82.031826,33.372073,0</coordinates>
      </Point>
    </Placemark>
    <Placemark>
      <name>3606 Peach Orchard Road, Augusta, GA  30906</name>
      <description><![CDATA[<b>Address:</b> 3606 Peach Orchard Road, Augusta, GA  30906, Augusta, GA 30906<br/><b>Type:</b> For Sale<br/><b>Status:</b> Active<br/><b>Property Type:</b> Retail<br/><b>Size:</b> 1.63 Acres<br/><b>Agent:</b> Tripp Wilson<br/><b>Listing:</b> <a href="http://www.jordantrotter.com/properties/227968-sale/">http://www.jordantrotter.com/properties/227968-sale/</a>]]></description>
      <styleUrl>#Jordan_Trotter</styleUrl>
      <Point>
        <coordinates>-82.031826,33.372073,0</coordinates>
      </Point>
    </Placemark>
    <Placemark>
      <name>3606 Peach Orchard Road, Augusta, GA  30906</name>
      <description><![CDATA[<b>Address:</b> 3606 Peach Orchard Road, Augusta, GA  30906, Augusta, GA 30906<br/><b>Type:</b> For Sale<br/><b>Status:</b> Active<br/><b>Property Type:</b> Retail<br/><b>Size:</b> 1.63 Acres<br/><b>Agent:</b> Tripp Wilson<br/><b>Listing:</b> <a href="http://www.jordantrotter.com/properties/3606-Peach-Orchard-Road-Augusta-GA/">http://www.jordantrotter.com/properties/3606-Peach-Orchard-Road-Augusta-GA/</a>]]></description>
      <styleUrl>#Jordan_Trotter</styleUrl>
      <Point>
        <coordinates>-82.031826,33.372073,0</coordinates>
      </Point>
    </Placemark>
    <Placemark>
      <name>3624 J Dewey Gray Cir, Augusta, GA  30909</name>
      <description><![CDATA[<b>Address:</b> 3624 J Dewey Gray Cir, Augusta, GA  30909, Augusta, GA 30909<br/><b>Type:</b> For Lease<br/><b>Status:</b> Active<br/><b>Property Type:</b> Medical<br/><b>Size:</b> 1,924 - 2,123 SF<br/><b>Agent:</b> Parker Dye<br/><b>Listing:</b> <a href="http://www.jordantrotter.com/properties/?propertyId=1517726-lease">http://www.jordantrotter.com/properties/?propertyId=1517726-lease</a>]]></description>
      <styleUrl>#Jordan_Trotter</styleUrl>
      <Point>
        <coordinates>-82.0972728,33.4863118,0</coordinates>
      </Point>
    </Placemark>
    <Placemark>
      <name>3624 J Dewey Gray Cir, Augusta, GA  30909</name>
      <description><![CDATA[<b>Address:</b> 3624 J Dewey Gray Cir, Augusta, GA  30909, Augusta, GA 30909<br/><b>Type:</b> For Lease<br/><b>Status:</b> Active<br/><b>Property Type:</b> Medical<br/><b>Size:</b> 1,924 - 2,123 SF<br/><b>Agent:</b> Parker Dye<br/><b>Listing:</b> <a href="http://www.jordantrotter.com/properties/1517726-lease/">http://www.jordantrotter.com/properties/1517726-lease/</a>]]></description>
      <styleUrl>#Jordan_Trotter</styleUrl>
      <Point>
        <coordinates>-82.0972728,33.4863118,0</coordinates>
      </Point>
    </Placemark>
    <Placemark>
      <name>3624 J Dewey Gray Cir, Augusta, GA  30909</name>
      <description><![CDATA[<b>Address:</b> 3624 J Dewey Gray Cir, Augusta, GA  30909, Augusta, GA 30909<br/><b>Type:</b> For Lease<br/><b>Status:</b> Active<br/><b>Property Type:</b> Medical<br/><b>Size:</b> 1,924 - 2,123 SF<br/><b>Agent:</b> Parker Dye<br/><b>Listing:</b> <a href="http://www.jordantrotter.com/properties/3624-j-dewey-gray-circle-augusta-ga/">http://www.jordantrotter.com/properties/3624-j-dewey-gray-circle-augusta-ga/</a>]]></description>
      <styleUrl>#Jordan_Trotter</styleUrl>
      <Point>
        <coordinates>-82.0972728,33.4863118,0</coordinates>
      </Point>
    </Placemark>
    <Placemark>
      <name>3625 Peach Orchard Rd, Augusta, GA  30906</name>
      <description><![CDATA[<b>Address:</b> 3625 Peach Orchard Rd, Augusta, GA  30906, Augusta, GA 30906<br/><b>Type:</b> For Sale<br/><b>Status:</b> Active<br/><b>Property Type:</b> Retail<br/><b>Size:</b> 3.5 Acres<br/><b>Agent:</b> Tripp Wilson<br/><b>Listing:</b> <a href="http://www.jordantrotter.com/properties/?propertyId=165944-sale">http://www.jordantrotter.com/properties/?propertyId=165944-sale</a>]]></description>
      <styleUrl>#Jordan_Trotter</styleUrl>
      <Point>
        <coordinates>-82.034763,33.3714439,0</coordinates>
      </Point>
    </Placemark>
    <Placemark>
      <name>3625 Peach Orchard Rd, Augusta, GA  30906</name>
      <description><![CDATA[<b>Address:</b> 3625 Peach Orchard Rd, Augusta, GA  30906, Augusta, GA 30906<br/><b>Type:</b> For Sale<br/><b>Status:</b> Active<br/><b>Property Type:</b> Retail<br/><b>Size:</b> 3.5 Acres<br/><b>Agent:</b> Tripp Wilson<br/><b>Listing:</b> <a href="http://www.jordantrotter.com/properties/165944-sale/">http://www.jordantrotter.com/properties/165944-sale/</a>]]></description>
      <styleUrl>#Jordan_Trotter</styleUrl>
      <Point>
        <coordinates>-82.034763,33.3714439,0</coordinates>
      </Point>
    </Placemark>
    <Placemark>
      <name>3625 Peach Orchard Rd, Augusta, GA  30906</name>
      <description><![CDATA[<b>Address:</b> 3625 Peach Orchard Rd, Augusta, GA  30906, Augusta, GA 30906<br/><b>Type:</b> For Sale<br/><b>Status:</b> Active<br/><b>Property Type:</b> Retail<br/><b>Size:</b> 3.5 Acres<br/><b>Agent:</b> Tripp Wilson<br/><b>Listing:</b> <a href="http://www.jordantrotter.com/properties/3625-Peach-Orchard-Road-Augusta-GA/">http://www.jordantrotter.com/properties/3625-Peach-Orchard-Road-Augusta-GA/</a>]]></description>
      <styleUrl>#Jordan_Trotter</styleUrl>
      <Point>
        <coordinates>-82.034763,33.3714439,0</coordinates>
      </Point>
    </Placemark>
    <Placemark>
      <name>3636 Wheeler Rd, Augusta, GA  30909</name>
      <description><![CDATA[<b>Address:</b> 3636 Wheeler Rd, Augusta, GA  30909, Augusta, GA 30909<br/><b>Type:</b> For Lease<br/><b>Status:</b> Active<br/><b>Property Type:</b> Office Building<br/><b>Size:</b> 1,425 SF<br/><b>Agent:</b> Tripp Wilson<br/><b>Listing:</b> <a href="http://www.jordantrotter.com/properties/?propertyId=1537586-lease">http://www.jordantrotter.com/properties/?propertyId=1537586-lease</a>]]></description>
      <styleUrl>#Jordan_Trotter</styleUrl>
      <Point>
        <coordinates>-82.089084,33.4819929,0</coordinates>
      </Point>
    </Placemark>
    <Placemark>
      <name>3636 Wheeler Rd, Augusta, GA  30909</name>
      <description><![CDATA[<b>Address:</b> 3636 Wheeler Rd, Augusta, GA  30909, Augusta, GA 30909<br/><b>Type:</b> For Lease<br/><b>Status:</b> Active<br/><b>Property Type:</b> Office Building<br/><b>Size:</b> 1,425 SF<br/><b>Agent:</b> Tripp Wilson<br/><b>Listing:</b> <a href="http://www.jordantrotter.com/properties/1537586-lease/">http://www.jordantrotter.com/properties/1537586-lease/</a>]]></description>
      <styleUrl>#Jordan_Trotter</styleUrl>
      <Point>
        <coordinates>-82.089084,33.4819929,0</coordinates>
      </Point>
    </Placemark>
    <Placemark>
      <name>3636 Wheeler Rd, Augusta, GA  30909</name>
      <description><![CDATA[<b>Address:</b> 3636 Wheeler Rd, Augusta, GA  30909, Augusta, GA 30909<br/><b>Type:</b> For Lease<br/><b>Status:</b> Active<br/><b>Property Type:</b> Office Building<br/><b>Size:</b> 1,425 SF<br/><b>Agent:</b> Tripp Wilson<br/><b>Listing:</b> <a href="http://www.jordantrotter.com/properties/3636-Wheeler-Road-Augusta-GA/">http://www.jordantrotter.com/properties/3636-Wheeler-Road-Augusta-GA/</a>]]></description>
      <styleUrl>#Jordan_Trotter</styleUrl>
      <Point>
        <coordinates>-82.089084,33.4819929,0</coordinates>
      </Point>
    </Placemark>
    <Placemark>
      <name>365 S. Belair Rd, Augusta, GA  30907</name>
      <description><![CDATA[<b>Address:</b> 365 S. Belair Rd, Augusta, GA  30907, Augusta, GA 30907<br/><b>Type:</b> For Lease<br/><b>Status:</b> Active<br/><b>Property Type:</b> Strip Center<br/><b>Size:</b> 1,200 SF<br/><b>Agent:</b> Charlie Davis<br/><b>Listing:</b> <a href="http://www.jordantrotter.com/properties/?propertyId=1220530-lease">http://www.jordantrotter.com/properties/?propertyId=1220530-lease</a>]]></description>
      <styleUrl>#Jordan_Trotter</styleUrl>
      <Point>
        <coordinates>-82.14000879999999,33.5243399,0</coordinates>
      </Point>
    </Placemark>
    <Placemark>
      <name>365 S. Belair Rd, Augusta, GA  30907</name>
      <description><![CDATA[<b>Address:</b> 365 S. Belair Rd, Augusta, GA  30907, Augusta, GA 30907<br/><b>Type:</b> For Lease<br/><b>Status:</b> Active<br/><b>Property Type:</b> Strip Center<br/><b>Size:</b> 1,200 SF<br/><b>Agent:</b> Charlie Davis<br/><b>Listing:</b> <a href="http://www.jordantrotter.com/properties/1220530-lease/">http://www.jordantrotter.com/properties/1220530-lease/</a>]]></description>
      <styleUrl>#Jordan_Trotter</styleUrl>
      <Point>
        <coordinates>-82.14000879999999,33.5243399,0</coordinates>
      </Point>
    </Placemark>
    <Placemark>
      <name>365 S. Belair Rd, Augusta, GA  30907</name>
      <description><![CDATA[<b>Address:</b> 365 S. Belair Rd, Augusta, GA  30907, Augusta, GA 30907<br/><b>Type:</b> For Lease<br/><b>Status:</b> Active<br/><b>Property Type:</b> Strip Center<br/><b>Size:</b> 1,200 SF<br/><b>Agent:</b> Charlie Davis<br/><b>Listing:</b> <a href="http://www.jordantrotter.com/properties/365-s-belair-road-augusta-ga/">http://www.jordantrotter.com/properties/365-s-belair-road-augusta-ga/</a>]]></description>
      <styleUrl>#Jordan_Trotter</styleUrl>
      <Point>
        <coordinates>-82.14000879999999,33.5243399,0</coordinates>
      </Point>
    </Placemark>
    <Placemark>
      <name>365 South Belair Rd, Augusta, GA  30907</name>
      <description><![CDATA[<b>Address:</b> 365 South Belair Rd, Augusta, GA  30907, Augusta, GA 30907<br/><b>Type:</b> For Lease<br/><b>Status:</b> Active<br/><b>Property Type:</b> Retail-Pad<br/><b>Size:</b> 0.95 Acres<br/><b>Agent:</b> Charlie Davis<br/><b>Listing:</b> <a href="http://www.jordantrotter.com/properties/?propertyId=1217274-lease">http://www.jordantrotter.com/properties/?propertyId=1217274-lease</a>]]></description>
      <styleUrl>#Jordan_Trotter</styleUrl>
      <Point>
        <coordinates>-82.14000879999999,33.5243399,0</coordinates>
      </Point>
    </Placemark>
    <Placemark>
      <name>365 South Belair Rd, Augusta, GA  30907</name>
      <description><![CDATA[<b>Address:</b> 365 South Belair Rd, Augusta, GA  30907, Augusta, GA 30907<br/><b>Type:</b> For Lease<br/><b>Status:</b> Active<br/><b>Property Type:</b> Retail-Pad<br/><b>Size:</b> 0.95 Acres<br/><b>Agent:</b> Charlie Davis<br/><b>Listing:</b> <a href="http://www.jordantrotter.com/properties/1217274-lease/">http://www.jordantrotter.com/properties/1217274-lease/</a>]]></description>
      <styleUrl>#Jordan_Trotter</styleUrl>
      <Point>
        <coordinates>-82.14000879999999,33.5243399,0</coordinates>
      </Point>
    </Placemark>
    <Placemark>
      <name>365 South Belair Rd, Augusta, GA  30907</name>
      <description><![CDATA[<b>Address:</b> 365 South Belair Rd, Augusta, GA  30907, Augusta, GA 30907<br/><b>Type:</b> For Lease<br/><b>Status:</b> Active<br/><b>Property Type:</b> Retail-Pad<br/><b>Size:</b> 0.95 Acres<br/><b>Agent:</b> Charlie Davis<br/><b>Listing:</b> <a href="http://www.jordantrotter.com/properties/365-south-belair-road-augusta-ga/">http://www.jordantrotter.com/properties/365-south-belair-road-augusta-ga/</a>]]></description>
      <styleUrl>#Jordan_Trotter</styleUrl>
      <Point>
        <coordinates>-82.14000879999999,33.5243399,0</coordinates>
      </Point>
    </Placemark>
    <Placemark>
      <name>3661 Wheeler Road, Augusta, GA  30909</name>
      <description><![CDATA[<b>Address:</b> 3661 Wheeler Road, Augusta, GA  30909, Augusta, GA 30909<br/><b>Type:</b> For Sale<br/><b>Status:</b> Active<br/><b>Property Type:</b> Office<br/><b>Size:</b> 2.46 Acres<br/><b>Agent:</b> Liam Welch<br/><b>Listing:</b> <a href="http://www.jordantrotter.com/properties/?propertyId=1102107-sale">http://www.jordantrotter.com/properties/?propertyId=1102107-sale</a>]]></description>
      <styleUrl>#Jordan_Trotter</styleUrl>
      <Point>
        <coordinates>-82.0917927,33.483065,0</coordinates>
      </Point>
    </Placemark>
    <Placemark>
      <name>3661 Wheeler Road, Augusta, GA  30909</name>
      <description><![CDATA[<b>Address:</b> 3661 Wheeler Road, Augusta, GA  30909, Augusta, GA 30909<br/><b>Type:</b> For Lease<br/><b>Status:</b> Active<br/><b>Property Type:</b> Office<br/><b>Size:</b> 2.46 Acres<br/><b>Agent:</b> Liam Welch<br/><b>Listing:</b> <a href="http://www.jordantrotter.com/properties/?propertyId=1102107-lease">http://www.jordantrotter.com/properties/?propertyId=1102107-lease</a>]]></description>
      <styleUrl>#Jordan_Trotter</styleUrl>
      <Point>
        <coordinates>-82.0917927,33.483065,0</coordinates>
      </Point>
    </Placemark>
    <Placemark>
      <name>3661 Wheeler Road, Augusta, GA  30909</name>
      <description><![CDATA[<b>Address:</b> 3661 Wheeler Road, Augusta, GA  30909, Augusta, GA 30909<br/><b>Type:</b> For Sale<br/><b>Status:</b> Active<br/><b>Property Type:</b> Office<br/><b>Size:</b> 2.46 Acres<br/><b>Agent:</b> Liam Welch<br/><b>Listing:</b> <a href="http://www.jordantrotter.com/properties/1102107-sale/">http://www.jordantrotter.com/properties/1102107-sale/</a>]]></description>
      <styleUrl>#Jordan_Trotter</styleUrl>
      <Point>
        <coordinates>-82.0917927,33.483065,0</coordinates>
      </Point>
    </Placemark>
    <Placemark>
      <name>3661 Wheeler Road, Augusta, GA  30909</name>
      <description><![CDATA[<b>Address:</b> 3661 Wheeler Road, Augusta, GA  30909, Augusta, GA 30909<br/><b>Type:</b> For Lease<br/><b>Status:</b> Active<br/><b>Property Type:</b> Office<br/><b>Size:</b> 2.46 Acres<br/><b>Agent:</b> Liam Welch<br/><b>Listing:</b> <a href="http://www.jordantrotter.com/properties/1102107-lease/">http://www.jordantrotter.com/properties/1102107-lease/</a>]]></description>
      <styleUrl>#Jordan_Trotter</styleUrl>
      <Point>
        <coordinates>-82.0917927,33.483065,0</coordinates>
      </Point>
    </Placemark>
    <Placemark>
      <name>3661 Wheeler Road, Augusta, GA  30909</name>
      <description><![CDATA[<b>Address:</b> 3661 Wheeler Road, Augusta, GA  30909, Augusta, GA 30909<br/><b>Type:</b> For Sale<br/><b>Status:</b> Active<br/><b>Property Type:</b> Office<br/><b>Size:</b> 2.46 Acres<br/><b>Agent:</b> Liam Welch<br/><b>Listing:</b> <a href="http://www.jordantrotter.com/properties/3661-wheeler-road-augusta-ga/">http://www.jordantrotter.com/properties/3661-wheeler-road-augusta-ga/</a>]]></description>
      <styleUrl>#Jordan_Trotter</styleUrl>
      <Point>
        <coordinates>-82.0917927,33.483065,0</coordinates>
      </Point>
    </Placemark>
    <Placemark>
      <name>3661 Wheeler Road, Augusta, GA  30909</name>
      <description><![CDATA[<b>Address:</b> 3661 Wheeler Road, Augusta, GA  30909, Augusta, GA 30909<br/><b>Type:</b> For Lease<br/><b>Status:</b> Active<br/><b>Property Type:</b> Office<br/><b>Size:</b> 2.46 Acres<br/><b>Agent:</b> Liam Welch<br/><b>Listing:</b> <a href="http://www.jordantrotter.com/properties/3661-wheeler-road-augusta-lease/">http://www.jordantrotter.com/properties/3661-wheeler-road-augusta-lease/</a>]]></description>
      <styleUrl>#Jordan_Trotter</styleUrl>
      <Point>
        <coordinates>-82.0917927,33.483065,0</coordinates>
      </Point>
    </Placemark>
    <Placemark>
      <name>3665 Wheeler Road, Augusta, GA  30909</name>
      <description><![CDATA[<b>Address:</b> 3665 Wheeler Road, Augusta, GA  30909, Augusta, GA 30909<br/><b>Type:</b> For Sale<br/><b>Status:</b> Active<br/><b>Property Type:</b> Office Building<br/><b>Size:</b> 9,750 SF<br/><b>Agent:</b> Parker Dye<br/><b>Listing:</b> <a href="http://www.jordantrotter.com/properties/?propertyId=1391223-sale">http://www.jordantrotter.com/properties/?propertyId=1391223-sale</a>]]></description>
      <styleUrl>#Jordan_Trotter</styleUrl>
      <Point>
        <coordinates>-82.0930107,33.4830844,0</coordinates>
      </Point>
    </Placemark>
    <Placemark>
      <name>3665 Wheeler Road, Augusta, GA  30909</name>
      <description><![CDATA[<b>Address:</b> 3665 Wheeler Road, Augusta, GA  30909, Augusta, GA 30909<br/><b>Type:</b> For Sale<br/><b>Status:</b> Active<br/><b>Property Type:</b> Office Building<br/><b>Size:</b> 9,750 SF<br/><b>Agent:</b> Parker Dye<br/><b>Listing:</b> <a href="http://www.jordantrotter.com/properties/1391223-sale/">http://www.jordantrotter.com/properties/1391223-sale/</a>]]></description>
      <styleUrl>#Jordan_Trotter</styleUrl>
      <Point>
        <coordinates>-82.0930107,33.4830844,0</coordinates>
      </Point>
    </Placemark>
    <Placemark>
      <name>3665 Wheeler Road, Augusta, GA  30909</name>
      <description><![CDATA[<b>Address:</b> 3665 Wheeler Road, Augusta, GA  30909, Augusta, GA 30909<br/><b>Type:</b> For Sale<br/><b>Status:</b> Active<br/><b>Property Type:</b> Office Building<br/><b>Size:</b> 9,750 SF<br/><b>Agent:</b> Parker Dye<br/><b>Listing:</b> <a href="http://www.jordantrotter.com/properties/3665-wheeler-road-augusta-ga/">http://www.jordantrotter.com/properties/3665-wheeler-road-augusta-ga/</a>]]></description>
      <styleUrl>#Jordan_Trotter</styleUrl>
      <Point>
        <coordinates>-82.0930107,33.4830844,0</coordinates>
      </Point>
    </Placemark>
    <Placemark>
      <name>3686 Wheeler Road, Augusta, GA  30909</name>
      <description><![CDATA[<b>Address:</b> 3686 Wheeler Road, Augusta, GA  30909, Augusta, GA 30909<br/><b>Type:</b> For Lease<br/><b>Status:</b> Active<br/><b>Property Type:</b> Office Building<br/><b>Size:</b> 3,500 SF<br/><b>Agent:</b> Liam Welch<br/><b>Listing:</b> <a href="http://www.jordantrotter.com/properties/?propertyId=1129704-lease">http://www.jordantrotter.com/properties/?propertyId=1129704-lease</a>]]></description>
      <styleUrl>#Jordan_Trotter</styleUrl>
      <Point>
        <coordinates>-82.0947547,33.4821953,0</coordinates>
      </Point>
    </Placemark>
    <Placemark>
      <name>3686 Wheeler Road, Augusta, GA  30909</name>
      <description><![CDATA[<b>Address:</b> 3686 Wheeler Road, Augusta, GA  30909, Augusta, GA 30909<br/><b>Type:</b> For Lease<br/><b>Status:</b> Active<br/><b>Property Type:</b> Office Building<br/><b>Size:</b> 3,500 SF<br/><b>Agent:</b> Liam Welch<br/><b>Listing:</b> <a href="http://www.jordantrotter.com/properties/1129704-lease/">http://www.jordantrotter.com/properties/1129704-lease/</a>]]></description>
      <styleUrl>#Jordan_Trotter</styleUrl>
      <Point>
        <coordinates>-82.0947547,33.4821953,0</coordinates>
      </Point>
    </Placemark>
    <Placemark>
      <name>3686 Wheeler Road, Augusta, GA  30909</name>
      <description><![CDATA[<b>Address:</b> 3686 Wheeler Road, Augusta, GA  30909, Augusta, GA 30909<br/><b>Type:</b> For Lease<br/><b>Status:</b> Active<br/><b>Property Type:</b> Office Building<br/><b>Size:</b> 3,500 SF<br/><b>Agent:</b> Liam Welch<br/><b>Listing:</b> <a href="http://www.jordantrotter.com/properties/3686-Wheeler-Road-Augusta-GA/">http://www.jordantrotter.com/properties/3686-Wheeler-Road-Augusta-GA/</a>]]></description>
      <styleUrl>#Jordan_Trotter</styleUrl>
      <Point>
        <coordinates>-82.0947547,33.4821953,0</coordinates>
      </Point>
    </Placemark>
    <Placemark>
      <name>3715 Peach Orchard Road, Augusta, GA  30906</name>
      <description><![CDATA[<b>Address:</b> 3715 Peach Orchard Road, Augusta, GA  30906, Augusta, GA 30906<br/><b>Type:</b> For Sale<br/><b>Status:</b> Active<br/><b>Property Type:</b> Other<br/><b>Size:</b> 11.08 Acres<br/><b>Agent:</b> Wil Kacos<br/><b>Listing:</b> <a href="http://www.jordantrotter.com/properties/?propertyId=1067985-sale">http://www.jordantrotter.com/properties/?propertyId=1067985-sale</a>]]></description>
      <styleUrl>#Jordan_Trotter</styleUrl>
      <Point>
        <coordinates>-82.042681,33.364071,0</coordinates>
      </Point>
    </Placemark>
    <Placemark>
      <name>3715 Peach Orchard Road, Augusta, GA  30906</name>
      <description><![CDATA[<b>Address:</b> 3715 Peach Orchard Road, Augusta, GA  30906, Augusta, GA 30906<br/><b>Type:</b> For Sale<br/><b>Status:</b> Active<br/><b>Property Type:</b> Other<br/><b>Size:</b> 11.08 Acres<br/><b>Agent:</b> Wil Kacos<br/><b>Listing:</b> <a href="http://www.jordantrotter.com/properties/1067985-sale/">http://www.jordantrotter.com/properties/1067985-sale/</a>]]></description>
      <styleUrl>#Jordan_Trotter</styleUrl>
      <Point>
        <coordinates>-82.042681,33.364071,0</coordinates>
      </Point>
    </Placemark>
    <Placemark>
      <name>3715 Peach Orchard Road, Augusta, GA  30906</name>
      <description><![CDATA[<b>Address:</b> 3715 Peach Orchard Road, Augusta, GA  30906, Augusta, GA 30906<br/><b>Type:</b> For Sale<br/><b>Status:</b> Active<br/><b>Property Type:</b> Other<br/><b>Size:</b> 11.08 Acres<br/><b>Agent:</b> Wil Kacos<br/><b>Listing:</b> <a href="http://www.jordantrotter.com/properties/3715-peach-orchard-road-augusta-ga/">http://www.jordantrotter.com/properties/3715-peach-orchard-road-augusta-ga/</a>]]></description>
      <styleUrl>#Jordan_Trotter</styleUrl>
      <Point>
        <coordinates>-82.042681,33.364071,0</coordinates>
      </Point>
    </Placemark>
    <Placemark>
      <name>3732 Mike Padgett Highway, Augusta, GA  30906</name>
      <description><![CDATA[<b>Address:</b> 3732 Mike Padgett Highway, Augusta, GA  30906, Augusta, GA 30906<br/><b>Type:</b> For Sale<br/><b>Status:</b> Active<br/><b>Property Type:</b> Retail<br/><b>Size:</b> 2.81 Acres<br/><b>Agent:</b> Liam Welch<br/><b>Listing:</b> <a href="http://www.jordantrotter.com/properties/?propertyId=1102110-sale">http://www.jordantrotter.com/properties/?propertyId=1102110-sale</a>]]></description>
      <styleUrl>#Jordan_Trotter</styleUrl>
      <Point>
        <coordinates>-81.99523099999999,33.366698,0</coordinates>
      </Point>
    </Placemark>
    <Placemark>
      <name>3732 Mike Padgett Highway, Augusta, GA  30906</name>
      <description><![CDATA[<b>Address:</b> 3732 Mike Padgett Highway, Augusta, GA  30906, Augusta, GA 30906<br/><b>Type:</b> For Sale<br/><b>Status:</b> Active<br/><b>Property Type:</b> Retail<br/><b>Size:</b> 2.81 Acres<br/><b>Agent:</b> Liam Welch<br/><b>Listing:</b> <a href="http://www.jordantrotter.com/properties/1102110-sale/">http://www.jordantrotter.com/properties/1102110-sale/</a>]]></description>
      <styleUrl>#Jordan_Trotter</styleUrl>
      <Point>
        <coordinates>-81.99523099999999,33.366698,0</coordinates>
      </Point>
    </Placemark>
    <Placemark>
      <name>3732 Mike Padgett Highway, Augusta, GA  30906</name>
      <description><![CDATA[<b>Address:</b> 3732 Mike Padgett Highway, Augusta, GA  30906, Augusta, GA 30906<br/><b>Type:</b> For Sale<br/><b>Status:</b> Active<br/><b>Property Type:</b> Retail<br/><b>Size:</b> 2.81 Acres<br/><b>Agent:</b> Liam Welch<br/><b>Listing:</b> <a href="http://www.jordantrotter.com/properties/3732-mike-padgett-highway-augusta-ga/">http://www.jordantrotter.com/properties/3732-mike-padgett-highway-augusta-ga/</a>]]></description>
      <styleUrl>#Jordan_Trotter</styleUrl>
      <Point>
        <coordinates>-81.99523099999999,33.366698,0</coordinates>
      </Point>
    </Placemark>
    <Placemark>
      <name>3860 Old Waynesboro Rd, Augusta, GA  30906</name>
      <description><![CDATA[<b>Address:</b> 3860 Old Waynesboro Rd, Augusta, GA  30906, Augusta, GA 30906<br/><b>Type:</b> For Sale<br/><b>Status:</b> Active<br/><b>Property Type:</b> Residential<br/><b>Size:</b> 16.69 Acres<br/><b>Agent:</b> Wil Kacos<br/><b>Listing:</b> <a href="http://www.jordantrotter.com/properties/?propertyId=561803-sale">http://www.jordantrotter.com/properties/?propertyId=561803-sale</a>]]></description>
      <styleUrl>#Jordan_Trotter</styleUrl>
      <Point>
        <coordinates>-81.9987932,33.3545337,0</coordinates>
      </Point>
    </Placemark>
    <Placemark>
      <name>3860 Old Waynesboro Rd, Augusta, GA  30906</name>
      <description><![CDATA[<b>Address:</b> 3860 Old Waynesboro Rd, Augusta, GA  30906, Augusta, GA 30906<br/><b>Type:</b> For Sale<br/><b>Status:</b> Active<br/><b>Property Type:</b> Residential<br/><b>Size:</b> 16.69 Acres<br/><b>Agent:</b> Wil Kacos<br/><b>Listing:</b> <a href="http://www.jordantrotter.com/properties/561803-sale/">http://www.jordantrotter.com/properties/561803-sale/</a>]]></description>
      <styleUrl>#Jordan_Trotter</styleUrl>
      <Point>
        <coordinates>-81.9987932,33.3545337,0</coordinates>
      </Point>
    </Placemark>
    <Placemark>
      <name>3860 Old Waynesboro Rd, Augusta, GA  30906</name>
      <description><![CDATA[<b>Address:</b> 3860 Old Waynesboro Rd, Augusta, GA  30906, Augusta, GA 30906<br/><b>Type:</b> For Sale<br/><b>Status:</b> Active<br/><b>Property Type:</b> Residential<br/><b>Size:</b> 16.69 Acres<br/><b>Agent:</b> Wil Kacos<br/><b>Listing:</b> <a href="http://www.jordantrotter.com/properties/3860-old-waynesboro-road-augusta-ga/">http://www.jordantrotter.com/properties/3860-old-waynesboro-road-augusta-ga/</a>]]></description>
      <styleUrl>#Jordan_Trotter</styleUrl>
      <Point>
        <coordinates>-81.9987932,33.3545337,0</coordinates>
      </Point>
    </Placemark>
    <Placemark>
      <name>3863 Mike Padgett Highway, Augusta, GA  30906</name>
      <description><![CDATA[<b>Address:</b> 3863 Mike Padgett Highway, Augusta, GA  30906, Augusta, GA 30906<br/><b>Type:</b> For Sale<br/><b>Status:</b> Active<br/><b>Property Type:</b> Residential<br/><b>Size:</b> 47 Acres<br/><b>Agent:</b> Wil Kacos<br/><b>Listing:</b> <a href="http://www.jordantrotter.com/properties/?propertyId=846701-sale">http://www.jordantrotter.com/properties/?propertyId=846701-sale</a>]]></description>
      <styleUrl>#Jordan_Trotter</styleUrl>
      <Point>
        <coordinates>-81.98505569999999,33.3544518,0</coordinates>
      </Point>
    </Placemark>
    <Placemark>
      <name>3863 Mike Padgett Highway, Augusta, GA  30906</name>
      <description><![CDATA[<b>Address:</b> 3863 Mike Padgett Highway, Augusta, GA  30906, Augusta, GA 30906<br/><b>Type:</b> For Sale<br/><b>Status:</b> Active<br/><b>Property Type:</b> Residential<br/><b>Size:</b> 47 Acres<br/><b>Agent:</b> Wil Kacos<br/><b>Listing:</b> <a href="http://www.jordantrotter.com/properties/846701-sale/">http://www.jordantrotter.com/properties/846701-sale/</a>]]></description>
      <styleUrl>#Jordan_Trotter</styleUrl>
      <Point>
        <coordinates>-81.98505569999999,33.3544518,0</coordinates>
      </Point>
    </Placemark>
    <Placemark>
      <name>3863 Mike Padgett Highway, Augusta, GA  30906</name>
      <description><![CDATA[<b>Address:</b> 3863 Mike Padgett Highway, Augusta, GA  30906, Augusta, GA 30906<br/><b>Type:</b> For Sale<br/><b>Status:</b> Active<br/><b>Property Type:</b> Residential<br/><b>Size:</b> 47 Acres<br/><b>Agent:</b> Wil Kacos<br/><b>Listing:</b> <a href="http://www.jordantrotter.com/properties/3863-mike-padgett-highway-augusta-ga/">http://www.jordantrotter.com/properties/3863-mike-padgett-highway-augusta-ga/</a>]]></description>
      <styleUrl>#Jordan_Trotter</styleUrl>
      <Point>
        <coordinates>-81.98505569999999,33.3544518,0</coordinates>
      </Point>
    </Placemark>
    <Placemark>
      <name>3895 Wrightsboro Road, Augusta, GA  30909</name>
      <description><![CDATA[<b>Address:</b> 3895 Wrightsboro Road, Augusta, GA  30909, Augusta, GA 30909<br/><b>Type:</b> For Sale<br/><b>Status:</b> Active<br/><b>Property Type:</b> Other<br/><b>Size:</b> 3.56 Acres<br/><b>Agent:</b> Robert McCrary<br/><b>Listing:</b> <a href="http://www.jordantrotter.com/properties/?propertyId=1518086-sale">http://www.jordantrotter.com/properties/?propertyId=1518086-sale</a>]]></description>
      <styleUrl>#Jordan_Trotter</styleUrl>
      <Point>
        <coordinates>-82.1186201,33.4711848,0</coordinates>
      </Point>
    </Placemark>
    <Placemark>
      <name>3895 Wrightsboro Road, Augusta, GA  30909</name>
      <description><![CDATA[<b>Address:</b> 3895 Wrightsboro Road, Augusta, GA  30909, Augusta, GA 30909<br/><b>Type:</b> For Sale<br/><b>Status:</b> Active<br/><b>Property Type:</b> Other<br/><b>Size:</b> 3.56 Acres<br/><b>Agent:</b> Robert McCrary<br/><b>Listing:</b> <a href="http://www.jordantrotter.com/properties/1518086-sale/">http://www.jordantrotter.com/properties/1518086-sale/</a>]]></description>
      <styleUrl>#Jordan_Trotter</styleUrl>
      <Point>
        <coordinates>-82.1186201,33.4711848,0</coordinates>
      </Point>
    </Placemark>
    <Placemark>
      <name>3895 Wrightsboro Road, Augusta, GA  30909</name>
      <description><![CDATA[<b>Address:</b> 3895 Wrightsboro Road, Augusta, GA  30909, Augusta, GA 30909<br/><b>Type:</b> For Sale<br/><b>Status:</b> Active<br/><b>Property Type:</b> Other<br/><b>Size:</b> 3.56 Acres<br/><b>Agent:</b> Robert McCrary<br/><b>Listing:</b> <a href="http://www.jordantrotter.com/properties/3895-Wrightsboro-Road-Augusta-GA/">http://www.jordantrotter.com/properties/3895-Wrightsboro-Road-Augusta-GA/</a>]]></description>
      <styleUrl>#Jordan_Trotter</styleUrl>
      <Point>
        <coordinates>-82.1186201,33.4711848,0</coordinates>
      </Point>
    </Placemark>
    <Placemark>
      <name>3940 Washington Road, Augusta, GA  30907</name>
      <description><![CDATA[<b>Address:</b> 3940 Washington Road, Augusta, GA  30907, Augusta, GA 30907<br/><b>Type:</b> For Lease<br/><b>Status:</b> Active<br/><b>Property Type:</b> Free Standing Building<br/><b>Size:</b> 4,000 SF<br/><b>Agent:</b> Parker Dye<br/><b>Listing:</b> <a href="http://www.jordantrotter.com/properties/?propertyId=124143-lease">http://www.jordantrotter.com/properties/?propertyId=124143-lease</a>]]></description>
      <styleUrl>#Jordan_Trotter</styleUrl>
      <Point>
        <coordinates>-82.1014325,33.509718,0</coordinates>
      </Point>
    </Placemark>
    <Placemark>
      <name>3940 Washington Road, Augusta, GA  30907</name>
      <description><![CDATA[<b>Address:</b> 3940 Washington Road, Augusta, GA  30907, Augusta, GA 30907<br/><b>Type:</b> For Lease<br/><b>Status:</b> Active<br/><b>Property Type:</b> Free Standing Building<br/><b>Size:</b> 4,000 SF<br/><b>Agent:</b> Parker Dye<br/><b>Listing:</b> <a href="http://www.jordantrotter.com/properties/124143-lease/">http://www.jordantrotter.com/properties/124143-lease/</a>]]></description>
      <styleUrl>#Jordan_Trotter</styleUrl>
      <Point>
        <coordinates>-82.1014325,33.509718,0</coordinates>
      </Point>
    </Placemark>
    <Placemark>
      <name>3940 Washington Road, Augusta, GA  30907</name>
      <description><![CDATA[<b>Address:</b> 3940 Washington Road, Augusta, GA  30907, Augusta, GA 30907<br/><b>Type:</b> For Lease<br/><b>Status:</b> Active<br/><b>Property Type:</b> Free Standing Building<br/><b>Size:</b> 4,000 SF<br/><b>Agent:</b> Parker Dye<br/><b>Listing:</b> <a href="http://www.jordantrotter.com/properties/3940-washington-road-augusta-ga/">http://www.jordantrotter.com/properties/3940-washington-road-augusta-ga/</a>]]></description>
      <styleUrl>#Jordan_Trotter</styleUrl>
      <Point>
        <coordinates>-82.1014325,33.509718,0</coordinates>
      </Point>
    </Placemark>
    <Placemark>
      <name>3956 Goshen Industrial Boulevard, Augusta, GA  30906</name>
      <description><![CDATA[<b>Address:</b> 3956 Goshen Industrial Boulevard, Augusta, GA  30906, Augusta, GA 30906<br/><b>Type:</b> For Sale<br/><b>Status:</b> Active<br/><b>Property Type:</b> Warehouse/Distribution<br/><b>Size:</b> 7,700 SF<br/><b>Agent:</b> Robert McCrary<br/><b>Listing:</b> <a href="http://www.jordantrotter.com/properties/?propertyId=1460415-sale">http://www.jordantrotter.com/properties/?propertyId=1460415-sale</a>]]></description>
      <styleUrl>#Jordan_Trotter</styleUrl>
      <Point>
        <coordinates>-81.9717602,33.3491342,0</coordinates>
      </Point>
    </Placemark>
    <Placemark>
      <name>3956 Goshen Industrial Boulevard, Augusta, GA  30906</name>
      <description><![CDATA[<b>Address:</b> 3956 Goshen Industrial Boulevard, Augusta, GA  30906, Augusta, GA 30906<br/><b>Type:</b> For Lease<br/><b>Status:</b> Active<br/><b>Property Type:</b> Warehouse/Distribution<br/><b>Size:</b> 7,700 SF<br/><b>Agent:</b> Robert McCrary<br/><b>Listing:</b> <a href="http://www.jordantrotter.com/properties/?propertyId=1460415-lease">http://www.jordantrotter.com/properties/?propertyId=1460415-lease</a>]]></description>
      <styleUrl>#Jordan_Trotter</styleUrl>
      <Point>
        <coordinates>-81.9717602,33.3491342,0</coordinates>
      </Point>
    </Placemark>
    <Placemark>
      <name>3956 Goshen Industrial Boulevard, Augusta, GA  30906</name>
      <description><![CDATA[<b>Address:</b> 3956 Goshen Industrial Boulevard, Augusta, GA  30906, Augusta, GA 30906<br/><b>Type:</b> For Sale<br/><b>Status:</b> Active<br/><b>Property Type:</b> Warehouse/Distribution<br/><b>Size:</b> 7,700 SF<br/><b>Agent:</b> Robert McCrary<br/><b>Listing:</b> <a href="http://www.jordantrotter.com/properties/1460415-sale/">http://www.jordantrotter.com/properties/1460415-sale/</a>]]></description>
      <styleUrl>#Jordan_Trotter</styleUrl>
      <Point>
        <coordinates>-81.9717602,33.3491342,0</coordinates>
      </Point>
    </Placemark>
    <Placemark>
      <name>3956 Goshen Industrial Boulevard, Augusta, GA  30906</name>
      <description><![CDATA[<b>Address:</b> 3956 Goshen Industrial Boulevard, Augusta, GA  30906, Augusta, GA 30906<br/><b>Type:</b> For Lease<br/><b>Status:</b> Active<br/><b>Property Type:</b> Warehouse/Distribution<br/><b>Size:</b> 7,700 SF<br/><b>Agent:</b> Robert McCrary<br/><b>Listing:</b> <a href="http://www.jordantrotter.com/properties/1460415-lease/">http://www.jordantrotter.com/properties/1460415-lease/</a>]]></description>
      <styleUrl>#Jordan_Trotter</styleUrl>
      <Point>
        <coordinates>-81.9717602,33.3491342,0</coordinates>
      </Point>
    </Placemark>
    <Placemark>
      <name>3956 Goshen Industrial Boulevard, Augusta, GA  30906</name>
      <description><![CDATA[<b>Address:</b> 3956 Goshen Industrial Boulevard, Augusta, GA  30906, Augusta, GA 30906<br/><b>Type:</b> For Sale<br/><b>Status:</b> Active<br/><b>Property Type:</b> Warehouse/Distribution<br/><b>Size:</b> 7,700 SF<br/><b>Agent:</b> Robert McCrary<br/><b>Listing:</b> <a href="http://www.jordantrotter.com/properties/3956-Goshen-Industrial-Boulevard-Augusta-GA/">http://www.jordantrotter.com/properties/3956-Goshen-Industrial-Boulevard-Augusta-GA/</a>]]></description>
      <styleUrl>#Jordan_Trotter</styleUrl>
      <Point>
        <coordinates>-81.9717602,33.3491342,0</coordinates>
      </Point>
    </Placemark>
    <Placemark>
      <name>3956 Goshen Industrial Boulevard, Augusta, GA  30906</name>
      <description><![CDATA[<b>Address:</b> 3956 Goshen Industrial Boulevard, Augusta, GA  30906, Augusta, GA 30906<br/><b>Type:</b> For Lease<br/><b>Status:</b> Active<br/><b>Property Type:</b> Warehouse/Distribution<br/><b>Size:</b> 7,700 SF<br/><b>Agent:</b> Robert McCrary<br/><b>Listing:</b> <a href="http://www.jordantrotter.com/properties/3956-goshen-industrial-boulevard-augusta-lease/">http://www.jordantrotter.com/properties/3956-goshen-industrial-boulevard-augusta-lease/</a>]]></description>
      <styleUrl>#Jordan_Trotter</styleUrl>
      <Point>
        <coordinates>-81.9717602,33.3491342,0</coordinates>
      </Point>
    </Placemark>
    <Placemark>
      <name>3958 Wrightsboro Rd, Augusta, GA  30909</name>
      <description><![CDATA[<b>Address:</b> 3958 Wrightsboro Rd, Augusta, GA  30909, Augusta, GA 30909<br/><b>Type:</b> For Sale<br/><b>Status:</b> Active<br/><b>Property Type:</b> Street Retail<br/><b>Size:</b> 6,700 SF<br/><b>Agent:</b> Charlie Davis<br/><b>Listing:</b> <a href="http://www.jordantrotter.com/properties/?propertyId=1607783-sale">http://www.jordantrotter.com/properties/?propertyId=1607783-sale</a>]]></description>
      <styleUrl>#Jordan_Trotter</styleUrl>
      <Point>
        <coordinates>-82.126875,33.4725456,0</coordinates>
      </Point>
    </Placemark>
    <Placemark>
      <name>3958 Wrightsboro Rd, Augusta, GA  30909</name>
      <description><![CDATA[<b>Address:</b> 3958 Wrightsboro Rd, Augusta, GA  30909, Augusta, GA 30909<br/><b>Type:</b> For Sale<br/><b>Status:</b> Active<br/><b>Property Type:</b> Street Retail<br/><b>Size:</b> 6,700 SF<br/><b>Agent:</b> Charlie Davis<br/><b>Listing:</b> <a href="http://www.jordantrotter.com/properties/1607783-sale/">http://www.jordantrotter.com/properties/1607783-sale/</a>]]></description>
      <styleUrl>#Jordan_Trotter</styleUrl>
      <Point>
        <coordinates>-82.126875,33.4725456,0</coordinates>
      </Point>
    </Placemark>
    <Placemark>
      <name>3958 Wrightsboro Rd, Augusta, GA  30909</name>
      <description><![CDATA[<b>Address:</b> 3958 Wrightsboro Rd, Augusta, GA  30909, Augusta, GA 30909<br/><b>Type:</b> For Sale<br/><b>Status:</b> Active<br/><b>Property Type:</b> Street Retail<br/><b>Size:</b> 6,700 SF<br/><b>Agent:</b> Charlie Davis<br/><b>Listing:</b> <a href="http://www.jordantrotter.com/properties/3958-wrightsboro-rd-augusta-sale/">http://www.jordantrotter.com/properties/3958-wrightsboro-rd-augusta-sale/</a>]]></description>
      <styleUrl>#Jordan_Trotter</styleUrl>
      <Point>
        <coordinates>-82.126875,33.4725456,0</coordinates>
      </Point>
    </Placemark>
    <Placemark>
      <name>3961 Furys Ferry Rd, Augusta, GA  30907</name>
      <description><![CDATA[<b>Address:</b> 3961 Furys Ferry Rd, Augusta, GA  30907, Augusta, GA 30907<br/><b>Type:</b> For Sale<br/><b>Status:</b> Active<br/><b>Property Type:</b> Office<br/><b>Size:</b> 3.15 Acres<br/><b>Agent:</b> Tripp Wilson<br/><b>Listing:</b> <a href="http://www.jordantrotter.com/properties/?propertyId=119803-sale">http://www.jordantrotter.com/properties/?propertyId=119803-sale</a>]]></description>
      <styleUrl>#Jordan_Trotter</styleUrl>
      <Point>
        <coordinates>-82.0881824,33.547547,0</coordinates>
      </Point>
    </Placemark>
    <Placemark>
      <name>3961 Furys Ferry Rd, Augusta, GA  30907</name>
      <description><![CDATA[<b>Address:</b> 3961 Furys Ferry Rd, Augusta, GA  30907, Augusta, GA 30907<br/><b>Type:</b> For Sale<br/><b>Status:</b> Active<br/><b>Property Type:</b> Office<br/><b>Size:</b> 3.15 Acres<br/><b>Agent:</b> Tripp Wilson<br/><b>Listing:</b> <a href="http://www.jordantrotter.com/properties/119803-sale/">http://www.jordantrotter.com/properties/119803-sale/</a>]]></description>
      <styleUrl>#Jordan_Trotter</styleUrl>
      <Point>
        <coordinates>-82.0881824,33.547547,0</coordinates>
      </Point>
    </Placemark>
    <Placemark>
      <name>4007 Mike Padgett Hwy, Augusta, GA  30906</name>
      <description><![CDATA[<b>Address:</b> 4007 Mike Padgett Hwy, Augusta, GA  30906, Augusta, GA 30906<br/><b>Type:</b> For Sale<br/><b>Status:</b> Active<br/><b>Property Type:</b> Retail<br/><b>Size:</b> 4.08 Acres<br/><b>Agent:</b> Tripp Wilson<br/><b>Listing:</b> <a href="http://www.jordantrotter.com/properties/?propertyId=1454047-sale">http://www.jordantrotter.com/properties/?propertyId=1454047-sale</a>]]></description>
      <styleUrl>#Jordan_Trotter</styleUrl>
      <Point>
        <coordinates>-81.975871,33.344672,0</coordinates>
      </Point>
    </Placemark>
    <Placemark>
      <name>4007 Mike Padgett Hwy, Augusta, GA  30906</name>
      <description><![CDATA[<b>Address:</b> 4007 Mike Padgett Hwy, Augusta, GA  30906, Augusta, GA 30906<br/><b>Type:</b> For Sale<br/><b>Status:</b> Active<br/><b>Property Type:</b> Retail<br/><b>Size:</b> 4.08 Acres<br/><b>Agent:</b> Tripp Wilson<br/><b>Listing:</b> <a href="http://www.jordantrotter.com/properties/1454047-sale/">http://www.jordantrotter.com/properties/1454047-sale/</a>]]></description>
      <styleUrl>#Jordan_Trotter</styleUrl>
      <Point>
        <coordinates>-81.975871,33.344672,0</coordinates>
      </Point>
    </Placemark>
    <Placemark>
      <name>4007 Mike Padgett Hwy, Augusta, GA  30906</name>
      <description><![CDATA[<b>Address:</b> 4007 Mike Padgett Hwy, Augusta, GA  30906, Augusta, GA 30906<br/><b>Type:</b> For Sale<br/><b>Status:</b> Active<br/><b>Property Type:</b> Retail<br/><b>Size:</b> 4.08 Acres<br/><b>Agent:</b> Tripp Wilson<br/><b>Listing:</b> <a href="http://www.jordantrotter.com/properties/4007-mike-padgett-highway-augusta-ga/">http://www.jordantrotter.com/properties/4007-mike-padgett-highway-augusta-ga/</a>]]></description>
      <styleUrl>#Jordan_Trotter</styleUrl>
      <Point>
        <coordinates>-81.975871,33.344672,0</coordinates>
      </Point>
    </Placemark>
    <Placemark>
      <name>405 Topgolf Way, Augusta, GA  30909</name>
      <description><![CDATA[<b>Address:</b> 405 Topgolf Way, Augusta, GA  30909, Augusta, GA 30909<br/><b>Type:</b> For Sale<br/><b>Status:</b> Active<br/><b>Property Type:</b> Office Building<br/><b>Size:</b> 38,565 SF<br/><b>Agent:</b> Mason Whatley<br/><b>Listing:</b> <a href="http://www.jordantrotter.com/properties/?propertyId=1433812-sale">http://www.jordantrotter.com/properties/?propertyId=1433812-sale</a>]]></description>
      <styleUrl>#Jordan_Trotter</styleUrl>
      <Point>
        <coordinates>-82.018368,33.522945,0</coordinates>
      </Point>
    </Placemark>
    <Placemark>
      <name>405 Topgolf Way, Augusta, GA  30909</name>
      <description><![CDATA[<b>Address:</b> 405 Topgolf Way, Augusta, GA  30909, Augusta, GA 30909<br/><b>Type:</b> For Lease<br/><b>Status:</b> Active<br/><b>Property Type:</b> Office Building<br/><b>Size:</b> 38,565 SF<br/><b>Agent:</b> Mason Whatley<br/><b>Listing:</b> <a href="http://www.jordantrotter.com/properties/?propertyId=1433812-lease">http://www.jordantrotter.com/properties/?propertyId=1433812-lease</a>]]></description>
      <styleUrl>#Jordan_Trotter</styleUrl>
      <Point>
        <coordinates>-82.018368,33.522945,0</coordinates>
      </Point>
    </Placemark>
    <Placemark>
      <name>405 Topgolf Way, Augusta, GA  30909</name>
      <description><![CDATA[<b>Address:</b> 405 Topgolf Way, Augusta, GA  30909, Augusta, GA 30909<br/><b>Type:</b> For Lease<br/><b>Status:</b> Active<br/><b>Property Type:</b> Retail<br/><b>Size:</b> 1.18 - 2.05 Acres<br/><b>Agent:</b> Mason Whatley<br/><b>Listing:</b> <a href="http://www.jordantrotter.com/properties/?propertyId=1509792-lease">http://www.jordantrotter.com/properties/?propertyId=1509792-lease</a>]]></description>
      <styleUrl>#Jordan_Trotter</styleUrl>
      <Point>
        <coordinates>-82.018368,33.522945,0</coordinates>
      </Point>
    </Placemark>
    <Placemark>
      <name>405 Topgolf Way, Augusta, GA  30909</name>
      <description><![CDATA[<b>Address:</b> 405 Topgolf Way, Augusta, GA  30909, Augusta, GA 30909<br/><b>Type:</b> For Sale<br/><b>Status:</b> Active<br/><b>Property Type:</b> Office Building<br/><b>Size:</b> 38,565 SF<br/><b>Agent:</b> Mason Whatley<br/><b>Listing:</b> <a href="http://www.jordantrotter.com/properties/1433812-sale/">http://www.jordantrotter.com/properties/1433812-sale/</a>]]></description>
      <styleUrl>#Jordan_Trotter</styleUrl>
      <Point>
        <coordinates>-82.018368,33.522945,0</coordinates>
      </Point>
    </Placemark>
    <Placemark>
      <name>405 Topgolf Way, Augusta, GA  30909</name>
      <description><![CDATA[<b>Address:</b> 405 Topgolf Way, Augusta, GA  30909, Augusta, GA 30909<br/><b>Type:</b> For Lease<br/><b>Status:</b> Active<br/><b>Property Type:</b> Office Building<br/><b>Size:</b> 38,565 SF<br/><b>Agent:</b> Mason Whatley<br/><b>Listing:</b> <a href="http://www.jordantrotter.com/properties/1433812-lease/">http://www.jordantrotter.com/properties/1433812-lease/</a>]]></description>
      <styleUrl>#Jordan_Trotter</styleUrl>
      <Point>
        <coordinates>-82.018368,33.522945,0</coordinates>
      </Point>
    </Placemark>
    <Placemark>
      <name>405 Topgolf Way, Augusta, GA  30909</name>
      <description><![CDATA[<b>Address:</b> 405 Topgolf Way, Augusta, GA  30909, Augusta, GA 30909<br/><b>Type:</b> For Lease<br/><b>Status:</b> Active<br/><b>Property Type:</b> Retail<br/><b>Size:</b> 1.18 - 2.05 Acres<br/><b>Agent:</b> Mason Whatley<br/><b>Listing:</b> <a href="http://www.jordantrotter.com/properties/1509792-lease/">http://www.jordantrotter.com/properties/1509792-lease/</a>]]></description>
      <styleUrl>#Jordan_Trotter</styleUrl>
      <Point>
        <coordinates>-82.018368,33.522945,0</coordinates>
      </Point>
    </Placemark>
    <Placemark>
      <name>405 Topgolf Way, Augusta, GA  30909</name>
      <description><![CDATA[<b>Address:</b> 405 Topgolf Way, Augusta, GA  30909, Augusta, GA 30909<br/><b>Type:</b> For Sale<br/><b>Status:</b> Active<br/><b>Property Type:</b> Office Building<br/><b>Size:</b> 38,565 SF<br/><b>Agent:</b> Mason Whatley<br/><b>Listing:</b> <a href="http://www.jordantrotter.com/properties/405-Topgolf-Way-Augusta/">http://www.jordantrotter.com/properties/405-Topgolf-Way-Augusta/</a>]]></description>
      <styleUrl>#Jordan_Trotter</styleUrl>
      <Point>
        <coordinates>-82.018368,33.522945,0</coordinates>
      </Point>
    </Placemark>
    <Placemark>
      <name>405 Topgolf Way, Augusta, GA  30909</name>
      <description><![CDATA[<b>Address:</b> 405 Topgolf Way, Augusta, GA  30909, Augusta, GA 30909<br/><b>Type:</b> For Lease<br/><b>Status:</b> Active<br/><b>Property Type:</b> Retail<br/><b>Size:</b> 1.18 - 2.05 Acres<br/><b>Agent:</b> Mason Whatley<br/><b>Listing:</b> <a href="http://www.jordantrotter.com/properties/405-Topgolf-Way-Augusta-GA/">http://www.jordantrotter.com/properties/405-Topgolf-Way-Augusta-GA/</a>]]></description>
      <styleUrl>#Jordan_Trotter</styleUrl>
      <Point>
        <coordinates>-82.018368,33.522945,0</coordinates>
      </Point>
    </Placemark>
    <Placemark>
      <name>4052 Jimmie Dyess Pkwy, Augusta, GA  30909</name>
      <description><![CDATA[<b>Address:</b> 4052 Jimmie Dyess Pkwy, Augusta, GA  30909, Augusta, GA 30909<br/><b>Type:</b> For Lease<br/><b>Status:</b> Active<br/><b>Property Type:</b> Street Retail<br/><b>Size:</b> 900 - 1,125 SF<br/><b>Agent:</b> Charlie Davis<br/><b>Listing:</b> <a href="http://www.jordantrotter.com/properties/?propertyId=1397403-lease">http://www.jordantrotter.com/properties/?propertyId=1397403-lease</a>]]></description>
      <styleUrl>#Jordan_Trotter</styleUrl>
      <Point>
        <coordinates>-82.1285061,33.4754559,0</coordinates>
      </Point>
    </Placemark>
    <Placemark>
      <name>4052 Jimmie Dyess Pkwy, Augusta, GA  30909</name>
      <description><![CDATA[<b>Address:</b> 4052 Jimmie Dyess Pkwy, Augusta, GA  30909, Augusta, GA 30909<br/><b>Type:</b> For Lease<br/><b>Status:</b> Active<br/><b>Property Type:</b> Street Retail<br/><b>Size:</b> 900 - 1,125 SF<br/><b>Agent:</b> Charlie Davis<br/><b>Listing:</b> <a href="http://www.jordantrotter.com/properties/1397403-lease/">http://www.jordantrotter.com/properties/1397403-lease/</a>]]></description>
      <styleUrl>#Jordan_Trotter</styleUrl>
      <Point>
        <coordinates>-82.1285061,33.4754559,0</coordinates>
      </Point>
    </Placemark>
    <Placemark>
      <name>4052 Jimmie Dyess Pkwy, Augusta, GA  30909</name>
      <description><![CDATA[<b>Address:</b> 4052 Jimmie Dyess Pkwy, Augusta, GA  30909, Augusta, GA 30909<br/><b>Type:</b> For Lease<br/><b>Status:</b> Active<br/><b>Property Type:</b> Street Retail<br/><b>Size:</b> 900 - 1,125 SF<br/><b>Agent:</b> Charlie Davis<br/><b>Listing:</b> <a href="http://www.jordantrotter.com/properties/4052-Jimmie-Dyess-Pkwy-Augusta-GA/">http://www.jordantrotter.com/properties/4052-Jimmie-Dyess-Pkwy-Augusta-GA/</a>]]></description>
      <styleUrl>#Jordan_Trotter</styleUrl>
      <Point>
        <coordinates>-82.1285061,33.4754559,0</coordinates>
      </Point>
    </Placemark>
    <Placemark>
      <name>4130 Madeline Dr, Augusta, GA  30909</name>
      <description><![CDATA[<b>Address:</b> 4130 Madeline Dr, Augusta, GA  30909, Augusta, GA 30909<br/><b>Type:</b> For Sale<br/><b>Status:</b> Active<br/><b>Property Type:</b> Office<br/><b>Size:</b> 3.6 Acres<br/><b>Agent:</b> Robert McCrary<br/><b>Listing:</b> <a href="http://www.jordantrotter.com/properties/?propertyId=1611596-sale">http://www.jordantrotter.com/properties/?propertyId=1611596-sale</a>]]></description>
      <styleUrl>#Jordan_Trotter</styleUrl>
      <Point>
        <coordinates>-82.117217,33.454515,0</coordinates>
      </Point>
    </Placemark>
    <Placemark>
      <name>4130 Madeline Dr, Augusta, GA  30909</name>
      <description><![CDATA[<b>Address:</b> 4130 Madeline Dr, Augusta, GA  30909, Augusta, GA 30909<br/><b>Type:</b> For Sale<br/><b>Status:</b> Active<br/><b>Property Type:</b> Office<br/><b>Size:</b> 3.6 Acres<br/><b>Agent:</b> Robert McCrary<br/><b>Listing:</b> <a href="http://www.jordantrotter.com/properties/1611596-sale/">http://www.jordantrotter.com/properties/1611596-sale/</a>]]></description>
      <styleUrl>#Jordan_Trotter</styleUrl>
      <Point>
        <coordinates>-82.117217,33.454515,0</coordinates>
      </Point>
    </Placemark>
    <Placemark>
      <name>4130 Madeline Dr, Augusta, GA  30909</name>
      <description><![CDATA[<b>Address:</b> 4130 Madeline Dr, Augusta, GA  30909, Augusta, GA 30909<br/><b>Type:</b> For Sale<br/><b>Status:</b> Active<br/><b>Property Type:</b> Office<br/><b>Size:</b> 3.6 Acres<br/><b>Agent:</b> Robert McCrary<br/><b>Listing:</b> <a href="http://www.jordantrotter.com/properties/4130-Madeline-Drive-Augusta-GA/">http://www.jordantrotter.com/properties/4130-Madeline-Drive-Augusta-GA/</a>]]></description>
      <styleUrl>#Jordan_Trotter</styleUrl>
      <Point>
        <coordinates>-82.117217,33.454515,0</coordinates>
      </Point>
    </Placemark>
    <Placemark>
      <name>4159 Mike Padgett Highway, Augusta, GA  30906</name>
      <description><![CDATA[<b>Address:</b> 4159 Mike Padgett Highway, Augusta, GA  30906, Augusta, GA 30906<br/><b>Type:</b> For Sale<br/><b>Status:</b> Active<br/><b>Property Type:</b> Manufacturing<br/><b>Size:</b> 15,140 SF<br/><b>Agent:</b> Robert McCrary<br/><b>Listing:</b> <a href="http://www.jordantrotter.com/properties/?propertyId=1557895-sale">http://www.jordantrotter.com/properties/?propertyId=1557895-sale</a>]]></description>
      <styleUrl>#Jordan_Trotter</styleUrl>
      <Point>
        <coordinates>-81.967615,33.33594,0</coordinates>
      </Point>
    </Placemark>
    <Placemark>
      <name>4159 Mike Padgett Highway, Augusta, GA  30906</name>
      <description><![CDATA[<b>Address:</b> 4159 Mike Padgett Highway, Augusta, GA  30906, Augusta, GA 30906<br/><b>Type:</b> For Sale<br/><b>Status:</b> Active<br/><b>Property Type:</b> Manufacturing<br/><b>Size:</b> 15,140 SF<br/><b>Agent:</b> Robert McCrary<br/><b>Listing:</b> <a href="http://www.jordantrotter.com/properties/1557895-sale/">http://www.jordantrotter.com/properties/1557895-sale/</a>]]></description>
      <styleUrl>#Jordan_Trotter</styleUrl>
      <Point>
        <coordinates>-81.967615,33.33594,0</coordinates>
      </Point>
    </Placemark>
    <Placemark>
      <name>4159 Mike Padgett Highway, Augusta, GA  30906</name>
      <description><![CDATA[<b>Address:</b> 4159 Mike Padgett Highway, Augusta, GA  30906, Augusta, GA 30906<br/><b>Type:</b> For Sale<br/><b>Status:</b> Active<br/><b>Property Type:</b> Manufacturing<br/><b>Size:</b> 15,140 SF<br/><b>Agent:</b> Robert McCrary<br/><b>Listing:</b> <a href="http://www.jordantrotter.com/properties/4159-Mike-Padgett-Highway-Augusta-GA/">http://www.jordantrotter.com/properties/4159-Mike-Padgett-Highway-Augusta-GA/</a>]]></description>
      <styleUrl>#Jordan_Trotter</styleUrl>
      <Point>
        <coordinates>-81.967615,33.33594,0</coordinates>
      </Point>
    </Placemark>
    <Placemark>
      <name>4166 Mike Padgett Highway, Augusta, GA  30906</name>
      <description><![CDATA[<b>Address:</b> 4166 Mike Padgett Highway, Augusta, GA  30906, Augusta, GA 30906<br/><b>Type:</b> For Lease<br/><b>Status:</b> Active<br/><b>Property Type:</b> Warehouse/Distribution<br/><b>Size:</b> 4,800 SF<br/><b>Agent:</b> Parker Dye<br/><b>Listing:</b> <a href="http://www.jordantrotter.com/properties/?propertyId=1626541-lease">http://www.jordantrotter.com/properties/?propertyId=1626541-lease</a>]]></description>
      <styleUrl>#Jordan_Trotter</styleUrl>
      <Point>
        <coordinates>-81.964877,33.3365646,0</coordinates>
      </Point>
    </Placemark>
    <Placemark>
      <name>4166 Mike Padgett Highway, Augusta, GA  30906</name>
      <description><![CDATA[<b>Address:</b> 4166 Mike Padgett Highway, Augusta, GA  30906, Augusta, GA 30906<br/><b>Type:</b> For Sale<br/><b>Status:</b> Active<br/><b>Property Type:</b> Warehouse/Distribution<br/><b>Size:</b> 4,800 SF<br/><b>Agent:</b> Parker Dye<br/><b>Listing:</b> <a href="http://www.jordantrotter.com/properties/?propertyId=1626541-sale">http://www.jordantrotter.com/properties/?propertyId=1626541-sale</a>]]></description>
      <styleUrl>#Jordan_Trotter</styleUrl>
      <Point>
        <coordinates>-81.964877,33.3365646,0</coordinates>
      </Point>
    </Placemark>
    <Placemark>
      <name>4166 Mike Padgett Highway, Augusta, GA  30906</name>
      <description><![CDATA[<b>Address:</b> 4166 Mike Padgett Highway, Augusta, GA  30906, Augusta, GA 30906<br/><b>Type:</b> For Lease<br/><b>Status:</b> Active<br/><b>Property Type:</b> Warehouse/Distribution<br/><b>Size:</b> 4,800 SF<br/><b>Agent:</b> Parker Dye<br/><b>Listing:</b> <a href="http://www.jordantrotter.com/properties/1626541-lease/">http://www.jordantrotter.com/properties/1626541-lease/</a>]]></description>
      <styleUrl>#Jordan_Trotter</styleUrl>
      <Point>
        <coordinates>-81.964877,33.3365646,0</coordinates>
      </Point>
    </Placemark>
    <Placemark>
      <name>4166 Mike Padgett Highway, Augusta, GA  30906</name>
      <description><![CDATA[<b>Address:</b> 4166 Mike Padgett Highway, Augusta, GA  30906, Augusta, GA 30906<br/><b>Type:</b> For Sale<br/><b>Status:</b> Active<br/><b>Property Type:</b> Warehouse/Distribution<br/><b>Size:</b> 4,800 SF<br/><b>Agent:</b> Parker Dye<br/><b>Listing:</b> <a href="http://www.jordantrotter.com/properties/1626541-sale/">http://www.jordantrotter.com/properties/1626541-sale/</a>]]></description>
      <styleUrl>#Jordan_Trotter</styleUrl>
      <Point>
        <coordinates>-81.964877,33.3365646,0</coordinates>
      </Point>
    </Placemark>
    <Placemark>
      <name>4166 Mike Padgett Highway, Augusta, GA  30906</name>
      <description><![CDATA[<b>Address:</b> 4166 Mike Padgett Highway, Augusta, GA  30906, Augusta, GA 30906<br/><b>Type:</b> For Sale<br/><b>Status:</b> Active<br/><b>Property Type:</b> Warehouse/Distribution<br/><b>Size:</b> 4,800 SF<br/><b>Agent:</b> Parker Dye<br/><b>Listing:</b> <a href="http://www.jordantrotter.com/properties/4166-Mike-Padgett-Highway/">http://www.jordantrotter.com/properties/4166-Mike-Padgett-Highway/</a>]]></description>
      <styleUrl>#Jordan_Trotter</styleUrl>
      <Point>
        <coordinates>-81.964877,33.3365646,0</coordinates>
      </Point>
    </Placemark>
    <Placemark>
      <name>4166 Mike Padgett Highway, Augusta, GA  30906</name>
      <description><![CDATA[<b>Address:</b> 4166 Mike Padgett Highway, Augusta, GA  30906, Augusta, GA 30906<br/><b>Type:</b> For Lease<br/><b>Status:</b> Active<br/><b>Property Type:</b> Warehouse/Distribution<br/><b>Size:</b> 4,800 SF<br/><b>Agent:</b> Parker Dye<br/><b>Listing:</b> <a href="http://www.jordantrotter.com/properties/4166-mike-padgett-highway-augusta-lease/">http://www.jordantrotter.com/properties/4166-mike-padgett-highway-augusta-lease/</a>]]></description>
      <styleUrl>#Jordan_Trotter</styleUrl>
      <Point>
        <coordinates>-81.964877,33.3365646,0</coordinates>
      </Point>
    </Placemark>
    <Placemark>
      <name>4180 Mike Padgett Highway, Augusta, GA  30906</name>
      <description><![CDATA[<b>Address:</b> 4180 Mike Padgett Highway, Augusta, GA  30906, Augusta, GA 30906<br/><b>Type:</b> For Sale<br/><b>Status:</b> Active<br/><b>Property Type:</b> Other<br/><b>Size:</b> 3.9 Acres<br/><b>Agent:</b> Robert McCrary<br/><b>Listing:</b> <a href="http://www.jordantrotter.com/properties/?propertyId=1464626-sale">http://www.jordantrotter.com/properties/?propertyId=1464626-sale</a>]]></description>
      <styleUrl>#Jordan_Trotter</styleUrl>
      <Point>
        <coordinates>-81.96286479999999,33.33390970000001,0</coordinates>
      </Point>
    </Placemark>
    <Placemark>
      <name>4180 Mike Padgett Highway, Augusta, GA  30906</name>
      <description><![CDATA[<b>Address:</b> 4180 Mike Padgett Highway, Augusta, GA  30906, Augusta, GA 30906<br/><b>Type:</b> For Sale<br/><b>Status:</b> Active<br/><b>Property Type:</b> Other<br/><b>Size:</b> 3.9 Acres<br/><b>Agent:</b> Robert McCrary<br/><b>Listing:</b> <a href="http://www.jordantrotter.com/properties/1464626-sale/">http://www.jordantrotter.com/properties/1464626-sale/</a>]]></description>
      <styleUrl>#Jordan_Trotter</styleUrl>
      <Point>
        <coordinates>-81.96286479999999,33.33390970000001,0</coordinates>
      </Point>
    </Placemark>
    <Placemark>
      <name>4180 Mike Padgett Highway, Augusta, GA  30906</name>
      <description><![CDATA[<b>Address:</b> 4180 Mike Padgett Highway, Augusta, GA  30906, Augusta, GA 30906<br/><b>Type:</b> For Sale<br/><b>Status:</b> Active<br/><b>Property Type:</b> Other<br/><b>Size:</b> 3.9 Acres<br/><b>Agent:</b> Robert McCrary<br/><b>Listing:</b> <a href="http://www.jordantrotter.com/properties/4180-Mike-Padgett-Highway-Augusta-GA/">http://www.jordantrotter.com/properties/4180-Mike-Padgett-Highway-Augusta-GA/</a>]]></description>
      <styleUrl>#Jordan_Trotter</styleUrl>
      <Point>
        <coordinates>-81.96286479999999,33.33390970000001,0</coordinates>
      </Point>
    </Placemark>
    <Placemark>
      <name>4282 Belair Frontage Road, Augusta, GA  30909</name>
      <description><![CDATA[<b>Address:</b> 4282 Belair Frontage Road, Augusta, GA  30909, Augusta, GA 30909<br/><b>Type:</b> For Lease<br/><b>Status:</b> Active<br/><b>Property Type:</b> Office Warehouse<br/><b>Size:</b> 2,500 SF<br/><b>Agent:</b> Parker Dye<br/><b>Listing:</b> <a href="http://www.jordantrotter.com/properties/4282-belair-frontage-road-augusta-lease/">http://www.jordantrotter.com/properties/4282-belair-frontage-road-augusta-lease/</a>]]></description>
      <styleUrl>#Jordan_Trotter</styleUrl>
      <Point>
        <coordinates>-82.1251324,33.4819016,0</coordinates>
      </Point>
    </Placemark>
    <Placemark>
      <name>462 Furys Ferry Road, Augusta, GA  30907</name>
      <description><![CDATA[<b>Address:</b> 462 Furys Ferry Road, Augusta, GA  30907, Augusta, GA 30907<br/><b>Type:</b> For Lease<br/><b>Status:</b> Active<br/><b>Property Type:</b> Office Building<br/><b>Size:</b> 5,400 SF<br/><b>Agent:</b> Robert McCrary<br/><b>Listing:</b> <a href="http://www.jordantrotter.com/properties/?propertyId=1581745-lease">http://www.jordantrotter.com/properties/?propertyId=1581745-lease</a>]]></description>
      <styleUrl>#Jordan_Trotter</styleUrl>
      <Point>
        <coordinates>-82.0786837,33.5321334,0</coordinates>
      </Point>
    </Placemark>
    <Placemark>
      <name>462 Furys Ferry Road, Augusta, GA  30907</name>
      <description><![CDATA[<b>Address:</b> 462 Furys Ferry Road, Augusta, GA  30907, Augusta, GA 30907<br/><b>Type:</b> For Lease<br/><b>Status:</b> Active<br/><b>Property Type:</b> Office Building<br/><b>Size:</b> 5,400 SF<br/><b>Agent:</b> Robert McCrary<br/><b>Listing:</b> <a href="http://www.jordantrotter.com/properties/1581745-lease/">http://www.jordantrotter.com/properties/1581745-lease/</a>]]></description>
      <styleUrl>#Jordan_Trotter</styleUrl>
      <Point>
        <coordinates>-82.0786837,33.5321334,0</coordinates>
      </Point>
    </Placemark>
    <Placemark>
      <name>462 Furys Ferry Road, Augusta, GA  30907</name>
      <description><![CDATA[<b>Address:</b> 462 Furys Ferry Road, Augusta, GA  30907, Augusta, GA 30907<br/><b>Type:</b> For Lease<br/><b>Status:</b> Active<br/><b>Property Type:</b> Office Building<br/><b>Size:</b> 5,400 SF<br/><b>Agent:</b> Robert McCrary<br/><b>Listing:</b> <a href="http://www.jordantrotter.com/properties/462-Furys-Ferry-Road-Augusta-GA/">http://www.jordantrotter.com/properties/462-Furys-Ferry-Road-Augusta-GA/</a>]]></description>
      <styleUrl>#Jordan_Trotter</styleUrl>
      <Point>
        <coordinates>-82.0786837,33.5321334,0</coordinates>
      </Point>
    </Placemark>
    <Placemark>
      <name>4745 Mike Padgett Highway, Augusta, GA  30906</name>
      <description><![CDATA[<b>Address:</b> 4745 Mike Padgett Highway, Augusta, GA  30906, Augusta, GA 30906<br/><b>Type:</b> For Sale<br/><b>Status:</b> Active<br/><b>Property Type:</b> Residential<br/><b>Size:</b> 81.71 Acres<br/><b>Agent:</b> Tripp Wilson<br/><b>Listing:</b> <a href="http://www.jordantrotter.com/properties/?propertyId=1369825-sale">http://www.jordantrotter.com/properties/?propertyId=1369825-sale</a>]]></description>
      <styleUrl>#Jordan_Trotter</styleUrl>
      <Point>
        <coordinates>-81.95846329999999,33.2843119,0</coordinates>
      </Point>
    </Placemark>
    <Placemark>
      <name>4745 Mike Padgett Highway, Augusta, GA  30906</name>
      <description><![CDATA[<b>Address:</b> 4745 Mike Padgett Highway, Augusta, GA  30906, Augusta, GA 30906<br/><b>Type:</b> For Sale<br/><b>Status:</b> Active<br/><b>Property Type:</b> Residential<br/><b>Size:</b> 81.71 Acres<br/><b>Agent:</b> Tripp Wilson<br/><b>Listing:</b> <a href="http://www.jordantrotter.com/properties/1369825-sale/">http://www.jordantrotter.com/properties/1369825-sale/</a>]]></description>
      <styleUrl>#Jordan_Trotter</styleUrl>
      <Point>
        <coordinates>-81.95846329999999,33.2843119,0</coordinates>
      </Point>
    </Placemark>
    <Placemark>
      <name>4745 Mike Padgett Highway, Augusta, GA  30906</name>
      <description><![CDATA[<b>Address:</b> 4745 Mike Padgett Highway, Augusta, GA  30906, Augusta, GA 30906<br/><b>Type:</b> For Sale<br/><b>Status:</b> Active<br/><b>Property Type:</b> Residential<br/><b>Size:</b> 81.71 Acres<br/><b>Agent:</b> Tripp Wilson<br/><b>Listing:</b> <a href="http://www.jordantrotter.com/properties/4745-mike-padgett-highway-augusta-ga/">http://www.jordantrotter.com/properties/4745-mike-padgett-highway-augusta-ga/</a>]]></description>
      <styleUrl>#Jordan_Trotter</styleUrl>
      <Point>
        <coordinates>-81.95846329999999,33.2843119,0</coordinates>
      </Point>
    </Placemark>
    <Placemark>
      <name>501 Greene St, Augusta, GA  30901</name>
      <description><![CDATA[<b>Address:</b> 501 Greene St, Augusta, GA  30901, Augusta, GA 30901<br/><b>Type:</b> For Lease<br/><b>Status:</b> Active<br/><b>Property Type:</b> Office Building<br/><b>Size:</b> 2,500 - 9,273 SF<br/><b>Agent:</b> Liam Welch<br/><b>Listing:</b> <a href="http://www.jordantrotter.com/properties/?propertyId=1552245-lease">http://www.jordantrotter.com/properties/?propertyId=1552245-lease</a>]]></description>
      <styleUrl>#Jordan_Trotter</styleUrl>
      <Point>
        <coordinates>-81.960124,33.4714915,0</coordinates>
      </Point>
    </Placemark>
    <Placemark>
      <name>501 Greene St, Augusta, GA  30901</name>
      <description><![CDATA[<b>Address:</b> 501 Greene St, Augusta, GA  30901, Augusta, GA 30901<br/><b>Type:</b> For Lease<br/><b>Status:</b> Active<br/><b>Property Type:</b> Office Building<br/><b>Size:</b> 2,500 - 9,273 SF<br/><b>Agent:</b> Liam Welch<br/><b>Listing:</b> <a href="http://www.jordantrotter.com/properties/1552245-lease/">http://www.jordantrotter.com/properties/1552245-lease/</a>]]></description>
      <styleUrl>#Jordan_Trotter</styleUrl>
      <Point>
        <coordinates>-81.960124,33.4714915,0</coordinates>
      </Point>
    </Placemark>
    <Placemark>
      <name>501 Greene St, Augusta, GA  30901</name>
      <description><![CDATA[<b>Address:</b> 501 Greene St, Augusta, GA  30901, Augusta, GA 30901<br/><b>Type:</b> For Lease<br/><b>Status:</b> Active<br/><b>Property Type:</b> Office Building<br/><b>Size:</b> 2,500 - 9,273 SF<br/><b>Agent:</b> Liam Welch<br/><b>Listing:</b> <a href="http://www.jordantrotter.com/properties/501-Greene-Street-Street-Augusta-GA/">http://www.jordantrotter.com/properties/501-Greene-Street-Street-Augusta-GA/</a>]]></description>
      <styleUrl>#Jordan_Trotter</styleUrl>
      <Point>
        <coordinates>-81.960124,33.4714915,0</coordinates>
      </Point>
    </Placemark>
    <Placemark>
      <name>602 Reynolds Street, Augusta, GA  30901</name>
      <description><![CDATA[<b>Address:</b> 602 Reynolds Street, Augusta, GA  30901, Augusta, GA 30901<br/><b>Type:</b> For Lease<br/><b>Status:</b> Active<br/><b>Property Type:</b> Warehouse/Distribution<br/><b>Size:</b> 4,218 SF<br/><b>Agent:</b> Parker Dye<br/><b>Listing:</b> <a href="http://www.jordantrotter.com/properties/?propertyId=1162362-lease">http://www.jordantrotter.com/properties/?propertyId=1162362-lease</a>]]></description>
      <styleUrl>#Jordan_Trotter</styleUrl>
      <Point>
        <coordinates>-81.96142619999999,33.4751627,0</coordinates>
      </Point>
    </Placemark>
    <Placemark>
      <name>602 Reynolds Street, Augusta, GA  30901</name>
      <description><![CDATA[<b>Address:</b> 602 Reynolds Street, Augusta, GA  30901, Augusta, GA 30901<br/><b>Type:</b> For Lease<br/><b>Status:</b> Active<br/><b>Property Type:</b> Warehouse/Distribution<br/><b>Size:</b> 4,218 SF<br/><b>Agent:</b> Parker Dye<br/><b>Listing:</b> <a href="http://www.jordantrotter.com/properties/1162362-lease/">http://www.jordantrotter.com/properties/1162362-lease/</a>]]></description>
      <styleUrl>#Jordan_Trotter</styleUrl>
      <Point>
        <coordinates>-81.96142619999999,33.4751627,0</coordinates>
      </Point>
    </Placemark>
    <Placemark>
      <name>602 Reynolds Street, Augusta, GA  30901</name>
      <description><![CDATA[<b>Address:</b> 602 Reynolds Street, Augusta, GA  30901, Augusta, GA 30901<br/><b>Type:</b> For Lease<br/><b>Status:</b> Active<br/><b>Property Type:</b> Warehouse/Distribution<br/><b>Size:</b> 4,218 SF<br/><b>Agent:</b> Parker Dye<br/><b>Listing:</b> <a href="http://www.jordantrotter.com/properties/602-reynolds-street-augusta-ga/">http://www.jordantrotter.com/properties/602-reynolds-street-augusta-ga/</a>]]></description>
      <styleUrl>#Jordan_Trotter</styleUrl>
      <Point>
        <coordinates>-81.96142619999999,33.4751627,0</coordinates>
      </Point>
    </Placemark>
    <Placemark>
      <name>608 Broad Street, Augusta, GA  30901</name>
      <description><![CDATA[<b>Address:</b> 608 Broad Street, Augusta, GA  30901, Augusta, GA 30901<br/><b>Type:</b> For Lease<br/><b>Status:</b> Active<br/><b>Property Type:</b> Office Building<br/><b>Size:</b> 1,737 SF<br/><b>Agent:</b> Liam Welch<br/><b>Listing:</b> <a href="http://www.jordantrotter.com/properties/?propertyId=1559879-lease">http://www.jordantrotter.com/properties/?propertyId=1559879-lease</a>]]></description>
      <styleUrl>#Jordan_Trotter</styleUrl>
      <Point>
        <coordinates>-81.96219669999999,33.4737634,0</coordinates>
      </Point>
    </Placemark>
    <Placemark>
      <name>608 Broad Street, Augusta, GA  30901</name>
      <description><![CDATA[<b>Address:</b> 608 Broad Street, Augusta, GA  30901, Augusta, GA 30901<br/><b>Type:</b> For Lease<br/><b>Status:</b> Active<br/><b>Property Type:</b> Office Building<br/><b>Size:</b> 1,737 SF<br/><b>Agent:</b> Liam Welch<br/><b>Listing:</b> <a href="http://www.jordantrotter.com/properties/1559879-lease/">http://www.jordantrotter.com/properties/1559879-lease/</a>]]></description>
      <styleUrl>#Jordan_Trotter</styleUrl>
      <Point>
        <coordinates>-81.96219669999999,33.4737634,0</coordinates>
      </Point>
    </Placemark>
    <Placemark>
      <name>608 Broad Street, Augusta, GA  30901</name>
      <description><![CDATA[<b>Address:</b> 608 Broad Street, Augusta, GA  30901, Augusta, GA 30901<br/><b>Type:</b> For Lease<br/><b>Status:</b> Active<br/><b>Property Type:</b> Office Building<br/><b>Size:</b> 1,737 SF<br/><b>Agent:</b> Liam Welch<br/><b>Listing:</b> <a href="http://www.jordantrotter.com/properties/608-Broad-Street-Augusta-GA/">http://www.jordantrotter.com/properties/608-Broad-Street-Augusta-GA/</a>]]></description>
      <styleUrl>#Jordan_Trotter</styleUrl>
      <Point>
        <coordinates>-81.96219669999999,33.4737634,0</coordinates>
      </Point>
    </Placemark>
    <Placemark>
      <name>619 Broad Street, Augusta, GA  30901</name>
      <description><![CDATA[<b>Address:</b> 619 Broad Street, Augusta, GA  30901, Augusta, GA 30901<br/><b>Type:</b> For Lease<br/><b>Status:</b> Active<br/><b>Property Type:</b> Street Retail<br/><b>Size:</b> 2,856 SF<br/><b>Agent:</b> Parker Dye<br/><b>Listing:</b> <a href="http://www.jordantrotter.com/properties/?propertyId=1162363-lease">http://www.jordantrotter.com/properties/?propertyId=1162363-lease</a>]]></description>
      <styleUrl>#Jordan_Trotter</styleUrl>
      <Point>
        <coordinates>-81.9621521,33.4747088,0</coordinates>
      </Point>
    </Placemark>
    <Placemark>
      <name>619 Broad Street, Augusta, GA  30901</name>
      <description><![CDATA[<b>Address:</b> 619 Broad Street, Augusta, GA  30901, Augusta, GA 30901<br/><b>Type:</b> For Lease<br/><b>Status:</b> Active<br/><b>Property Type:</b> Street Retail<br/><b>Size:</b> 2,856 SF<br/><b>Agent:</b> Parker Dye<br/><b>Listing:</b> <a href="http://www.jordantrotter.com/properties/1162363-lease/">http://www.jordantrotter.com/properties/1162363-lease/</a>]]></description>
      <styleUrl>#Jordan_Trotter</styleUrl>
      <Point>
        <coordinates>-81.9621521,33.4747088,0</coordinates>
      </Point>
    </Placemark>
    <Placemark>
      <name>619 Broad Street, Augusta, GA  30901</name>
      <description><![CDATA[<b>Address:</b> 619 Broad Street, Augusta, GA  30901, Augusta, GA 30901<br/><b>Type:</b> For Lease<br/><b>Status:</b> Active<br/><b>Property Type:</b> Street Retail<br/><b>Size:</b> 2,856 SF<br/><b>Agent:</b> Parker Dye<br/><b>Listing:</b> <a href="http://www.jordantrotter.com/properties/619-Broad-Street/">http://www.jordantrotter.com/properties/619-Broad-Street/</a>]]></description>
      <styleUrl>#Jordan_Trotter</styleUrl>
      <Point>
        <coordinates>-81.9621521,33.4747088,0</coordinates>
      </Point>
    </Placemark>
    <Placemark>
      <name>668 Broad Street, Augusta, GA  30901</name>
      <description><![CDATA[<b>Address:</b> 668 Broad Street, Augusta, GA  30901, Augusta, GA 30901<br/><b>Type:</b> For Lease<br/><b>Status:</b> Active<br/><b>Property Type:</b> Office Building<br/><b>Size:</b> 2,400 - 4,625 SF<br/><b>Agent:</b> Parker Dye<br/><b>Listing:</b> <a href="http://www.jordantrotter.com/properties/?propertyId=1489334-lease">http://www.jordantrotter.com/properties/?propertyId=1489334-lease</a>]]></description>
      <styleUrl>#Jordan_Trotter</styleUrl>
      <Point>
        <coordinates>-81.96335719999999,33.4741915,0</coordinates>
      </Point>
    </Placemark>
    <Placemark>
      <name>668 Broad Street, Augusta, GA  30901</name>
      <description><![CDATA[<b>Address:</b> 668 Broad Street, Augusta, GA  30901, Augusta, GA 30901<br/><b>Type:</b> For Lease<br/><b>Status:</b> Active<br/><b>Property Type:</b> Office Building<br/><b>Size:</b> 2,400 - 4,625 SF<br/><b>Agent:</b> Parker Dye<br/><b>Listing:</b> <a href="http://www.jordantrotter.com/properties/1489334-lease/">http://www.jordantrotter.com/properties/1489334-lease/</a>]]></description>
      <styleUrl>#Jordan_Trotter</styleUrl>
      <Point>
        <coordinates>-81.96335719999999,33.4741915,0</coordinates>
      </Point>
    </Placemark>
    <Placemark>
      <name>668 Broad Street, Augusta, GA  30901</name>
      <description><![CDATA[<b>Address:</b> 668 Broad Street, Augusta, GA  30901, Augusta, GA 30901<br/><b>Type:</b> For Lease<br/><b>Status:</b> Active<br/><b>Property Type:</b> Office Building<br/><b>Size:</b> 2,400 - 4,625 SF<br/><b>Agent:</b> Parker Dye<br/><b>Listing:</b> <a href="http://www.jordantrotter.com/properties/668-broad-street-augusta-lease/">http://www.jordantrotter.com/properties/668-broad-street-augusta-lease/</a>]]></description>
      <styleUrl>#Jordan_Trotter</styleUrl>
      <Point>
        <coordinates>-81.96335719999999,33.4741915,0</coordinates>
      </Point>
    </Placemark>
    <Placemark>
      <name>699 Broad Street, Augusta, GA  30901</name>
      <description><![CDATA[<b>Address:</b> 699 Broad Street, Augusta, GA  30901, Augusta, GA 30901<br/><b>Type:</b> For Lease<br/><b>Status:</b> Active<br/><b>Property Type:</b> Office Building<br/><b>Size:</b> 1,256 - 10,800 SF<br/><b>Agent:</b> Parker Dye<br/><b>Listing:</b> <a href="http://www.jordantrotter.com/properties/?propertyId=1129993-lease">http://www.jordantrotter.com/properties/?propertyId=1129993-lease</a>]]></description>
      <styleUrl>#Jordan_Trotter</styleUrl>
      <Point>
        <coordinates>-81.96293790000001,33.4747145,0</coordinates>
      </Point>
    </Placemark>
    <Placemark>
      <name>699 Broad Street, Augusta, GA  30901</name>
      <description><![CDATA[<b>Address:</b> 699 Broad Street, Augusta, GA  30901, Augusta, GA 30901<br/><b>Type:</b> For Lease<br/><b>Status:</b> Active<br/><b>Property Type:</b> Office Building<br/><b>Size:</b> 1,256 - 10,800 SF<br/><b>Agent:</b> Parker Dye<br/><b>Listing:</b> <a href="http://www.jordantrotter.com/properties/1129993-lease/">http://www.jordantrotter.com/properties/1129993-lease/</a>]]></description>
      <styleUrl>#Jordan_Trotter</styleUrl>
      <Point>
        <coordinates>-81.96293790000001,33.4747145,0</coordinates>
      </Point>
    </Placemark>
    <Placemark>
      <name>699 Broad Street, Augusta, GA  30901</name>
      <description><![CDATA[<b>Address:</b> 699 Broad Street, Augusta, GA  30901, Augusta, GA 30901<br/><b>Type:</b> For Lease<br/><b>Status:</b> Active<br/><b>Property Type:</b> Office Building<br/><b>Size:</b> 1,256 - 10,800 SF<br/><b>Agent:</b> Parker Dye<br/><b>Listing:</b> <a href="http://www.jordantrotter.com/properties/699-Broad-Street/">http://www.jordantrotter.com/properties/699-Broad-Street/</a>]]></description>
      <styleUrl>#Jordan_Trotter</styleUrl>
      <Point>
        <coordinates>-81.96293790000001,33.4747145,0</coordinates>
      </Point>
    </Placemark>
    <Placemark>
      <name>701 Greene Street, Augusta, GA  30901</name>
      <description><![CDATA[<b>Address:</b> 701 Greene Street, Augusta, GA  30901, Augusta, GA 30901<br/><b>Type:</b> For Lease<br/><b>Status:</b> Active<br/><b>Property Type:</b> Office Building<br/><b>Size:</b> 2,500 - 7,200 SF<br/><b>Agent:</b> Parker Dye<br/><b>Listing:</b> <a href="http://www.jordantrotter.com/properties/?propertyId=371279-lease">http://www.jordantrotter.com/properties/?propertyId=371279-lease</a>]]></description>
      <styleUrl>#Jordan_Trotter</styleUrl>
      <Point>
        <coordinates>-81.96451920000001,33.4730661,0</coordinates>
      </Point>
    </Placemark>
    <Placemark>
      <name>701 Greene Street, Augusta, GA  30901</name>
      <description><![CDATA[<b>Address:</b> 701 Greene Street, Augusta, GA  30901, Augusta, GA 30901<br/><b>Type:</b> For Lease<br/><b>Status:</b> Active<br/><b>Property Type:</b> Office Building<br/><b>Size:</b> 2,500 - 7,200 SF<br/><b>Agent:</b> Parker Dye<br/><b>Listing:</b> <a href="http://www.jordantrotter.com/properties/371279-lease/">http://www.jordantrotter.com/properties/371279-lease/</a>]]></description>
      <styleUrl>#Jordan_Trotter</styleUrl>
      <Point>
        <coordinates>-81.96451920000001,33.4730661,0</coordinates>
      </Point>
    </Placemark>
    <Placemark>
      <name>701 Greene Street, Augusta, GA  30901</name>
      <description><![CDATA[<b>Address:</b> 701 Greene Street, Augusta, GA  30901, Augusta, GA 30901<br/><b>Type:</b> For Lease<br/><b>Status:</b> Active<br/><b>Property Type:</b> Office Building<br/><b>Size:</b> 2,500 - 7,200 SF<br/><b>Agent:</b> Parker Dye<br/><b>Listing:</b> <a href="http://www.jordantrotter.com/properties/701-Greene-Street-Augusta-GA/">http://www.jordantrotter.com/properties/701-Greene-Street-Augusta-GA/</a>]]></description>
      <styleUrl>#Jordan_Trotter</styleUrl>
      <Point>
        <coordinates>-81.96451920000001,33.4730661,0</coordinates>
      </Point>
    </Placemark>
    <Placemark>
      <name>702 Broad Street, Augusta, GA  30901</name>
      <description><![CDATA[<b>Address:</b> 702 Broad Street, Augusta, GA  30901, Augusta, GA 30901<br/><b>Type:</b> For Lease<br/><b>Status:</b> Active<br/><b>Property Type:</b> Office Building<br/><b>Size:</b> 1,700 - 2,143 SF<br/><b>Agent:</b> Parker Dye<br/><b>Listing:</b> <a href="http://www.jordantrotter.com/properties/?propertyId=740800-lease">http://www.jordantrotter.com/properties/?propertyId=740800-lease</a>]]></description>
      <styleUrl>#Jordan_Trotter</styleUrl>
      <Point>
        <coordinates>-81.963775,33.474127,0</coordinates>
      </Point>
    </Placemark>
    <Placemark>
      <name>702 Broad Street, Augusta, GA  30901</name>
      <description><![CDATA[<b>Address:</b> 702 Broad Street, Augusta, GA  30901, Augusta, GA 30901<br/><b>Type:</b> For Lease<br/><b>Status:</b> Active<br/><b>Property Type:</b> Office Building<br/><b>Size:</b> 1,700 - 2,143 SF<br/><b>Agent:</b> Parker Dye<br/><b>Listing:</b> <a href="http://www.jordantrotter.com/properties/740800-lease/">http://www.jordantrotter.com/properties/740800-lease/</a>]]></description>
      <styleUrl>#Jordan_Trotter</styleUrl>
      <Point>
        <coordinates>-81.963775,33.474127,0</coordinates>
      </Point>
    </Placemark>
    <Placemark>
      <name>702 Broad Street, Augusta, GA  30901</name>
      <description><![CDATA[<b>Address:</b> 702 Broad Street, Augusta, GA  30901, Augusta, GA 30901<br/><b>Type:</b> For Lease<br/><b>Status:</b> Active<br/><b>Property Type:</b> Office Building<br/><b>Size:</b> 1,700 - 2,143 SF<br/><b>Agent:</b> Parker Dye<br/><b>Listing:</b> <a href="http://www.jordantrotter.com/properties/702-broad-street-augusta-ga/">http://www.jordantrotter.com/properties/702-broad-street-augusta-ga/</a>]]></description>
      <styleUrl>#Jordan_Trotter</styleUrl>
      <Point>
        <coordinates>-81.963775,33.474127,0</coordinates>
      </Point>
    </Placemark>
    <Placemark>
      <name>725 Broad Street , Augusta, GA  30901</name>
      <description><![CDATA[<b>Address:</b> 725 Broad Street , Augusta, GA  30901, Augusta, GA 30901<br/><b>Type:</b> For Lease<br/><b>Status:</b> Active<br/><b>Property Type:</b> Office Building<br/><b>Size:</b> 5,688 - 6,142 SF<br/><b>Agent:</b> Parker Dye<br/><b>Listing:</b> <a href="http://www.jordantrotter.com/properties/?propertyId=974860-lease">http://www.jordantrotter.com/properties/?propertyId=974860-lease</a>]]></description>
      <styleUrl>#Jordan_Trotter</styleUrl>
      <Point>
        <coordinates>-81.96400779999999,33.4751206,0</coordinates>
      </Point>
    </Placemark>
    <Placemark>
      <name>732 Broad Street, Augusta, GA  30901</name>
      <description><![CDATA[<b>Address:</b> 732 Broad Street, Augusta, GA  30901, Augusta, GA 30901<br/><b>Type:</b> For Sale<br/><b>Status:</b> Active<br/><b>Property Type:</b> Office Building<br/><b>Size:</b> 78,000 SF<br/><b>Agent:</b> Charlie Davis<br/><b>Listing:</b> <a href="http://www.jordantrotter.com/properties/?propertyId=534167-sale">http://www.jordantrotter.com/properties/?propertyId=534167-sale</a>]]></description>
      <styleUrl>#Jordan_Trotter</styleUrl>
      <Point>
        <coordinates>-81.96468960000001,33.474295,0</coordinates>
      </Point>
    </Placemark>
    <Placemark>
      <name>732 Broad Street, Augusta, GA  30901</name>
      <description><![CDATA[<b>Address:</b> 732 Broad Street, Augusta, GA  30901, Augusta, GA 30901<br/><b>Type:</b> For Sale<br/><b>Status:</b> Active<br/><b>Property Type:</b> Office Building<br/><b>Size:</b> 78,000 SF<br/><b>Agent:</b> Charlie Davis<br/><b>Listing:</b> <a href="http://www.jordantrotter.com/properties/534167-sale/">http://www.jordantrotter.com/properties/534167-sale/</a>]]></description>
      <styleUrl>#Jordan_Trotter</styleUrl>
      <Point>
        <coordinates>-81.96468960000001,33.474295,0</coordinates>
      </Point>
    </Placemark>
    <Placemark>
      <name>732 Broad Street, Augusta, GA  30901</name>
      <description><![CDATA[<b>Address:</b> 732 Broad Street, Augusta, GA  30901, Augusta, GA 30901<br/><b>Type:</b> For Sale<br/><b>Status:</b> Active<br/><b>Property Type:</b> Office Building<br/><b>Size:</b> 78,000 SF<br/><b>Agent:</b> Charlie Davis<br/><b>Listing:</b> <a href="http://www.jordantrotter.com/properties/732-broad-street-augusta-ga/">http://www.jordantrotter.com/properties/732-broad-street-augusta-ga/</a>]]></description>
      <styleUrl>#Jordan_Trotter</styleUrl>
      <Point>
        <coordinates>-81.96468960000001,33.474295,0</coordinates>
      </Point>
    </Placemark>
    <Placemark>
      <name>771 Broad St Suite 100, Augusta, GA  30901</name>
      <description><![CDATA[<b>Address:</b> 771 Broad St Suite 100, Augusta, GA  30901, Augusta, GA 30901<br/><b>Type:</b> For Lease<br/><b>Status:</b> Active<br/><b>Property Type:</b> Office Building<br/><b>Size:</b> 2,920 SF<br/><b>Agent:</b> Parker Dye<br/><b>Listing:</b> <a href="http://www.jordantrotter.com/properties/?propertyId=1346634-lease">http://www.jordantrotter.com/properties/?propertyId=1346634-lease</a>]]></description>
      <styleUrl>#Jordan_Trotter</styleUrl>
      <Point>
        <coordinates>-81.964944,33.475689,0</coordinates>
      </Point>
    </Placemark>
    <Placemark>
      <name>771 Broad St Suite 100, Augusta, GA  30901</name>
      <description><![CDATA[<b>Address:</b> 771 Broad St Suite 100, Augusta, GA  30901, Augusta, GA 30901<br/><b>Type:</b> For Lease<br/><b>Status:</b> Active<br/><b>Property Type:</b> Office Building<br/><b>Size:</b> 2,920 SF<br/><b>Agent:</b> Parker Dye<br/><b>Listing:</b> <a href="http://www.jordantrotter.com/properties/1346634-lease/">http://www.jordantrotter.com/properties/1346634-lease/</a>]]></description>
      <styleUrl>#Jordan_Trotter</styleUrl>
      <Point>
        <coordinates>-81.964944,33.475689,0</coordinates>
      </Point>
    </Placemark>
    <Placemark>
      <name>771 Broad St Suite 100, Augusta, GA  30901</name>
      <description><![CDATA[<b>Address:</b> 771 Broad St Suite 100, Augusta, GA  30901, Augusta, GA 30901<br/><b>Type:</b> For Lease<br/><b>Status:</b> Active<br/><b>Property Type:</b> Office Building<br/><b>Size:</b> 2,920 SF<br/><b>Agent:</b> Parker Dye<br/><b>Listing:</b> <a href="http://www.jordantrotter.com/properties/771-broad-street-suite-700-augusta-ga/">http://www.jordantrotter.com/properties/771-broad-street-suite-700-augusta-ga/</a>]]></description>
      <styleUrl>#Jordan_Trotter</styleUrl>
      <Point>
        <coordinates>-81.964944,33.475689,0</coordinates>
      </Point>
    </Placemark>
    <Placemark>
      <name>8 James Brown Blvd, Augusta, GA  30901</name>
      <description><![CDATA[<b>Address:</b> 8 James Brown Blvd, Augusta, GA  30901, Augusta, GA 30901<br/><b>Type:</b> For Lease<br/><b>Status:</b> Active<br/><b>Property Type:</b> Street Retail<br/><b>Size:</b> 1,600 - 5,000 SF<br/><b>Agent:</b> Charlie Davis<br/><b>Listing:</b> <a href="http://www.jordantrotter.com/properties/?propertyId=1640990-lease">http://www.jordantrotter.com/properties/?propertyId=1640990-lease</a>]]></description>
      <styleUrl>#Jordan_Trotter</styleUrl>
      <Point>
        <coordinates>-81.966161,33.478116,0</coordinates>
      </Point>
    </Placemark>
    <Placemark>
      <name>8 James Brown Blvd, Augusta, GA  30901</name>
      <description><![CDATA[<b>Address:</b> 8 James Brown Blvd, Augusta, GA  30901, Augusta, GA 30901<br/><b>Type:</b> For Lease<br/><b>Status:</b> Active<br/><b>Property Type:</b> Street Retail<br/><b>Size:</b> 1,600 - 5,000 SF<br/><b>Agent:</b> Charlie Davis<br/><b>Listing:</b> <a href="http://www.jordantrotter.com/properties/1640990-lease/">http://www.jordantrotter.com/properties/1640990-lease/</a>]]></description>
      <styleUrl>#Jordan_Trotter</styleUrl>
      <Point>
        <coordinates>-81.966161,33.478116,0</coordinates>
      </Point>
    </Placemark>
    <Placemark>
      <name>8 James Brown Blvd, Augusta, GA  30901</name>
      <description><![CDATA[<b>Address:</b> 8 James Brown Blvd, Augusta, GA  30901, Augusta, GA 30901<br/><b>Type:</b> For Lease<br/><b>Status:</b> Active<br/><b>Property Type:</b> Street Retail<br/><b>Size:</b> 1,600 - 5,000 SF<br/><b>Agent:</b> Charlie Davis<br/><b>Listing:</b> <a href="http://www.jordantrotter.com/properties/8-James-Brown-Blvd/">http://www.jordantrotter.com/properties/8-James-Brown-Blvd/</a>]]></description>
      <styleUrl>#Jordan_Trotter</styleUrl>
      <Point>
        <coordinates>-81.966161,33.478116,0</coordinates>
      </Point>
    </Placemark>
    <Placemark>
      <name>801 Broad Street, Augusta, GA  30901</name>
      <description><![CDATA[<b>Address:</b> 801 Broad Street, Augusta, GA  30901, Augusta, GA 30901<br/><b>Type:</b> For Lease<br/><b>Status:</b> Active<br/><b>Property Type:</b> Office Building<br/><b>Size:</b> 273 - 6,083 SF<br/><b>Agent:</b> Parker Dye<br/><b>Listing:</b> <a href="http://www.jordantrotter.com/properties/?propertyId=125564-lease">http://www.jordantrotter.com/properties/?propertyId=125564-lease</a>]]></description>
      <styleUrl>#Jordan_Trotter</styleUrl>
      <Point>
        <coordinates>-81.9653661,33.4757274,0</coordinates>
      </Point>
    </Placemark>
    <Placemark>
      <name>801 Broad Street, Augusta, GA  30901</name>
      <description><![CDATA[<b>Address:</b> 801 Broad Street, Augusta, GA  30901, Augusta, GA 30901<br/><b>Type:</b> For Lease<br/><b>Status:</b> Active<br/><b>Property Type:</b> Office Building<br/><b>Size:</b> 273 - 6,083 SF<br/><b>Agent:</b> Parker Dye<br/><b>Listing:</b> <a href="http://www.jordantrotter.com/properties/125564-lease/">http://www.jordantrotter.com/properties/125564-lease/</a>]]></description>
      <styleUrl>#Jordan_Trotter</styleUrl>
      <Point>
        <coordinates>-81.9653661,33.4757274,0</coordinates>
      </Point>
    </Placemark>
    <Placemark>
      <name>801 Broad Street, Augusta, GA  30901</name>
      <description><![CDATA[<b>Address:</b> 801 Broad Street, Augusta, GA  30901, Augusta, GA 30901<br/><b>Type:</b> For Lease<br/><b>Status:</b> Active<br/><b>Property Type:</b> Office Building<br/><b>Size:</b> 273 - 6,083 SF<br/><b>Agent:</b> Parker Dye<br/><b>Listing:</b> <a href="http://www.jordantrotter.com/properties/801-Broad-Street-Augusta-GA/">http://www.jordantrotter.com/properties/801-Broad-Street-Augusta-GA/</a>]]></description>
      <styleUrl>#Jordan_Trotter</styleUrl>
      <Point>
        <coordinates>-81.9653661,33.4757274,0</coordinates>
      </Point>
    </Placemark>
    <Placemark>
      <name>802 7th St, Augusta, GA  30901</name>
      <description><![CDATA[<b>Address:</b> 802 7th St, Augusta, GA  30901, Augusta, GA 30901<br/><b>Type:</b> For Lease<br/><b>Status:</b> Active<br/><b>Property Type:</b> Warehouse/Distribution<br/><b>Size:</b> 6,048 SF<br/><b>Agent:</b> Charlie Davis<br/><b>Listing:</b> <a href="http://www.jordantrotter.com/properties/?propertyId=1546341-lease">http://www.jordantrotter.com/properties/?propertyId=1546341-lease</a>]]></description>
      <styleUrl>#Jordan_Trotter</styleUrl>
      <Point>
        <coordinates>-81.96682369999999,33.4672348,0</coordinates>
      </Point>
    </Placemark>
    <Placemark>
      <name>802 7th St, Augusta, GA  30901</name>
      <description><![CDATA[<b>Address:</b> 802 7th St, Augusta, GA  30901, Augusta, GA 30901<br/><b>Type:</b> For Lease<br/><b>Status:</b> Active<br/><b>Property Type:</b> Warehouse/Distribution<br/><b>Size:</b> 6,048 SF<br/><b>Agent:</b> Charlie Davis<br/><b>Listing:</b> <a href="http://www.jordantrotter.com/properties/1546341-lease/">http://www.jordantrotter.com/properties/1546341-lease/</a>]]></description>
      <styleUrl>#Jordan_Trotter</styleUrl>
      <Point>
        <coordinates>-81.96682369999999,33.4672348,0</coordinates>
      </Point>
    </Placemark>
    <Placemark>
      <name>802 7th St, Augusta, GA  30901</name>
      <description><![CDATA[<b>Address:</b> 802 7th St, Augusta, GA  30901, Augusta, GA 30901<br/><b>Type:</b> For Lease<br/><b>Status:</b> Active<br/><b>Property Type:</b> Warehouse/Distribution<br/><b>Size:</b> 6,048 SF<br/><b>Agent:</b> Charlie Davis<br/><b>Listing:</b> <a href="http://www.jordantrotter.com/properties/802-7th-street-augusta-ga/">http://www.jordantrotter.com/properties/802-7th-street-augusta-ga/</a>]]></description>
      <styleUrl>#Jordan_Trotter</styleUrl>
      <Point>
        <coordinates>-81.96682369999999,33.4672348,0</coordinates>
      </Point>
    </Placemark>
    <Placemark>
      <name>826 Cabela Drive, Augusta, GA  30909</name>
      <description><![CDATA[<b>Address:</b> 826 Cabela Drive, Augusta, GA  30909, Augusta, GA 30909<br/><b>Type:</b> For Lease<br/><b>Status:</b> Active<br/><b>Property Type:</b> Strip Center<br/><b>Size:</b> 1,560 - 2,519 SF<br/><b>Agent:</b> Charlie Davis<br/><b>Listing:</b> <a href="http://www.jordantrotter.com/properties/?propertyId=340909-lease">http://www.jordantrotter.com/properties/?propertyId=340909-lease</a>]]></description>
      <styleUrl>#Jordan_Trotter</styleUrl>
      <Point>
        <coordinates>-82.018873,33.5238096,0</coordinates>
      </Point>
    </Placemark>
    <Placemark>
      <name>826 Cabela Drive, Augusta, GA  30909</name>
      <description><![CDATA[<b>Address:</b> 826 Cabela Drive, Augusta, GA  30909, Augusta, GA 30909<br/><b>Type:</b> For Lease<br/><b>Status:</b> Active<br/><b>Property Type:</b> Strip Center<br/><b>Size:</b> 1,560 - 2,519 SF<br/><b>Agent:</b> Charlie Davis<br/><b>Listing:</b> <a href="http://www.jordantrotter.com/properties/340909-lease/">http://www.jordantrotter.com/properties/340909-lease/</a>]]></description>
      <styleUrl>#Jordan_Trotter</styleUrl>
      <Point>
        <coordinates>-82.018873,33.5238096,0</coordinates>
      </Point>
    </Placemark>
    <Placemark>
      <name>826 Cabela Drive, Augusta, GA  30909</name>
      <description><![CDATA[<b>Address:</b> 826 Cabela Drive, Augusta, GA  30909, Augusta, GA 30909<br/><b>Type:</b> For Lease<br/><b>Status:</b> Active<br/><b>Property Type:</b> Strip Center<br/><b>Size:</b> 1,560 - 2,519 SF<br/><b>Agent:</b> Charlie Davis<br/><b>Listing:</b> <a href="http://www.jordantrotter.com/properties/826-cabela-drive-augusta-ga/">http://www.jordantrotter.com/properties/826-cabela-drive-augusta-ga/</a>]]></description>
      <styleUrl>#Jordan_Trotter</styleUrl>
      <Point>
        <coordinates>-82.018873,33.5238096,0</coordinates>
      </Point>
    </Placemark>
    <Placemark>
      <name>840 Broad Street, Augusta, GA  30901</name>
      <description><![CDATA[<b>Address:</b> 840 Broad Street, Augusta, GA  30901, Augusta, GA 30901<br/><b>Type:</b> For Lease<br/><b>Status:</b> Active<br/><b>Property Type:</b> Office/Retail<br/><b>Size:</b> 11,176 SF<br/><b>Agent:</b> Mason Whatley<br/><b>Listing:</b> <a href="http://www.jordantrotter.com/properties/?propertyId=664303-lease">http://www.jordantrotter.com/properties/?propertyId=664303-lease</a>]]></description>
      <styleUrl>#Jordan_Trotter</styleUrl>
      <Point>
        <coordinates>-81.966827,33.475093,0</coordinates>
      </Point>
    </Placemark>
    <Placemark>
      <name>840 Broad Street, Augusta, GA  30901</name>
      <description><![CDATA[<b>Address:</b> 840 Broad Street, Augusta, GA  30901, Augusta, GA 30901<br/><b>Type:</b> For Lease<br/><b>Status:</b> Active<br/><b>Property Type:</b> Office/Retail<br/><b>Size:</b> 11,176 SF<br/><b>Agent:</b> Mason Whatley<br/><b>Listing:</b> <a href="http://www.jordantrotter.com/properties/664303-lease/">http://www.jordantrotter.com/properties/664303-lease/</a>]]></description>
      <styleUrl>#Jordan_Trotter</styleUrl>
      <Point>
        <coordinates>-81.966827,33.475093,0</coordinates>
      </Point>
    </Placemark>
    <Placemark>
      <name>840 Broad Street, Augusta, GA  30901</name>
      <description><![CDATA[<b>Address:</b> 840 Broad Street, Augusta, GA  30901, Augusta, GA 30901<br/><b>Type:</b> For Lease<br/><b>Status:</b> Active<br/><b>Property Type:</b> Office/Retail<br/><b>Size:</b> 11,176 SF<br/><b>Agent:</b> Mason Whatley<br/><b>Listing:</b> <a href="http://www.jordantrotter.com/properties/840-Broad-Street-Augusta-GA/">http://www.jordantrotter.com/properties/840-Broad-Street-Augusta-GA/</a>]]></description>
      <styleUrl>#Jordan_Trotter</styleUrl>
      <Point>
        <coordinates>-81.966827,33.475093,0</coordinates>
      </Point>
    </Placemark>
    <Placemark>
      <name>865 Broad St, Augusta, GA  30901</name>
      <description><![CDATA[<b>Address:</b> 865 Broad St, Augusta, GA  30901, Augusta, GA 30901<br/><b>Type:</b> For Lease<br/><b>Status:</b> Active<br/><b>Property Type:</b> Street Retail<br/><b>Size:</b> 3,530 SF<br/><b>Agent:</b> Mason Whatley<br/><b>Listing:</b> <a href="http://www.jordantrotter.com/properties/?propertyId=1456697-lease">http://www.jordantrotter.com/properties/?propertyId=1456697-lease</a>]]></description>
      <styleUrl>#Jordan_Trotter</styleUrl>
      <Point>
        <coordinates>-81.9668095,33.4762703,0</coordinates>
      </Point>
    </Placemark>
    <Placemark>
      <name>865 Broad St, Augusta, GA  30901</name>
      <description><![CDATA[<b>Address:</b> 865 Broad St, Augusta, GA  30901, Augusta, GA 30901<br/><b>Type:</b> For Lease<br/><b>Status:</b> Active<br/><b>Property Type:</b> Street Retail<br/><b>Size:</b> 3,530 SF<br/><b>Agent:</b> Mason Whatley<br/><b>Listing:</b> <a href="http://www.jordantrotter.com/properties/1456697-lease/">http://www.jordantrotter.com/properties/1456697-lease/</a>]]></description>
      <styleUrl>#Jordan_Trotter</styleUrl>
      <Point>
        <coordinates>-81.9668095,33.4762703,0</coordinates>
      </Point>
    </Placemark>
    <Placemark>
      <name>865 Broad St, Augusta, GA  30901</name>
      <description><![CDATA[<b>Address:</b> 865 Broad St, Augusta, GA  30901, Augusta, GA 30901<br/><b>Type:</b> For Lease<br/><b>Status:</b> Active<br/><b>Property Type:</b> Street Retail<br/><b>Size:</b> 3,530 SF<br/><b>Agent:</b> Mason Whatley<br/><b>Listing:</b> <a href="http://www.jordantrotter.com/properties/865-Broad-Street-Augusta-GA/">http://www.jordantrotter.com/properties/865-Broad-Street-Augusta-GA/</a>]]></description>
      <styleUrl>#Jordan_Trotter</styleUrl>
      <Point>
        <coordinates>-81.9668095,33.4762703,0</coordinates>
      </Point>
    </Placemark>
    <Placemark>
      <name>869 Broad St, Augusta, GA  30901</name>
      <description><![CDATA[<b>Address:</b> 869 Broad St, Augusta, GA  30901, Augusta, GA 30901<br/><b>Type:</b> For Lease<br/><b>Status:</b> Active<br/><b>Property Type:</b> Street Retail<br/><b>Size:</b> 5,088 SF<br/><b>Agent:</b> Mason Whatley<br/><b>Listing:</b> <a href="http://www.jordantrotter.com/properties/?propertyId=1433701-lease">http://www.jordantrotter.com/properties/?propertyId=1433701-lease</a>]]></description>
      <styleUrl>#Jordan_Trotter</styleUrl>
      <Point>
        <coordinates>-81.9668734,33.4762961,0</coordinates>
      </Point>
    </Placemark>
    <Placemark>
      <name>869 Broad St, Augusta, GA  30901</name>
      <description><![CDATA[<b>Address:</b> 869 Broad St, Augusta, GA  30901, Augusta, GA 30901<br/><b>Type:</b> For Lease<br/><b>Status:</b> Active<br/><b>Property Type:</b> Street Retail<br/><b>Size:</b> 5,088 SF<br/><b>Agent:</b> Mason Whatley<br/><b>Listing:</b> <a href="http://www.jordantrotter.com/properties/1433701-lease/">http://www.jordantrotter.com/properties/1433701-lease/</a>]]></description>
      <styleUrl>#Jordan_Trotter</styleUrl>
      <Point>
        <coordinates>-81.9668734,33.4762961,0</coordinates>
      </Point>
    </Placemark>
    <Placemark>
      <name>869 Broad St, Augusta, GA  30901</name>
      <description><![CDATA[<b>Address:</b> 869 Broad St, Augusta, GA  30901, Augusta, GA 30901<br/><b>Type:</b> For Lease<br/><b>Status:</b> Active<br/><b>Property Type:</b> Street Retail<br/><b>Size:</b> 5,088 SF<br/><b>Agent:</b> Mason Whatley<br/><b>Listing:</b> <a href="http://www.jordantrotter.com/properties/869-Broad-Street-Augusta-GA/">http://www.jordantrotter.com/properties/869-Broad-Street-Augusta-GA/</a>]]></description>
      <styleUrl>#Jordan_Trotter</styleUrl>
      <Point>
        <coordinates>-81.9668734,33.4762961,0</coordinates>
      </Point>
    </Placemark>
    <Placemark>
      <name>922 Ellis Street, Augusta, GA  30901</name>
      <description><![CDATA[<b>Address:</b> 922 Ellis Street, Augusta, GA  30901, Augusta, GA 30901<br/><b>Type:</b> For Lease<br/><b>Status:</b> Active<br/><b>Property Type:</b> Office Building<br/><b>Size:</b> 10,474 SF<br/><b>Agent:</b> Mason Whatley<br/><b>Listing:</b> <a href="http://www.jordantrotter.com/properties/?propertyId=658424-lease">http://www.jordantrotter.com/properties/?propertyId=658424-lease</a>]]></description>
      <styleUrl>#Jordan_Trotter</styleUrl>
      <Point>
        <coordinates>-81.96895599999999,33.4752425,0</coordinates>
      </Point>
    </Placemark>
    <Placemark>
      <name>922 Ellis Street, Augusta, GA  30901</name>
      <description><![CDATA[<b>Address:</b> 922 Ellis Street, Augusta, GA  30901, Augusta, GA 30901<br/><b>Type:</b> For Lease<br/><b>Status:</b> Active<br/><b>Property Type:</b> Office Building<br/><b>Size:</b> 10,474 SF<br/><b>Agent:</b> Mason Whatley<br/><b>Listing:</b> <a href="http://www.jordantrotter.com/properties/658424-lease/">http://www.jordantrotter.com/properties/658424-lease/</a>]]></description>
      <styleUrl>#Jordan_Trotter</styleUrl>
      <Point>
        <coordinates>-81.96895599999999,33.4752425,0</coordinates>
      </Point>
    </Placemark>
    <Placemark>
      <name>922 Ellis Street, Augusta, GA  30901</name>
      <description><![CDATA[<b>Address:</b> 922 Ellis Street, Augusta, GA  30901, Augusta, GA 30901<br/><b>Type:</b> For Lease<br/><b>Status:</b> Active<br/><b>Property Type:</b> Office Building<br/><b>Size:</b> 10,474 SF<br/><b>Agent:</b> Mason Whatley<br/><b>Listing:</b> <a href="http://www.jordantrotter.com/properties/922-ellis-street-augusta-ga/">http://www.jordantrotter.com/properties/922-ellis-street-augusta-ga/</a>]]></description>
      <styleUrl>#Jordan_Trotter</styleUrl>
      <Point>
        <coordinates>-81.96895599999999,33.4752425,0</coordinates>
      </Point>
    </Placemark>
    <Placemark>
      <name>926 Broad Street , Augusta, GA  30901</name>
      <description><![CDATA[<b>Address:</b> 926 Broad Street , Augusta, GA  30901, Augusta, GA 30901<br/><b>Type:</b> For Sale<br/><b>Status:</b> Active<br/><b>Property Type:</b> Street Retail<br/><b>Size:</b> 6,050 SF<br/><b>Agent:</b> Parker Dye<br/><b>Listing:</b> <a href="http://www.jordantrotter.com/properties/?propertyId=1167916-sale">http://www.jordantrotter.com/properties/?propertyId=1167916-sale</a>]]></description>
      <styleUrl>#Jordan_Trotter</styleUrl>
      <Point>
        <coordinates>-81.9683755,33.4758609,0</coordinates>
      </Point>
    </Placemark>
    <Placemark>
      <name>926 Broad Street , Augusta, GA  30901</name>
      <description><![CDATA[<b>Address:</b> 926 Broad Street , Augusta, GA  30901, Augusta, GA 30901<br/><b>Type:</b> For Sale<br/><b>Status:</b> Active<br/><b>Property Type:</b> Street Retail<br/><b>Size:</b> 6,050 SF<br/><b>Agent:</b> Parker Dye<br/><b>Listing:</b> <a href="http://www.jordantrotter.com/properties/1167916-sale/">http://www.jordantrotter.com/properties/1167916-sale/</a>]]></description>
      <styleUrl>#Jordan_Trotter</styleUrl>
      <Point>
        <coordinates>-81.9683755,33.4758609,0</coordinates>
      </Point>
    </Placemark>
    <Placemark>
      <name>926 Broad Street , Augusta, GA  30901</name>
      <description><![CDATA[<b>Address:</b> 926 Broad Street , Augusta, GA  30901, Augusta, GA 30901<br/><b>Type:</b> For Sale<br/><b>Status:</b> Active<br/><b>Property Type:</b> Street Retail<br/><b>Size:</b> 6,050 SF<br/><b>Agent:</b> Parker Dye<br/><b>Listing:</b> <a href="http://www.jordantrotter.com/properties/926-broad-street-augusta-ga/">http://www.jordantrotter.com/properties/926-broad-street-augusta-ga/</a>]]></description>
      <styleUrl>#Jordan_Trotter</styleUrl>
      <Point>
        <coordinates>-81.9683755,33.4758609,0</coordinates>
      </Point>
    </Placemark>
    <Placemark>
      <name>933 Broad Street, Augusta, GA  30901</name>
      <description><![CDATA[<b>Address:</b> 933 Broad Street, Augusta, GA  30901, Augusta, GA 30901<br/><b>Type:</b> For Lease<br/><b>Status:</b> Active<br/><b>Property Type:</b> Office Building<br/><b>Size:</b> 9,000 SF<br/><b>Agent:</b> Parker Dye<br/><b>Listing:</b> <a href="http://www.jordantrotter.com/properties/?propertyId=1129996-lease">http://www.jordantrotter.com/properties/?propertyId=1129996-lease</a>]]></description>
      <styleUrl>#Jordan_Trotter</styleUrl>
      <Point>
        <coordinates>-81.9681839,33.4767835,0</coordinates>
      </Point>
    </Placemark>
    <Placemark>
      <name>933 Broad Street, Augusta, GA  30901</name>
      <description><![CDATA[<b>Address:</b> 933 Broad Street, Augusta, GA  30901, Augusta, GA 30901<br/><b>Type:</b> For Lease<br/><b>Status:</b> Active<br/><b>Property Type:</b> Office Building<br/><b>Size:</b> 9,000 SF<br/><b>Agent:</b> Parker Dye<br/><b>Listing:</b> <a href="http://www.jordantrotter.com/properties/1129996-lease/">http://www.jordantrotter.com/properties/1129996-lease/</a>]]></description>
      <styleUrl>#Jordan_Trotter</styleUrl>
      <Point>
        <coordinates>-81.9681839,33.4767835,0</coordinates>
      </Point>
    </Placemark>
    <Placemark>
      <name>933 Broad Street, Augusta, GA  30901</name>
      <description><![CDATA[<b>Address:</b> 933 Broad Street, Augusta, GA  30901, Augusta, GA 30901<br/><b>Type:</b> For Lease<br/><b>Status:</b> Active<br/><b>Property Type:</b> Office Building<br/><b>Size:</b> 9,000 SF<br/><b>Agent:</b> Parker Dye<br/><b>Listing:</b> <a href="http://www.jordantrotter.com/properties/933-Broad-Street-Augusta-GA/">http://www.jordantrotter.com/properties/933-Broad-Street-Augusta-GA/</a>]]></description>
      <styleUrl>#Jordan_Trotter</styleUrl>
      <Point>
        <coordinates>-81.9681839,33.4767835,0</coordinates>
      </Point>
    </Placemark>
    <Placemark>
      <name>961 Broad St, Augusta, GA  30901</name>
      <description><![CDATA[<b>Address:</b> 961 Broad St, Augusta, GA  30901, Augusta, GA 30901<br/><b>Type:</b> For Sale<br/><b>Status:</b> Active<br/><b>Property Type:</b> Office Building<br/><b>Size:</b> 7,254 SF<br/><b>Agent:</b> Parker Dye<br/><b>Listing:</b> <a href="http://www.jordantrotter.com/properties/?propertyId=1611148-sale">http://www.jordantrotter.com/properties/?propertyId=1611148-sale</a>]]></description>
      <styleUrl>#Jordan_Trotter</styleUrl>
      <Point>
        <coordinates>-81.96893279999999,33.4768174,0</coordinates>
      </Point>
    </Placemark>
    <Placemark>
      <name>961 Broad St, Augusta, GA  30901</name>
      <description><![CDATA[<b>Address:</b> 961 Broad St, Augusta, GA  30901, Augusta, GA 30901<br/><b>Type:</b> For Sale<br/><b>Status:</b> Active<br/><b>Property Type:</b> Office Building<br/><b>Size:</b> 7,254 SF<br/><b>Agent:</b> Parker Dye<br/><b>Listing:</b> <a href="http://www.jordantrotter.com/properties/1611148-sale/">http://www.jordantrotter.com/properties/1611148-sale/</a>]]></description>
      <styleUrl>#Jordan_Trotter</styleUrl>
      <Point>
        <coordinates>-81.96893279999999,33.4768174,0</coordinates>
      </Point>
    </Placemark>
    <Placemark>
      <name>961 Broad St, Augusta, GA  30901</name>
      <description><![CDATA[<b>Address:</b> 961 Broad St, Augusta, GA  30901, Augusta, GA 30901<br/><b>Type:</b> For Sale<br/><b>Status:</b> Active<br/><b>Property Type:</b> Office Building<br/><b>Size:</b> 7,254 SF<br/><b>Agent:</b> Parker Dye<br/><b>Listing:</b> <a href="http://www.jordantrotter.com/properties/961-Broad-Street-Augusta-GA/">http://www.jordantrotter.com/properties/961-Broad-Street-Augusta-GA/</a>]]></description>
      <styleUrl>#Jordan_Trotter</styleUrl>
      <Point>
        <coordinates>-81.96893279999999,33.4768174,0</coordinates>
      </Point>
    </Placemark>
    <Placemark>
      <name>One Tenth Street, Augusta, GA  30901</name>
      <description><![CDATA[<b>Address:</b> One Tenth Street, Augusta, GA  30901, Augusta, GA 30901<br/><b>Type:</b> For Lease<br/><b>Status:</b> Active<br/><b>Property Type:</b> Office Building<br/><b>Size:</b> 1,287 - 7,986 SF<br/><b>Agent:</b> Parker Dye<br/><b>Listing:</b> <a href="http://www.jordantrotter.com/properties/?propertyId=785776-lease">http://www.jordantrotter.com/properties/?propertyId=785776-lease</a>]]></description>
      <styleUrl>#Jordan_Trotter</styleUrl>
      <Point>
        <coordinates>-81.96703,33.4786248,0</coordinates>
      </Point>
    </Placemark>
    <Placemark>
      <name>One Tenth Street, Augusta, GA  30901</name>
      <description><![CDATA[<b>Address:</b> One Tenth Street, Augusta, GA  30901, Augusta, GA 30901<br/><b>Type:</b> For Lease<br/><b>Status:</b> Active<br/><b>Property Type:</b> Office Building<br/><b>Size:</b> 1,287 - 7,986 SF<br/><b>Agent:</b> Parker Dye<br/><b>Listing:</b> <a href="http://www.jordantrotter.com/properties/785776-lease/">http://www.jordantrotter.com/properties/785776-lease/</a>]]></description>
      <styleUrl>#Jordan_Trotter</styleUrl>
      <Point>
        <coordinates>-81.96703,33.4786248,0</coordinates>
      </Point>
    </Placemark>
    <Placemark>
      <name>One Tenth Street, Augusta, GA  30901</name>
      <description><![CDATA[<b>Address:</b> One Tenth Street, Augusta, GA  30901, Augusta, GA 30901<br/><b>Type:</b> For Lease<br/><b>Status:</b> Active<br/><b>Property Type:</b> Office Building<br/><b>Size:</b> 1,287 - 7,986 SF<br/><b>Agent:</b> Parker Dye<br/><b>Listing:</b> <a href="http://www.jordantrotter.com/properties/One-Tenth-Street-Augusta-GA/">http://www.jordantrotter.com/properties/One-Tenth-Street-Augusta-GA/</a>]]></description>
      <styleUrl>#Jordan_Trotter</styleUrl>
      <Point>
        <coordinates>-81.96703,33.4786248,0</coordinates>
      </Point>
    </Placemark>
    <Placemark>
      <name>431 W Columbia Avenue, Batesburg, SC  29006</name>
      <description><![CDATA[<b>Address:</b> 431 W Columbia Avenue, Batesburg, SC  29006, Batesburg, SC 29006<br/><b>Type:</b> For Sale<br/><b>Status:</b> Active<br/><b>Property Type:</b> Retail<br/><b>Size:</b> 0.43 Acres<br/><b>Agent:</b> Tripp Wilson<br/><b>Listing:</b> <a href="http://www.jordantrotter.com/properties/?propertyId=993283-sale">http://www.jordantrotter.com/properties/?propertyId=993283-sale</a>]]></description>
      <styleUrl>#Jordan_Trotter</styleUrl>
      <Point>
        <coordinates>-81.5443229,33.9051534,0</coordinates>
      </Point>
    </Placemark>
    <Placemark>
      <name>431 W Columbia Avenue, Batesburg, SC  29006</name>
      <description><![CDATA[<b>Address:</b> 431 W Columbia Avenue, Batesburg, SC  29006, Batesburg, SC 29006<br/><b>Type:</b> For Sale<br/><b>Status:</b> Active<br/><b>Property Type:</b> Retail<br/><b>Size:</b> 0.43 Acres<br/><b>Agent:</b> Tripp Wilson<br/><b>Listing:</b> <a href="http://www.jordantrotter.com/properties/993283-sale/">http://www.jordantrotter.com/properties/993283-sale/</a>]]></description>
      <styleUrl>#Jordan_Trotter</styleUrl>
      <Point>
        <coordinates>-81.5443229,33.9051534,0</coordinates>
      </Point>
    </Placemark>
    <Placemark>
      <name>431 W Columbia Avenue, Batesburg, SC  29006</name>
      <description><![CDATA[<b>Address:</b> 431 W Columbia Avenue, Batesburg, SC  29006, Batesburg, SC 29006<br/><b>Type:</b> For Sale<br/><b>Status:</b> Active<br/><b>Property Type:</b> Retail<br/><b>Size:</b> 0.43 Acres<br/><b>Agent:</b> Tripp Wilson<br/><b>Listing:</b> <a href="http://www.jordantrotter.com/properties/431-w-columbia-avenue-batesburg-sc/">http://www.jordantrotter.com/properties/431-w-columbia-avenue-batesburg-sc/</a>]]></description>
      <styleUrl>#Jordan_Trotter</styleUrl>
      <Point>
        <coordinates>-81.5443229,33.9051534,0</coordinates>
      </Point>
    </Placemark>
    <Placemark>
      <name>522 Edgefield Road, Belvedere, SC  29841</name>
      <description><![CDATA[<b>Address:</b> 522 Edgefield Road, Belvedere, SC  29841, Belvedere, SC 29841<br/><b>Type:</b> For Lease<br/><b>Status:</b> Active<br/><b>Property Type:</b> Flex Space<br/><b>Size:</b> 4,080 SF<br/><b>Agent:</b> Robert McCrary<br/><b>Listing:</b> <a href="http://www.jordantrotter.com/properties/?propertyId=1580161-lease">http://www.jordantrotter.com/properties/?propertyId=1580161-lease</a>]]></description>
      <styleUrl>#Jordan_Trotter</styleUrl>
      <Point>
        <coordinates>-81.9433675,33.5378678,0</coordinates>
      </Point>
    </Placemark>
    <Placemark>
      <name>522 Edgefield Road, Belvedere, SC  29841</name>
      <description><![CDATA[<b>Address:</b> 522 Edgefield Road, Belvedere, SC  29841, Belvedere, SC 29841<br/><b>Type:</b> For Lease<br/><b>Status:</b> Active<br/><b>Property Type:</b> Flex Space<br/><b>Size:</b> 4,080 SF<br/><b>Agent:</b> Robert McCrary<br/><b>Listing:</b> <a href="http://www.jordantrotter.com/properties/1580161-lease/">http://www.jordantrotter.com/properties/1580161-lease/</a>]]></description>
      <styleUrl>#Jordan_Trotter</styleUrl>
      <Point>
        <coordinates>-81.9433675,33.5378678,0</coordinates>
      </Point>
    </Placemark>
    <Placemark>
      <name>522 Edgefield Road, Belvedere, SC  29841</name>
      <description><![CDATA[<b>Address:</b> 522 Edgefield Road, Belvedere, SC  29841, Belvedere, SC 29841<br/><b>Type:</b> For Lease<br/><b>Status:</b> Active<br/><b>Property Type:</b> Flex Space<br/><b>Size:</b> 4,080 SF<br/><b>Agent:</b> Robert McCrary<br/><b>Listing:</b> <a href="http://www.jordantrotter.com/properties/522-edgefield-road-belvedere-sc/">http://www.jordantrotter.com/properties/522-edgefield-road-belvedere-sc/</a>]]></description>
      <styleUrl>#Jordan_Trotter</styleUrl>
      <Point>
        <coordinates>-81.9433675,33.5378678,0</coordinates>
      </Point>
    </Placemark>
    <Placemark>
      <name>3018 Cherokee Trl, Blythe, GA  30805</name>
      <description><![CDATA[<b>Address:</b> 3018 Cherokee Trl, Blythe, GA  30805, Blythe, GA 30805<br/><b>Type:</b> For Sale<br/><b>Status:</b> Active<br/><b>Property Type:</b> Residential Development/ Recreational<br/><b>Size:</b> 163 Acres<br/><b>Agent:</b> Wil Kacos<br/><b>Listing:</b> <a href="http://www.jordantrotter.com/properties/?propertyId=1330947-sale">http://www.jordantrotter.com/properties/?propertyId=1330947-sale</a>]]></description>
      <styleUrl>#Jordan_Trotter</styleUrl>
      <Point>
        <coordinates>-82.150971,33.352458,0</coordinates>
      </Point>
    </Placemark>
    <Placemark>
      <name>3018 Cherokee Trl, Blythe, GA  30805</name>
      <description><![CDATA[<b>Address:</b> 3018 Cherokee Trl, Blythe, GA  30805, Blythe, GA 30805<br/><b>Type:</b> For Sale<br/><b>Status:</b> Active<br/><b>Property Type:</b> Residential Development/ Recreational<br/><b>Size:</b> 163 Acres<br/><b>Agent:</b> Wil Kacos<br/><b>Listing:</b> <a href="http://www.jordantrotter.com/properties/1330947-sale/">http://www.jordantrotter.com/properties/1330947-sale/</a>]]></description>
      <styleUrl>#Jordan_Trotter</styleUrl>
      <Point>
        <coordinates>-82.150971,33.352458,0</coordinates>
      </Point>
    </Placemark>
    <Placemark>
      <name>3018 Cherokee Trl, Blythe, GA  30805</name>
      <description><![CDATA[<b>Address:</b> 3018 Cherokee Trl, Blythe, GA  30805, Blythe, GA 30805<br/><b>Type:</b> For Sale<br/><b>Status:</b> Active<br/><b>Property Type:</b> Residential Development/ Recreational<br/><b>Size:</b> 163 Acres<br/><b>Agent:</b> Wil Kacos<br/><b>Listing:</b> <a href="http://www.jordantrotter.com/properties/3018-cherokee-trail-blythe-ga/">http://www.jordantrotter.com/properties/3018-cherokee-trail-blythe-ga/</a>]]></description>
      <styleUrl>#Jordan_Trotter</styleUrl>
      <Point>
        <coordinates>-82.150971,33.352458,0</coordinates>
      </Point>
    </Placemark>
    <Placemark>
      <name>4720 Deans Bridge Road, Blythe, GA  30805</name>
      <description><![CDATA[<b>Address:</b> 4720 Deans Bridge Road, Blythe, GA  30805, Blythe, GA 30805<br/><b>Type:</b> For Sale<br/><b>Status:</b> Active<br/><b>Property Type:</b> Flex Space<br/><b>Size:</b> 3,200 SF<br/><b>Agent:</b> Robert McCrary<br/><b>Listing:</b> <a href="http://www.jordantrotter.com/properties/?propertyId=1482128-sale">http://www.jordantrotter.com/properties/?propertyId=1482128-sale</a>]]></description>
      <styleUrl>#Jordan_Trotter</styleUrl>
      <Point>
        <coordinates>-82.1723193,33.3286698,0</coordinates>
      </Point>
    </Placemark>
    <Placemark>
      <name>4435 Jefferson Davis Highway, Clearwater, SC  29842</name>
      <description><![CDATA[<b>Address:</b> 4435 Jefferson Davis Highway, Clearwater, SC  29842, Clearwater, SC 29842<br/><b>Type:</b> For Lease<br/><b>Status:</b> Active<br/><b>Property Type:</b> Strip Center<br/><b>Size:</b> 7,400 - 29,319 SF<br/><b>Agent:</b> Liam Welch<br/><b>Listing:</b> <a href="http://www.jordantrotter.com/properties/?propertyId=1100109-lease">http://www.jordantrotter.com/properties/?propertyId=1100109-lease</a>]]></description>
      <styleUrl>#Jordan_Trotter</styleUrl>
      <Point>
        <coordinates>-81.8994625,33.5023929,0</coordinates>
      </Point>
    </Placemark>
    <Placemark>
      <name>4435 Jefferson Davis Highway, Clearwater, SC  29842</name>
      <description><![CDATA[<b>Address:</b> 4435 Jefferson Davis Highway, Clearwater, SC  29842, Clearwater, SC 29842<br/><b>Type:</b> For Lease<br/><b>Status:</b> Active<br/><b>Property Type:</b> Strip Center<br/><b>Size:</b> 7,400 - 29,319 SF<br/><b>Agent:</b> Liam Welch<br/><b>Listing:</b> <a href="http://www.jordantrotter.com/properties/1100109-lease/">http://www.jordantrotter.com/properties/1100109-lease/</a>]]></description>
      <styleUrl>#Jordan_Trotter</styleUrl>
      <Point>
        <coordinates>-81.8994625,33.5023929,0</coordinates>
      </Point>
    </Placemark>
    <Placemark>
      <name>4435 Jefferson Davis Highway, Clearwater, SC  29842</name>
      <description><![CDATA[<b>Address:</b> 4435 Jefferson Davis Highway, Clearwater, SC  29842, Clearwater, SC 29842<br/><b>Type:</b> For Lease<br/><b>Status:</b> Active<br/><b>Property Type:</b> Strip Center<br/><b>Size:</b> 7,400 - 29,319 SF<br/><b>Agent:</b> Liam Welch<br/><b>Listing:</b> <a href="http://www.jordantrotter.com/properties/4435-jefferson-davis-highway-clearwater-sc/">http://www.jordantrotter.com/properties/4435-jefferson-davis-highway-clearwater-sc/</a>]]></description>
      <styleUrl>#Jordan_Trotter</styleUrl>
      <Point>
        <coordinates>-81.8994625,33.5023929,0</coordinates>
      </Point>
    </Placemark>
    <Placemark>
      <name>3250 Highway 81 S, Covington, GA  30016</name>
      <description><![CDATA[<b>Address:</b> 3250 Highway 81 S, Covington, GA  30016, Covington, GA 30016<br/><b>Type:</b> For Sale<br/><b>Status:</b> Active<br/><b>Property Type:</b> Street Retail<br/><b>Size:</b> 8,320 SF<br/><b>Agent:</b> Holton Brinson<br/><b>Listing:</b> <a href="http://www.jordantrotter.com/properties/?propertyId=1609031-sale">http://www.jordantrotter.com/properties/?propertyId=1609031-sale</a>]]></description>
      <styleUrl>#Jordan_Trotter</styleUrl>
      <Point>
        <coordinates>-83.9428909,33.5482204,0</coordinates>
      </Point>
    </Placemark>
    <Placemark>
      <name>3250 Highway 81 S, Covington, GA  30016</name>
      <description><![CDATA[<b>Address:</b> 3250 Highway 81 S, Covington, GA  30016, Covington, GA 30016<br/><b>Type:</b> For Lease<br/><b>Status:</b> Active<br/><b>Property Type:</b> Street Retail<br/><b>Size:</b> 8,320 SF<br/><b>Agent:</b> Holton Brinson<br/><b>Listing:</b> <a href="http://www.jordantrotter.com/properties/?propertyId=1609031-lease">http://www.jordantrotter.com/properties/?propertyId=1609031-lease</a>]]></description>
      <styleUrl>#Jordan_Trotter</styleUrl>
      <Point>
        <coordinates>-83.9428909,33.5482204,0</coordinates>
      </Point>
    </Placemark>
    <Placemark>
      <name>3250 Highway 81 S, Covington, GA  30016</name>
      <description><![CDATA[<b>Address:</b> 3250 Highway 81 S, Covington, GA  30016, Covington, GA 30016<br/><b>Type:</b> For Sale<br/><b>Status:</b> Active<br/><b>Property Type:</b> Street Retail<br/><b>Size:</b> 8,320 SF<br/><b>Agent:</b> Holton Brinson<br/><b>Listing:</b> <a href="http://www.jordantrotter.com/properties/1609031-sale/">http://www.jordantrotter.com/properties/1609031-sale/</a>]]></description>
      <styleUrl>#Jordan_Trotter</styleUrl>
      <Point>
        <coordinates>-83.9428909,33.5482204,0</coordinates>
      </Point>
    </Placemark>
    <Placemark>
      <name>3250 Highway 81 S, Covington, GA  30016</name>
      <description><![CDATA[<b>Address:</b> 3250 Highway 81 S, Covington, GA  30016, Covington, GA 30016<br/><b>Type:</b> For Lease<br/><b>Status:</b> Active<br/><b>Property Type:</b> Street Retail<br/><b>Size:</b> 8,320 SF<br/><b>Agent:</b> Holton Brinson<br/><b>Listing:</b> <a href="http://www.jordantrotter.com/properties/1609031-lease/">http://www.jordantrotter.com/properties/1609031-lease/</a>]]></description>
      <styleUrl>#Jordan_Trotter</styleUrl>
      <Point>
        <coordinates>-83.9428909,33.5482204,0</coordinates>
      </Point>
    </Placemark>
    <Placemark>
      <name>3250 Highway 81 S, Covington, GA  30016</name>
      <description><![CDATA[<b>Address:</b> 3250 Highway 81 S, Covington, GA  30016, Covington, GA 30016<br/><b>Type:</b> For Sale<br/><b>Status:</b> Active<br/><b>Property Type:</b> Street Retail<br/><b>Size:</b> 8,320 SF<br/><b>Agent:</b> Holton Brinson<br/><b>Listing:</b> <a href="http://www.jordantrotter.com/properties/3250-highway-81-s-covington-sale/">http://www.jordantrotter.com/properties/3250-highway-81-s-covington-sale/</a>]]></description>
      <styleUrl>#Jordan_Trotter</styleUrl>
      <Point>
        <coordinates>-83.9428909,33.5482204,0</coordinates>
      </Point>
    </Placemark>
    <Placemark>
      <name>3250 Highway 81 S, Covington, GA  30016</name>
      <description><![CDATA[<b>Address:</b> 3250 Highway 81 S, Covington, GA  30016, Covington, GA 30016<br/><b>Type:</b> For Lease<br/><b>Status:</b> Active<br/><b>Property Type:</b> Street Retail<br/><b>Size:</b> 8,320 SF<br/><b>Agent:</b> Holton Brinson<br/><b>Listing:</b> <a href="http://www.jordantrotter.com/properties/3250-highway-81-s-covington-lease/">http://www.jordantrotter.com/properties/3250-highway-81-s-covington-lease/</a>]]></description>
      <styleUrl>#Jordan_Trotter</styleUrl>
      <Point>
        <coordinates>-83.9428909,33.5482204,0</coordinates>
      </Point>
    </Placemark>
    <Placemark>
      <name>0 Randall-Hunt Rd, Dearing, GA  30808</name>
      <description><![CDATA[<b>Address:</b> 0 Randall-Hunt Rd, Dearing, GA  30808, Dearing, GA 30808<br/><b>Type:</b> For Sale<br/><b>Status:</b> Active<br/><b>Property Type:</b> Industrial<br/><b>Size:</b> 200 Acres<br/><b>Agent:</b> Wil Kacos<br/><b>Listing:</b> <a href="http://www.jordantrotter.com/properties/?propertyId=1518214-sale">http://www.jordantrotter.com/properties/?propertyId=1518214-sale</a>]]></description>
      <styleUrl>#Jordan_Trotter</styleUrl>
      <Point>
        <coordinates>-82.4063975,33.4507396,0</coordinates>
      </Point>
    </Placemark>
    <Placemark>
      <name>0 Randall-Hunt Rd, Dearing, GA  30808</name>
      <description><![CDATA[<b>Address:</b> 0 Randall-Hunt Rd, Dearing, GA  30808, Dearing, GA 30808<br/><b>Type:</b> For Sale<br/><b>Status:</b> Active<br/><b>Property Type:</b> Industrial<br/><b>Size:</b> 200 Acres<br/><b>Agent:</b> Wil Kacos<br/><b>Listing:</b> <a href="http://www.jordantrotter.com/properties/1518214-sale/">http://www.jordantrotter.com/properties/1518214-sale/</a>]]></description>
      <styleUrl>#Jordan_Trotter</styleUrl>
      <Point>
        <coordinates>-82.4063975,33.4507396,0</coordinates>
      </Point>
    </Placemark>
    <Placemark>
      <name>0 Randall-Hunt Rd, Dearing, GA  30808</name>
      <description><![CDATA[<b>Address:</b> 0 Randall-Hunt Rd, Dearing, GA  30808, Dearing, GA 30808<br/><b>Type:</b> For Sale<br/><b>Status:</b> Active<br/><b>Property Type:</b> Industrial<br/><b>Size:</b> 200 Acres<br/><b>Agent:</b> Wil Kacos<br/><b>Listing:</b> <a href="http://www.jordantrotter.com/properties/0-randall-hunt-road-Dearing-GA/">http://www.jordantrotter.com/properties/0-randall-hunt-road-Dearing-GA/</a>]]></description>
      <styleUrl>#Jordan_Trotter</styleUrl>
      <Point>
        <coordinates>-82.4063975,33.4507396,0</coordinates>
      </Point>
    </Placemark>
    <Placemark>
      <name>17 Rabbit Trail, Edgefield, SC  29824</name>
      <description><![CDATA[<b>Address:</b> 17 Rabbit Trail, Edgefield, SC  29824, Edgefield, SC 29824<br/><b>Type:</b> For Sale<br/><b>Status:</b> Active<br/><b>Property Type:</b> Industrial<br/><b>Size:</b> 2.83 Acres<br/><b>Agent:</b> Wil Kacos<br/><b>Listing:</b> <a href="http://www.jordantrotter.com/properties/?propertyId=667504-sale">http://www.jordantrotter.com/properties/?propertyId=667504-sale</a>]]></description>
      <styleUrl>#Jordan_Trotter</styleUrl>
      <Point>
        <coordinates>-81.91621049999999,33.7768367,0</coordinates>
      </Point>
    </Placemark>
    <Placemark>
      <name>17 Rabbit Trail, Edgefield, SC  29824</name>
      <description><![CDATA[<b>Address:</b> 17 Rabbit Trail, Edgefield, SC  29824, Edgefield, SC 29824<br/><b>Type:</b> For Sale<br/><b>Status:</b> Active<br/><b>Property Type:</b> Industrial<br/><b>Size:</b> 2.83 Acres<br/><b>Agent:</b> Wil Kacos<br/><b>Listing:</b> <a href="http://www.jordantrotter.com/properties/667504-sale/">http://www.jordantrotter.com/properties/667504-sale/</a>]]></description>
      <styleUrl>#Jordan_Trotter</styleUrl>
      <Point>
        <coordinates>-81.91621049999999,33.7768367,0</coordinates>
      </Point>
    </Placemark>
    <Placemark>
      <name>17 Rabbit Trail, Edgefield, SC  29824</name>
      <description><![CDATA[<b>Address:</b> 17 Rabbit Trail, Edgefield, SC  29824, Edgefield, SC 29824<br/><b>Type:</b> For Sale<br/><b>Status:</b> Active<br/><b>Property Type:</b> Industrial<br/><b>Size:</b> 2.83 Acres<br/><b>Agent:</b> Wil Kacos<br/><b>Listing:</b> <a href="http://www.jordantrotter.com/properties/17-rabbit-trail-edgefield-sc/">http://www.jordantrotter.com/properties/17-rabbit-trail-edgefield-sc/</a>]]></description>
      <styleUrl>#Jordan_Trotter</styleUrl>
      <Point>
        <coordinates>-81.91621049999999,33.7768367,0</coordinates>
      </Point>
    </Placemark>
    <Placemark>
      <name>227 Apple Square, Edgefield, SC  29832</name>
      <description><![CDATA[<b>Address:</b> 227 Apple Square, Edgefield, SC  29832, Edgefield, SC 29832<br/><b>Type:</b> For Lease<br/><b>Status:</b> Active<br/><b>Property Type:</b> Office Building<br/><b>Size:</b> 13,072 SF<br/><b>Agent:</b> Charlie Davis<br/><b>Listing:</b> <a href="http://www.jordantrotter.com/properties/?propertyId=1006403-lease">http://www.jordantrotter.com/properties/?propertyId=1006403-lease</a>]]></description>
      <styleUrl>#Jordan_Trotter</styleUrl>
      <Point>
        <coordinates>-81.8914556,33.7981887,0</coordinates>
      </Point>
    </Placemark>
    <Placemark>
      <name>227 Apple Square, Edgefield, SC  29832</name>
      <description><![CDATA[<b>Address:</b> 227 Apple Square, Edgefield, SC  29832, Edgefield, SC 29832<br/><b>Type:</b> For Lease<br/><b>Status:</b> Active<br/><b>Property Type:</b> Office Building<br/><b>Size:</b> 13,072 SF<br/><b>Agent:</b> Charlie Davis<br/><b>Listing:</b> <a href="http://www.jordantrotter.com/properties/1006403-lease/">http://www.jordantrotter.com/properties/1006403-lease/</a>]]></description>
      <styleUrl>#Jordan_Trotter</styleUrl>
      <Point>
        <coordinates>-81.8914556,33.7981887,0</coordinates>
      </Point>
    </Placemark>
    <Placemark>
      <name>227 Apple Square, Edgefield, SC  29832</name>
      <description><![CDATA[<b>Address:</b> 227 Apple Square, Edgefield, SC  29832, Edgefield, SC 29832<br/><b>Type:</b> For Lease<br/><b>Status:</b> Active<br/><b>Property Type:</b> Office Building<br/><b>Size:</b> 13,072 SF<br/><b>Agent:</b> Charlie Davis<br/><b>Listing:</b> <a href="http://www.jordantrotter.com/properties/227-Apple-Square-Edgefield-SC/">http://www.jordantrotter.com/properties/227-Apple-Square-Edgefield-SC/</a>]]></description>
      <styleUrl>#Jordan_Trotter</styleUrl>
      <Point>
        <coordinates>-81.8914556,33.7981887,0</coordinates>
      </Point>
    </Placemark>
    <Placemark>
      <name>625 Augusta Rd, Edgefield, SC  29824</name>
      <description><![CDATA[<b>Address:</b> 625 Augusta Rd, Edgefield, SC  29824, Edgefield, SC 29824<br/><b>Type:</b> For Sale<br/><b>Status:</b> Active<br/><b>Property Type:</b> Retail<br/><b>Size:</b> 6.05 Acres<br/><b>Agent:</b> Wil Kacos<br/><b>Listing:</b> <a href="http://www.jordantrotter.com/properties/?propertyId=667248-sale">http://www.jordantrotter.com/properties/?propertyId=667248-sale</a>]]></description>
      <styleUrl>#Jordan_Trotter</styleUrl>
      <Point>
        <coordinates>-81.915988,33.7729294,0</coordinates>
      </Point>
    </Placemark>
    <Placemark>
      <name>625 Augusta Rd, Edgefield, SC  29824</name>
      <description><![CDATA[<b>Address:</b> 625 Augusta Rd, Edgefield, SC  29824, Edgefield, SC 29824<br/><b>Type:</b> For Sale<br/><b>Status:</b> Active<br/><b>Property Type:</b> Retail<br/><b>Size:</b> 6.05 Acres<br/><b>Agent:</b> Wil Kacos<br/><b>Listing:</b> <a href="http://www.jordantrotter.com/properties/667248-sale/">http://www.jordantrotter.com/properties/667248-sale/</a>]]></description>
      <styleUrl>#Jordan_Trotter</styleUrl>
      <Point>
        <coordinates>-81.915988,33.7729294,0</coordinates>
      </Point>
    </Placemark>
    <Placemark>
      <name>625 Augusta Rd, Edgefield, SC  29824</name>
      <description><![CDATA[<b>Address:</b> 625 Augusta Rd, Edgefield, SC  29824, Edgefield, SC 29824<br/><b>Type:</b> For Sale<br/><b>Status:</b> Active<br/><b>Property Type:</b> Retail<br/><b>Size:</b> 6.05 Acres<br/><b>Agent:</b> Wil Kacos<br/><b>Listing:</b> <a href="http://www.jordantrotter.com/properties/625-Augusta-Rd/">http://www.jordantrotter.com/properties/625-Augusta-Rd/</a>]]></description>
      <styleUrl>#Jordan_Trotter</styleUrl>
      <Point>
        <coordinates>-81.915988,33.7729294,0</coordinates>
      </Point>
    </Placemark>
    <Placemark>
      <name>770 Augusta Road, Edgefield, SC  29824</name>
      <description><![CDATA[<b>Address:</b> 770 Augusta Road, Edgefield, SC  29824, Edgefield, SC 29824<br/><b>Type:</b> For Lease<br/><b>Status:</b> Active<br/><b>Property Type:</b> Office Building<br/><b>Size:</b> 67,095 SF<br/><b>Agent:</b> Wil Kacos<br/><b>Listing:</b> <a href="http://www.jordantrotter.com/properties/?propertyId=1393741-lease">http://www.jordantrotter.com/properties/?propertyId=1393741-lease</a>]]></description>
      <styleUrl>#Jordan_Trotter</styleUrl>
      <Point>
        <coordinates>-81.9042819,33.7667197,0</coordinates>
      </Point>
    </Placemark>
    <Placemark>
      <name>770 Augusta Road, Edgefield, SC  29824</name>
      <description><![CDATA[<b>Address:</b> 770 Augusta Road, Edgefield, SC  29824, Edgefield, SC 29824<br/><b>Type:</b> For Lease<br/><b>Status:</b> Active<br/><b>Property Type:</b> Office Building<br/><b>Size:</b> 67,095 SF<br/><b>Agent:</b> Wil Kacos<br/><b>Listing:</b> <a href="http://www.jordantrotter.com/properties/1393741-lease/">http://www.jordantrotter.com/properties/1393741-lease/</a>]]></description>
      <styleUrl>#Jordan_Trotter</styleUrl>
      <Point>
        <coordinates>-81.9042819,33.7667197,0</coordinates>
      </Point>
    </Placemark>
    <Placemark>
      <name>770 Augusta Road, Edgefield, SC  29824</name>
      <description><![CDATA[<b>Address:</b> 770 Augusta Road, Edgefield, SC  29824, Edgefield, SC 29824<br/><b>Type:</b> For Lease<br/><b>Status:</b> Active<br/><b>Property Type:</b> Office Building<br/><b>Size:</b> 67,095 SF<br/><b>Agent:</b> Wil Kacos<br/><b>Listing:</b> <a href="http://www.jordantrotter.com/properties/770-Augusta-Road-Edgefield-SC/">http://www.jordantrotter.com/properties/770-Augusta-Road-Edgefield-SC/</a>]]></description>
      <styleUrl>#Jordan_Trotter</styleUrl>
      <Point>
        <coordinates>-81.9042819,33.7667197,0</coordinates>
      </Point>
    </Placemark>
    <Placemark>
      <name>0 Evans to Locks Road, Evans, GA  30809</name>
      <description><![CDATA[<b>Address:</b> 0 Evans to Locks Road, Evans, GA  30809, Evans, GA 30809<br/><b>Type:</b> For Lease<br/><b>Status:</b> Active<br/><b>Property Type:</b> Retail<br/><b>Size:</b> 1.145 Acres<br/><b>Agent:</b> Liam Welch<br/><b>Listing:</b> <a href="http://www.jordantrotter.com/properties/?propertyId=1112824-lease">http://www.jordantrotter.com/properties/?propertyId=1112824-lease</a>]]></description>
      <styleUrl>#Jordan_Trotter</styleUrl>
      <Point>
        <coordinates>-82.1284208,33.5396441,0</coordinates>
      </Point>
    </Placemark>
    <Placemark>
      <name>0 Evans to Locks Road, Evans, GA  30809</name>
      <description><![CDATA[<b>Address:</b> 0 Evans to Locks Road, Evans, GA  30809, Evans, GA 30809<br/><b>Type:</b> For Lease<br/><b>Status:</b> Active<br/><b>Property Type:</b> Retail<br/><b>Size:</b> 1.145 Acres<br/><b>Agent:</b> Liam Welch<br/><b>Listing:</b> <a href="http://www.jordantrotter.com/properties/1112824-lease/">http://www.jordantrotter.com/properties/1112824-lease/</a>]]></description>
      <styleUrl>#Jordan_Trotter</styleUrl>
      <Point>
        <coordinates>-82.1284208,33.5396441,0</coordinates>
      </Point>
    </Placemark>
    <Placemark>
      <name>0 Evans to Locks Road, Evans, GA  30809</name>
      <description><![CDATA[<b>Address:</b> 0 Evans to Locks Road, Evans, GA  30809, Evans, GA 30809<br/><b>Type:</b> For Lease<br/><b>Status:</b> Active<br/><b>Property Type:</b> Retail<br/><b>Size:</b> 1.145 Acres<br/><b>Agent:</b> Liam Welch<br/><b>Listing:</b> <a href="http://www.jordantrotter.com/properties/0-Evans-To-Locks-Road-Evans-GA/">http://www.jordantrotter.com/properties/0-Evans-To-Locks-Road-Evans-GA/</a>]]></description>
      <styleUrl>#Jordan_Trotter</styleUrl>
      <Point>
        <coordinates>-82.1284208,33.5396441,0</coordinates>
      </Point>
    </Placemark>
    <Placemark>
      <name>0 Riverwatch Parkway, Evans, GA  30809</name>
      <description><![CDATA[<b>Address:</b> 0 Riverwatch Parkway, Evans, GA  30809, Evans, GA 30809<br/><b>Type:</b> For Sale<br/><b>Status:</b> Active<br/><b>Property Type:</b> Retail<br/><b>Size:</b> 0.81 Acres<br/><b>Agent:</b> Ryan Martin<br/><b>Listing:</b> <a href="http://www.jordantrotter.com/properties/?propertyId=1588938-sale">http://www.jordantrotter.com/properties/?propertyId=1588938-sale</a>]]></description>
      <styleUrl>#Jordan_Trotter</styleUrl>
      <Point>
        <coordinates>-82.1189546,33.5322256,0</coordinates>
      </Point>
    </Placemark>
    <Placemark>
      <name>0 Riverwatch Parkway, Evans, GA  30809</name>
      <description><![CDATA[<b>Address:</b> 0 Riverwatch Parkway, Evans, GA  30809, Evans, GA 30809<br/><b>Type:</b> For Sale<br/><b>Status:</b> Active<br/><b>Property Type:</b> Retail<br/><b>Size:</b> 0.81 Acres<br/><b>Agent:</b> Ryan Martin<br/><b>Listing:</b> <a href="http://www.jordantrotter.com/properties/1588938-sale/">http://www.jordantrotter.com/properties/1588938-sale/</a>]]></description>
      <styleUrl>#Jordan_Trotter</styleUrl>
      <Point>
        <coordinates>-82.1189546,33.5322256,0</coordinates>
      </Point>
    </Placemark>
    <Placemark>
      <name>0 Riverwatch Parkway, Evans, GA  30809</name>
      <description><![CDATA[<b>Address:</b> 0 Riverwatch Parkway, Evans, GA  30809, Evans, GA 30809<br/><b>Type:</b> For Sale<br/><b>Status:</b> Active<br/><b>Property Type:</b> Retail<br/><b>Size:</b> 0.81 Acres<br/><b>Agent:</b> Ryan Martin<br/><b>Listing:</b> <a href="http://www.jordantrotter.com/properties/0-riverwatch-parkway-evans-sale/">http://www.jordantrotter.com/properties/0-riverwatch-parkway-evans-sale/</a>]]></description>
      <styleUrl>#Jordan_Trotter</styleUrl>
      <Point>
        <coordinates>-82.1189546,33.5322256,0</coordinates>
      </Point>
    </Placemark>
    <Placemark>
      <name>00 Evans to Locks Road, Evans, GA  30809</name>
      <description><![CDATA[<b>Address:</b> 00 Evans to Locks Road, Evans, GA  30809, Evans, GA 30809<br/><b>Type:</b> For Lease<br/><b>Status:</b> Active<br/><b>Property Type:</b> Retail<br/><b>Size:</b> 1.56 Acres<br/><b>Agent:</b> Liam Welch<br/><b>Listing:</b> <a href="http://www.jordantrotter.com/properties/?propertyId=1102143-lease">http://www.jordantrotter.com/properties/?propertyId=1102143-lease</a>]]></description>
      <styleUrl>#Jordan_Trotter</styleUrl>
      <Point>
        <coordinates>-82.1255293,33.5403461,0</coordinates>
      </Point>
    </Placemark>
    <Placemark>
      <name>00 Evans to Locks Road, Evans, GA  30809</name>
      <description><![CDATA[<b>Address:</b> 00 Evans to Locks Road, Evans, GA  30809, Evans, GA 30809<br/><b>Type:</b> For Lease<br/><b>Status:</b> Active<br/><b>Property Type:</b> Retail<br/><b>Size:</b> 1.56 Acres<br/><b>Agent:</b> Liam Welch<br/><b>Listing:</b> <a href="http://www.jordantrotter.com/properties/1102143-lease/">http://www.jordantrotter.com/properties/1102143-lease/</a>]]></description>
      <styleUrl>#Jordan_Trotter</styleUrl>
      <Point>
        <coordinates>-82.1255293,33.5403461,0</coordinates>
      </Point>
    </Placemark>
    <Placemark>
      <name>00 Evans to Locks Road, Evans, GA  30809</name>
      <description><![CDATA[<b>Address:</b> 00 Evans to Locks Road, Evans, GA  30809, Evans, GA 30809<br/><b>Type:</b> For Lease<br/><b>Status:</b> Active<br/><b>Property Type:</b> Retail<br/><b>Size:</b> 1.56 Acres<br/><b>Agent:</b> Liam Welch<br/><b>Listing:</b> <a href="http://www.jordantrotter.com/properties/00-evans-to-locks-road-evans-ga/">http://www.jordantrotter.com/properties/00-evans-to-locks-road-evans-ga/</a>]]></description>
      <styleUrl>#Jordan_Trotter</styleUrl>
      <Point>
        <coordinates>-82.1255293,33.5403461,0</coordinates>
      </Point>
    </Placemark>
    <Placemark>
      <name>1220 Porterfield Farm Road, Evans, GA  30809</name>
      <description><![CDATA[<b>Address:</b> 1220 Porterfield Farm Road, Evans, GA  30809, Evans, GA 30809<br/><b>Type:</b> For Sale<br/><b>Status:</b> Active<br/><b>Property Type:</b> Residential<br/><b>Size:</b> 44.74 Acres<br/><b>Agent:</b> Robert McCrary<br/><b>Listing:</b> <a href="http://www.jordantrotter.com/properties/?propertyId=1319852-sale">http://www.jordantrotter.com/properties/?propertyId=1319852-sale</a>]]></description>
      <styleUrl>#Jordan_Trotter</styleUrl>
      <Point>
        <coordinates>-82.1174659,33.576194,0</coordinates>
      </Point>
    </Placemark>
    <Placemark>
      <name>1220 Porterfield Farm Road, Evans, GA  30809</name>
      <description><![CDATA[<b>Address:</b> 1220 Porterfield Farm Road, Evans, GA  30809, Evans, GA 30809<br/><b>Type:</b> For Sale<br/><b>Status:</b> Active<br/><b>Property Type:</b> Residential<br/><b>Size:</b> 44.74 Acres<br/><b>Agent:</b> Robert McCrary<br/><b>Listing:</b> <a href="http://www.jordantrotter.com/properties/1319852-sale/">http://www.jordantrotter.com/properties/1319852-sale/</a>]]></description>
      <styleUrl>#Jordan_Trotter</styleUrl>
      <Point>
        <coordinates>-82.1174659,33.576194,0</coordinates>
      </Point>
    </Placemark>
    <Placemark>
      <name>1220 Porterfield Farm Road, Evans, GA  30809</name>
      <description><![CDATA[<b>Address:</b> 1220 Porterfield Farm Road, Evans, GA  30809, Evans, GA 30809<br/><b>Type:</b> For Sale<br/><b>Status:</b> Active<br/><b>Property Type:</b> Residential<br/><b>Size:</b> 44.74 Acres<br/><b>Agent:</b> Robert McCrary<br/><b>Listing:</b> <a href="http://www.jordantrotter.com/properties/1220-Porterfield-Farm-Road-Evans-GA/">http://www.jordantrotter.com/properties/1220-Porterfield-Farm-Road-Evans-GA/</a>]]></description>
      <styleUrl>#Jordan_Trotter</styleUrl>
      <Point>
        <coordinates>-82.1174659,33.576194,0</coordinates>
      </Point>
    </Placemark>
    <Placemark>
      <name>2207 William Few Parkway, Evans, GA  30809</name>
      <description><![CDATA[<b>Address:</b> 2207 William Few Parkway, Evans, GA  30809, Evans, GA 30809<br/><b>Type:</b> For Sale<br/><b>Status:</b> Active<br/><b>Property Type:</b> Retail<br/><b>Size:</b> 20.51 Acres<br/><b>Agent:</b> Holton Brinson<br/><b>Listing:</b> <a href="http://www.jordantrotter.com/properties/?propertyId=1165597-sale">http://www.jordantrotter.com/properties/?propertyId=1165597-sale</a>]]></description>
      <styleUrl>#Jordan_Trotter</styleUrl>
      <Point>
        <coordinates>-82.23348639999999,33.5189376,0</coordinates>
      </Point>
    </Placemark>
    <Placemark>
      <name>2207 William Few Parkway, Evans, GA  30809</name>
      <description><![CDATA[<b>Address:</b> 2207 William Few Parkway, Evans, GA  30809, Evans, GA 30809<br/><b>Type:</b> For Sale<br/><b>Status:</b> Active<br/><b>Property Type:</b> Retail<br/><b>Size:</b> 20.51 Acres<br/><b>Agent:</b> Holton Brinson<br/><b>Listing:</b> <a href="http://www.jordantrotter.com/properties/1165597-sale/">http://www.jordantrotter.com/properties/1165597-sale/</a>]]></description>
      <styleUrl>#Jordan_Trotter</styleUrl>
      <Point>
        <coordinates>-82.23348639999999,33.5189376,0</coordinates>
      </Point>
    </Placemark>
    <Placemark>
      <name>2207 William Few Parkway, Evans, GA  30809</name>
      <description><![CDATA[<b>Address:</b> 2207 William Few Parkway, Evans, GA  30809, Evans, GA 30809<br/><b>Type:</b> For Sale<br/><b>Status:</b> Active<br/><b>Property Type:</b> Retail<br/><b>Size:</b> 20.51 Acres<br/><b>Agent:</b> Holton Brinson<br/><b>Listing:</b> <a href="http://www.jordantrotter.com/properties/2207-william-few-parkway-evans-sale/">http://www.jordantrotter.com/properties/2207-william-few-parkway-evans-sale/</a>]]></description>
      <styleUrl>#Jordan_Trotter</styleUrl>
      <Point>
        <coordinates>-82.23348639999999,33.5189376,0</coordinates>
      </Point>
    </Placemark>
    <Placemark>
      <name>222 N Belair Rd, Evans, GA  30809</name>
      <description><![CDATA[<b>Address:</b> 222 N Belair Rd, Evans, GA  30809, Evans, GA 30809<br/><b>Type:</b> For Sale<br/><b>Status:</b> Active<br/><b>Property Type:</b> Other<br/><b>Size:</b> 0.64 Acres<br/><b>Agent:</b> Robert McCrary<br/><b>Listing:</b> <a href="http://www.jordantrotter.com/properties/?propertyId=1276218-sale">http://www.jordantrotter.com/properties/?propertyId=1276218-sale</a>]]></description>
      <styleUrl>#Jordan_Trotter</styleUrl>
      <Point>
        <coordinates>-82.143615,33.516537,0</coordinates>
      </Point>
    </Placemark>
    <Placemark>
      <name>222 N Belair Rd, Evans, GA  30809</name>
      <description><![CDATA[<b>Address:</b> 222 N Belair Rd, Evans, GA  30809, Evans, GA 30809<br/><b>Type:</b> For Sale<br/><b>Status:</b> Active<br/><b>Property Type:</b> Other<br/><b>Size:</b> 0.64 Acres<br/><b>Agent:</b> Robert McCrary<br/><b>Listing:</b> <a href="http://www.jordantrotter.com/properties/1276218-sale/">http://www.jordantrotter.com/properties/1276218-sale/</a>]]></description>
      <styleUrl>#Jordan_Trotter</styleUrl>
      <Point>
        <coordinates>-82.143615,33.516537,0</coordinates>
      </Point>
    </Placemark>
    <Placemark>
      <name>222 N Belair Rd, Evans, GA  30809</name>
      <description><![CDATA[<b>Address:</b> 222 N Belair Rd, Evans, GA  30809, Evans, GA 30809<br/><b>Type:</b> For Sale<br/><b>Status:</b> Active<br/><b>Property Type:</b> Other<br/><b>Size:</b> 0.64 Acres<br/><b>Agent:</b> Robert McCrary<br/><b>Listing:</b> <a href="http://www.jordantrotter.com/properties/222-n-belair-road-evans-ga/">http://www.jordantrotter.com/properties/222-n-belair-road-evans-ga/</a>]]></description>
      <styleUrl>#Jordan_Trotter</styleUrl>
      <Point>
        <coordinates>-82.143615,33.516537,0</coordinates>
      </Point>
    </Placemark>
    <Placemark>
      <name>3118 William Few Parkway, Evans, GA  30809</name>
      <description><![CDATA[<b>Address:</b> 3118 William Few Parkway, Evans, GA  30809, Evans, GA 30809<br/><b>Type:</b> For Lease<br/><b>Status:</b> Active<br/><b>Property Type:</b> Street Retail<br/><b>Size:</b> 1,200 SF<br/><b>Agent:</b> Ryan Martin<br/><b>Listing:</b> <a href="http://www.jordantrotter.com/properties/1104563-lease/">http://www.jordantrotter.com/properties/1104563-lease/</a>]]></description>
      <styleUrl>#Jordan_Trotter</styleUrl>
      <Point>
        <coordinates>-82.1916282,33.5737048,0</coordinates>
      </Point>
    </Placemark>
    <Placemark>
      <name>4105 Colben Boulevard, Evans, GA  30809</name>
      <description><![CDATA[<b>Address:</b> 4105 Colben Boulevard, Evans, GA  30809, Evans, GA 30809<br/><b>Type:</b> For Lease<br/><b>Status:</b> Active<br/><b>Property Type:</b> Flex Space<br/><b>Size:</b> 4,000 SF<br/><b>Agent:</b> Wil Kacos<br/><b>Listing:</b> <a href="http://www.jordantrotter.com/properties/?propertyId=1597731-lease">http://www.jordantrotter.com/properties/?propertyId=1597731-lease</a>]]></description>
      <styleUrl>#Jordan_Trotter</styleUrl>
      <Point>
        <coordinates>-82.1165633,33.5384776,0</coordinates>
      </Point>
    </Placemark>
    <Placemark>
      <name>4105 Colben Boulevard, Evans, GA  30809</name>
      <description><![CDATA[<b>Address:</b> 4105 Colben Boulevard, Evans, GA  30809, Evans, GA 30809<br/><b>Type:</b> For Lease<br/><b>Status:</b> Active<br/><b>Property Type:</b> Flex Space<br/><b>Size:</b> 4,000 SF<br/><b>Agent:</b> Wil Kacos<br/><b>Listing:</b> <a href="http://www.jordantrotter.com/properties/1597731-lease/">http://www.jordantrotter.com/properties/1597731-lease/</a>]]></description>
      <styleUrl>#Jordan_Trotter</styleUrl>
      <Point>
        <coordinates>-82.1165633,33.5384776,0</coordinates>
      </Point>
    </Placemark>
    <Placemark>
      <name>4105 Colben Boulevard, Evans, GA  30809</name>
      <description><![CDATA[<b>Address:</b> 4105 Colben Boulevard, Evans, GA  30809, Evans, GA 30809<br/><b>Type:</b> For Lease<br/><b>Status:</b> Active<br/><b>Property Type:</b> Flex Space<br/><b>Size:</b> 4,000 SF<br/><b>Agent:</b> Wil Kacos<br/><b>Listing:</b> <a href="http://www.jordantrotter.com/properties/4105-Colben-Boulevard-Evans-GA/">http://www.jordantrotter.com/properties/4105-Colben-Boulevard-Evans-GA/</a>]]></description>
      <styleUrl>#Jordan_Trotter</styleUrl>
      <Point>
        <coordinates>-82.1165633,33.5384776,0</coordinates>
      </Point>
    </Placemark>
    <Placemark>
      <name>4107 Colben Boulevard, Evans, GA  30809</name>
      <description><![CDATA[<b>Address:</b> 4107 Colben Boulevard, Evans, GA  30809, Evans, GA 30809<br/><b>Type:</b> For Lease<br/><b>Status:</b> Active<br/><b>Property Type:</b> Flex Space<br/><b>Size:</b> 5,000 SF<br/><b>Agent:</b> Wil Kacos<br/><b>Listing:</b> <a href="http://www.jordantrotter.com/properties/?propertyId=1391230-lease">http://www.jordantrotter.com/properties/?propertyId=1391230-lease</a>]]></description>
      <styleUrl>#Jordan_Trotter</styleUrl>
      <Point>
        <coordinates>-82.1171607,33.5384099,0</coordinates>
      </Point>
    </Placemark>
    <Placemark>
      <name>4107 Colben Boulevard, Evans, GA  30809</name>
      <description><![CDATA[<b>Address:</b> 4107 Colben Boulevard, Evans, GA  30809, Evans, GA 30809<br/><b>Type:</b> For Lease<br/><b>Status:</b> Active<br/><b>Property Type:</b> Flex Space<br/><b>Size:</b> 5,000 SF<br/><b>Agent:</b> Wil Kacos<br/><b>Listing:</b> <a href="http://www.jordantrotter.com/properties/1391230-lease/">http://www.jordantrotter.com/properties/1391230-lease/</a>]]></description>
      <styleUrl>#Jordan_Trotter</styleUrl>
      <Point>
        <coordinates>-82.1171607,33.5384099,0</coordinates>
      </Point>
    </Placemark>
    <Placemark>
      <name>4107 Colben Boulevard, Evans, GA  30809</name>
      <description><![CDATA[<b>Address:</b> 4107 Colben Boulevard, Evans, GA  30809, Evans, GA 30809<br/><b>Type:</b> For Lease<br/><b>Status:</b> Active<br/><b>Property Type:</b> Flex Space<br/><b>Size:</b> 5,000 SF<br/><b>Agent:</b> Wil Kacos<br/><b>Listing:</b> <a href="http://www.jordantrotter.com/properties/4107-colben-boulevard-evans-ga/">http://www.jordantrotter.com/properties/4107-colben-boulevard-evans-ga/</a>]]></description>
      <styleUrl>#Jordan_Trotter</styleUrl>
      <Point>
        <coordinates>-82.1171607,33.5384099,0</coordinates>
      </Point>
    </Placemark>
    <Placemark>
      <name>4227 Evans to Locks Road, Evans, GA  30809</name>
      <description><![CDATA[<b>Address:</b> 4227 Evans to Locks Road, Evans, GA  30809, Evans, GA 30809<br/><b>Type:</b> For Sale<br/><b>Status:</b> Active<br/><b>Property Type:</b> Industrial<br/><b>Size:</b> 17.87 Acres<br/><b>Agent:</b> Robert McCrary<br/><b>Listing:</b> <a href="http://www.jordantrotter.com/properties/4227-evans-to-locks-road-evans-sale/">http://www.jordantrotter.com/properties/4227-evans-to-locks-road-evans-sale/</a>]]></description>
      <styleUrl>#Jordan_Trotter</styleUrl>
      <Point>
        <coordinates>-82.11331919999999,33.5429779,0</coordinates>
      </Point>
    </Placemark>
    <Placemark>
      <name>4263 Washington Road, Evans, GA  30809</name>
      <description><![CDATA[<b>Address:</b> 4263 Washington Road, Evans, GA  30809, Evans, GA 30809<br/><b>Type:</b> For Lease<br/><b>Status:</b> Active<br/><b>Property Type:</b> Strip Center<br/><b>Size:</b> 1,400 - 2,443 SF<br/><b>Agent:</b> Charlie Davis<br/><b>Listing:</b> <a href="http://www.jordantrotter.com/properties/?propertyId=366459-lease">http://www.jordantrotter.com/properties/?propertyId=366459-lease</a>]]></description>
      <styleUrl>#Jordan_Trotter</styleUrl>
      <Point>
        <coordinates>-82.120548,33.5297005,0</coordinates>
      </Point>
    </Placemark>
    <Placemark>
      <name>4263 Washington Road, Evans, GA  30809</name>
      <description><![CDATA[<b>Address:</b> 4263 Washington Road, Evans, GA  30809, Evans, GA 30809<br/><b>Type:</b> For Lease<br/><b>Status:</b> Active<br/><b>Property Type:</b> Strip Center<br/><b>Size:</b> 1,400 - 2,443 SF<br/><b>Agent:</b> Charlie Davis<br/><b>Listing:</b> <a href="http://www.jordantrotter.com/properties/366459-lease/">http://www.jordantrotter.com/properties/366459-lease/</a>]]></description>
      <styleUrl>#Jordan_Trotter</styleUrl>
      <Point>
        <coordinates>-82.120548,33.5297005,0</coordinates>
      </Point>
    </Placemark>
    <Placemark>
      <name>4263 Washington Road, Evans, GA  30809</name>
      <description><![CDATA[<b>Address:</b> 4263 Washington Road, Evans, GA  30809, Evans, GA 30809<br/><b>Type:</b> For Lease<br/><b>Status:</b> Active<br/><b>Property Type:</b> Strip Center<br/><b>Size:</b> 1,400 - 2,443 SF<br/><b>Agent:</b> Charlie Davis<br/><b>Listing:</b> <a href="http://www.jordantrotter.com/properties/4263-Washington-Road-Evans-GA/">http://www.jordantrotter.com/properties/4263-Washington-Road-Evans-GA/</a>]]></description>
      <styleUrl>#Jordan_Trotter</styleUrl>
      <Point>
        <coordinates>-82.120548,33.5297005,0</coordinates>
      </Point>
    </Placemark>
    <Placemark>
      <name>4355 River Watch Parkway, Evans, GA  30809</name>
      <description><![CDATA[<b>Address:</b> 4355 River Watch Parkway, Evans, GA  30809, Evans, GA 30809<br/><b>Type:</b> For Sale<br/><b>Status:</b> Active<br/><b>Property Type:</b> Industrial<br/><b>Size:</b> 3.11 Acres<br/><b>Agent:</b> Robert McCrary<br/><b>Listing:</b> <a href="http://www.jordantrotter.com/properties/4355-river-watch-parkway-evans-sale/">http://www.jordantrotter.com/properties/4355-river-watch-parkway-evans-sale/</a>]]></description>
      <styleUrl>#Jordan_Trotter</styleUrl>
      <Point>
        <coordinates>-82.113528,33.530168,0</coordinates>
      </Point>
    </Placemark>
    <Placemark>
      <name>4410 Washington Road, Evans, GA  30809</name>
      <description><![CDATA[<b>Address:</b> 4410 Washington Road, Evans, GA  30809, Evans, GA 30809<br/><b>Type:</b> For Sale<br/><b>Status:</b> Active<br/><b>Property Type:</b> Retail<br/><b>Size:</b> 10.31 Acres<br/><b>Agent:</b> Ryan Martin<br/><b>Listing:</b> <a href="http://www.jordantrotter.com/properties/?propertyId=1419292-sale">http://www.jordantrotter.com/properties/?propertyId=1419292-sale</a>]]></description>
      <styleUrl>#Jordan_Trotter</styleUrl>
      <Point>
        <coordinates>-82.138683,33.542148,0</coordinates>
      </Point>
    </Placemark>
    <Placemark>
      <name>4410 Washington Road, Evans, GA  30809</name>
      <description><![CDATA[<b>Address:</b> 4410 Washington Road, Evans, GA  30809, Evans, GA 30809<br/><b>Type:</b> For Sale<br/><b>Status:</b> Active<br/><b>Property Type:</b> Retail<br/><b>Size:</b> 10.31 Acres<br/><b>Agent:</b> Ryan Martin<br/><b>Listing:</b> <a href="http://www.jordantrotter.com/properties/1419292-sale/">http://www.jordantrotter.com/properties/1419292-sale/</a>]]></description>
      <styleUrl>#Jordan_Trotter</styleUrl>
      <Point>
        <coordinates>-82.138683,33.542148,0</coordinates>
      </Point>
    </Placemark>
    <Placemark>
      <name>4410 Washington Road, Evans, GA  30809</name>
      <description><![CDATA[<b>Address:</b> 4410 Washington Road, Evans, GA  30809, Evans, GA 30809<br/><b>Type:</b> For Sale<br/><b>Status:</b> Active<br/><b>Property Type:</b> Retail<br/><b>Size:</b> 10.31 Acres<br/><b>Agent:</b> Ryan Martin<br/><b>Listing:</b> <a href="http://www.jordantrotter.com/properties/4410-washington-road-evans-ga/">http://www.jordantrotter.com/properties/4410-washington-road-evans-ga/</a>]]></description>
      <styleUrl>#Jordan_Trotter</styleUrl>
      <Point>
        <coordinates>-82.138683,33.542148,0</coordinates>
      </Point>
    </Placemark>
    <Placemark>
      <name>4450 Hereford Farm Rd, Evans, GA  30809</name>
      <description><![CDATA[<b>Address:</b> 4450 Hereford Farm Rd, Evans, GA  30809, Evans, GA 30809<br/><b>Type:</b> For Sale<br/><b>Status:</b> Active<br/><b>Property Type:</b> Office<br/><b>Size:</b> 16.85 Acres<br/><b>Agent:</b> Ryan Martin<br/><b>Listing:</b> <a href="http://www.jordantrotter.com/properties/?propertyId=1589603-sale">http://www.jordantrotter.com/properties/?propertyId=1589603-sale</a>]]></description>
      <styleUrl>#Jordan_Trotter</styleUrl>
      <Point>
        <coordinates>-82.139735,33.531989,0</coordinates>
      </Point>
    </Placemark>
    <Placemark>
      <name>4450 Hereford Farm Rd, Evans, GA  30809</name>
      <description><![CDATA[<b>Address:</b> 4450 Hereford Farm Rd, Evans, GA  30809, Evans, GA 30809<br/><b>Type:</b> For Sale<br/><b>Status:</b> Active<br/><b>Property Type:</b> Office<br/><b>Size:</b> 16.85 Acres<br/><b>Agent:</b> Ryan Martin<br/><b>Listing:</b> <a href="http://www.jordantrotter.com/properties/1589603-sale/">http://www.jordantrotter.com/properties/1589603-sale/</a>]]></description>
      <styleUrl>#Jordan_Trotter</styleUrl>
      <Point>
        <coordinates>-82.139735,33.531989,0</coordinates>
      </Point>
    </Placemark>
    <Placemark>
      <name>4450 Hereford Farm Rd, Evans, GA  30809</name>
      <description><![CDATA[<b>Address:</b> 4450 Hereford Farm Rd, Evans, GA  30809, Evans, GA 30809<br/><b>Type:</b> For Sale<br/><b>Status:</b> Active<br/><b>Property Type:</b> Office<br/><b>Size:</b> 16.85 Acres<br/><b>Agent:</b> Ryan Martin<br/><b>Listing:</b> <a href="http://www.jordantrotter.com/properties/4450-hereford-farm-rd-evans-sale/">http://www.jordantrotter.com/properties/4450-hereford-farm-rd-evans-sale/</a>]]></description>
      <styleUrl>#Jordan_Trotter</styleUrl>
      <Point>
        <coordinates>-82.139735,33.531989,0</coordinates>
      </Point>
    </Placemark>
    <Placemark>
      <name>4548 Washington Rd, Evans, GA  30809</name>
      <description><![CDATA[<b>Address:</b> 4548 Washington Rd, Evans, GA  30809, Evans, GA 30809<br/><b>Type:</b> For Sale<br/><b>Status:</b> Active<br/><b>Property Type:</b> Retail<br/><b>Size:</b> 1.33 Acres<br/><b>Agent:</b> Liam Welch<br/><b>Listing:</b> <a href="http://www.jordantrotter.com/properties/?propertyId=1300055-sale">http://www.jordantrotter.com/properties/?propertyId=1300055-sale</a>]]></description>
      <styleUrl>#Jordan_Trotter</styleUrl>
      <Point>
        <coordinates>-82.1509351,33.5482938,0</coordinates>
      </Point>
    </Placemark>
    <Placemark>
      <name>4548 Washington Rd, Evans, GA  30809</name>
      <description><![CDATA[<b>Address:</b> 4548 Washington Rd, Evans, GA  30809, Evans, GA 30809<br/><b>Type:</b> For Sale<br/><b>Status:</b> Active<br/><b>Property Type:</b> Retail<br/><b>Size:</b> 1.33 Acres<br/><b>Agent:</b> Liam Welch<br/><b>Listing:</b> <a href="http://www.jordantrotter.com/properties/1300055-sale/">http://www.jordantrotter.com/properties/1300055-sale/</a>]]></description>
      <styleUrl>#Jordan_Trotter</styleUrl>
      <Point>
        <coordinates>-82.1509351,33.5482938,0</coordinates>
      </Point>
    </Placemark>
    <Placemark>
      <name>4548 Washington Rd, Evans, GA  30809</name>
      <description><![CDATA[<b>Address:</b> 4548 Washington Rd, Evans, GA  30809, Evans, GA 30809<br/><b>Type:</b> For Sale<br/><b>Status:</b> Active<br/><b>Property Type:</b> Retail<br/><b>Size:</b> 1.33 Acres<br/><b>Agent:</b> Liam Welch<br/><b>Listing:</b> <a href="http://www.jordantrotter.com/properties/4548-washington-road-evans-ga/">http://www.jordantrotter.com/properties/4548-washington-road-evans-ga/</a>]]></description>
      <styleUrl>#Jordan_Trotter</styleUrl>
      <Point>
        <coordinates>-82.1509351,33.5482938,0</coordinates>
      </Point>
    </Placemark>
    <Placemark>
      <name>4776 Washington Road, Evans, GA  30809</name>
      <description><![CDATA[<b>Address:</b> 4776 Washington Road, Evans, GA  30809, Evans, GA 30809<br/><b>Type:</b> For Sale<br/><b>Status:</b> Active<br/><b>Property Type:</b> Retail<br/><b>Size:</b> 4 Acres<br/><b>Agent:</b> Tripp Wilson<br/><b>Listing:</b> <a href="http://www.jordantrotter.com/properties/?propertyId=390055-sale">http://www.jordantrotter.com/properties/?propertyId=390055-sale</a>]]></description>
      <styleUrl>#Jordan_Trotter</styleUrl>
      <Point>
        <coordinates>-82.165611,33.557257,0</coordinates>
      </Point>
    </Placemark>
    <Placemark>
      <name>4776 Washington Road, Evans, GA  30809</name>
      <description><![CDATA[<b>Address:</b> 4776 Washington Road, Evans, GA  30809, Evans, GA 30809<br/><b>Type:</b> For Sale<br/><b>Status:</b> Active<br/><b>Property Type:</b> Retail<br/><b>Size:</b> 4 Acres<br/><b>Agent:</b> Tripp Wilson<br/><b>Listing:</b> <a href="http://www.jordantrotter.com/properties/390055-sale/">http://www.jordantrotter.com/properties/390055-sale/</a>]]></description>
      <styleUrl>#Jordan_Trotter</styleUrl>
      <Point>
        <coordinates>-82.165611,33.557257,0</coordinates>
      </Point>
    </Placemark>
    <Placemark>
      <name>4776 Washington Road, Evans, GA  30809</name>
      <description><![CDATA[<b>Address:</b> 4776 Washington Road, Evans, GA  30809, Evans, GA 30809<br/><b>Type:</b> For Sale<br/><b>Status:</b> Active<br/><b>Property Type:</b> Retail<br/><b>Size:</b> 4 Acres<br/><b>Agent:</b> Tripp Wilson<br/><b>Listing:</b> <a href="http://www.jordantrotter.com/properties/4776-washington-road-evans-ga/">http://www.jordantrotter.com/properties/4776-washington-road-evans-ga/</a>]]></description>
      <styleUrl>#Jordan_Trotter</styleUrl>
      <Point>
        <coordinates>-82.165611,33.557257,0</coordinates>
      </Point>
    </Placemark>
    <Placemark>
      <name>5119 Washington Rd, Evans, GA  30809</name>
      <description><![CDATA[<b>Address:</b> 5119 Washington Rd, Evans, GA  30809, Evans, GA 30809<br/><b>Type:</b> For Lease<br/><b>Status:</b> Active<br/><b>Property Type:</b> Neighborhood Center<br/><b>Size:</b> 1,300 SF<br/><b>Agent:</b> Charlie Davis<br/><b>Listing:</b> <a href="http://www.jordantrotter.com/properties/?propertyId=1368944-lease">http://www.jordantrotter.com/properties/?propertyId=1368944-lease</a>]]></description>
      <styleUrl>#Jordan_Trotter</styleUrl>
      <Point>
        <coordinates>-82.19336969999999,33.5735106,0</coordinates>
      </Point>
    </Placemark>
    <Placemark>
      <name>5119 Washington Rd, Evans, GA  30809</name>
      <description><![CDATA[<b>Address:</b> 5119 Washington Rd, Evans, GA  30809, Evans, GA 30809<br/><b>Type:</b> For Lease<br/><b>Status:</b> Active<br/><b>Property Type:</b> Neighborhood Center<br/><b>Size:</b> 1,300 SF<br/><b>Agent:</b> Charlie Davis<br/><b>Listing:</b> <a href="http://www.jordantrotter.com/properties/1368944-lease/">http://www.jordantrotter.com/properties/1368944-lease/</a>]]></description>
      <styleUrl>#Jordan_Trotter</styleUrl>
      <Point>
        <coordinates>-82.19336969999999,33.5735106,0</coordinates>
      </Point>
    </Placemark>
    <Placemark>
      <name>5119 Washington Rd, Evans, GA  30809</name>
      <description><![CDATA[<b>Address:</b> 5119 Washington Rd, Evans, GA  30809, Evans, GA 30809<br/><b>Type:</b> For Lease<br/><b>Status:</b> Active<br/><b>Property Type:</b> Neighborhood Center<br/><b>Size:</b> 1,300 SF<br/><b>Agent:</b> Charlie Davis<br/><b>Listing:</b> <a href="http://www.jordantrotter.com/properties/5119-washington-road-evans-georgia/">http://www.jordantrotter.com/properties/5119-washington-road-evans-georgia/</a>]]></description>
      <styleUrl>#Jordan_Trotter</styleUrl>
      <Point>
        <coordinates>-82.19336969999999,33.5735106,0</coordinates>
      </Point>
    </Placemark>
    <Placemark>
      <name>5119 Washington Road, Evans, GA  30809</name>
      <description><![CDATA[<b>Address:</b> 5119 Washington Road, Evans, GA  30809, Evans, GA 30809<br/><b>Type:</b> For Lease<br/><b>Status:</b> Active<br/><b>Property Type:</b> Street Retail<br/><b>Size:</b> 4,800 SF<br/><b>Agent:</b> Charlie Davis<br/><b>Listing:</b> <a href="http://www.jordantrotter.com/properties/?propertyId=234307-lease">http://www.jordantrotter.com/properties/?propertyId=234307-lease</a>]]></description>
      <styleUrl>#Jordan_Trotter</styleUrl>
      <Point>
        <coordinates>-82.19336969999999,33.5735106,0</coordinates>
      </Point>
    </Placemark>
    <Placemark>
      <name>5119 Washington Road, Evans, GA  30809</name>
      <description><![CDATA[<b>Address:</b> 5119 Washington Road, Evans, GA  30809, Evans, GA 30809<br/><b>Type:</b> For Lease<br/><b>Status:</b> Active<br/><b>Property Type:</b> Street Retail<br/><b>Size:</b> 4,800 SF<br/><b>Agent:</b> Charlie Davis<br/><b>Listing:</b> <a href="http://www.jordantrotter.com/properties/234307-lease/">http://www.jordantrotter.com/properties/234307-lease/</a>]]></description>
      <styleUrl>#Jordan_Trotter</styleUrl>
      <Point>
        <coordinates>-82.19336969999999,33.5735106,0</coordinates>
      </Point>
    </Placemark>
    <Placemark>
      <name>5119 Washington Road, Evans, GA  30809</name>
      <description><![CDATA[<b>Address:</b> 5119 Washington Road, Evans, GA  30809, Evans, GA 30809<br/><b>Type:</b> For Lease<br/><b>Status:</b> Active<br/><b>Property Type:</b> Street Retail<br/><b>Size:</b> 4,800 SF<br/><b>Agent:</b> Charlie Davis<br/><b>Listing:</b> <a href="http://www.jordantrotter.com/properties/5119-Washington-Road-Evans-GA/">http://www.jordantrotter.com/properties/5119-Washington-Road-Evans-GA/</a>]]></description>
      <styleUrl>#Jordan_Trotter</styleUrl>
      <Point>
        <coordinates>-82.19336969999999,33.5735106,0</coordinates>
      </Point>
    </Placemark>
    <Placemark>
      <name>539 Rountree Way, Evans, GA  30809</name>
      <description><![CDATA[<b>Address:</b> 539 Rountree Way, Evans, GA  30809, Evans, GA 30809<br/><b>Type:</b> For Sale<br/><b>Status:</b> Active<br/><b>Property Type:</b> Retail<br/><b>Size:</b> 1.14 Acres<br/><b>Agent:</b> Ryan Martin<br/><b>Listing:</b> <a href="http://www.jordantrotter.com/properties/?propertyId=1464593-sale">http://www.jordantrotter.com/properties/?propertyId=1464593-sale</a>]]></description>
      <styleUrl>#Jordan_Trotter</styleUrl>
      <Point>
        <coordinates>-82.1241979,33.5347225,0</coordinates>
      </Point>
    </Placemark>
    <Placemark>
      <name>539 Rountree Way, Evans, GA  30809</name>
      <description><![CDATA[<b>Address:</b> 539 Rountree Way, Evans, GA  30809, Evans, GA 30809<br/><b>Type:</b> For Sale<br/><b>Status:</b> Active<br/><b>Property Type:</b> Retail<br/><b>Size:</b> 1.14 Acres<br/><b>Agent:</b> Ryan Martin<br/><b>Listing:</b> <a href="http://www.jordantrotter.com/properties/1464593-sale/">http://www.jordantrotter.com/properties/1464593-sale/</a>]]></description>
      <styleUrl>#Jordan_Trotter</styleUrl>
      <Point>
        <coordinates>-82.1241979,33.5347225,0</coordinates>
      </Point>
    </Placemark>
    <Placemark>
      <name>539 Rountree Way, Evans, GA  30809</name>
      <description><![CDATA[<b>Address:</b> 539 Rountree Way, Evans, GA  30809, Evans, GA 30809<br/><b>Type:</b> For Sale<br/><b>Status:</b> Active<br/><b>Property Type:</b> Retail<br/><b>Size:</b> 1.14 Acres<br/><b>Agent:</b> Ryan Martin<br/><b>Listing:</b> <a href="http://www.jordantrotter.com/properties/539-rountree-way-evans-sale/">http://www.jordantrotter.com/properties/539-rountree-way-evans-sale/</a>]]></description>
      <styleUrl>#Jordan_Trotter</styleUrl>
      <Point>
        <coordinates>-82.1241979,33.5347225,0</coordinates>
      </Point>
    </Placemark>
    <Placemark>
      <name>540 Mullins Colony Dr, Evans, GA  30809</name>
      <description><![CDATA[<b>Address:</b> 540 Mullins Colony Dr, Evans, GA  30809, Evans, GA 30809<br/><b>Type:</b> For Lease<br/><b>Status:</b> Active<br/><b>Property Type:</b> Street Retail<br/><b>Size:</b> 1.21 Acres<br/><b>Agent:</b> Charlie Davis<br/><b>Listing:</b> <a href="http://www.jordantrotter.com/properties/?propertyId=1577031-lease">http://www.jordantrotter.com/properties/?propertyId=1577031-lease</a>]]></description>
      <styleUrl>#Jordan_Trotter</styleUrl>
      <Point>
        <coordinates>-82.12232399999999,33.529457,0</coordinates>
      </Point>
    </Placemark>
    <Placemark>
      <name>540 Mullins Colony Dr, Evans, GA  30809</name>
      <description><![CDATA[<b>Address:</b> 540 Mullins Colony Dr, Evans, GA  30809, Evans, GA 30809<br/><b>Type:</b> For Lease<br/><b>Status:</b> Active<br/><b>Property Type:</b> Street Retail<br/><b>Size:</b> 1.21 Acres<br/><b>Agent:</b> Charlie Davis<br/><b>Listing:</b> <a href="http://www.jordantrotter.com/properties/1577031-lease/">http://www.jordantrotter.com/properties/1577031-lease/</a>]]></description>
      <styleUrl>#Jordan_Trotter</styleUrl>
      <Point>
        <coordinates>-82.12232399999999,33.529457,0</coordinates>
      </Point>
    </Placemark>
    <Placemark>
      <name>540 Mullins Colony Dr, Evans, GA  30809</name>
      <description><![CDATA[<b>Address:</b> 540 Mullins Colony Dr, Evans, GA  30809, Evans, GA 30809<br/><b>Type:</b> For Lease<br/><b>Status:</b> Active<br/><b>Property Type:</b> Street Retail<br/><b>Size:</b> 1.21 Acres<br/><b>Agent:</b> Charlie Davis<br/><b>Listing:</b> <a href="http://www.jordantrotter.com/properties/540-Mullins-Colony-Drive-Evans-GA/">http://www.jordantrotter.com/properties/540-Mullins-Colony-Drive-Evans-GA/</a>]]></description>
      <styleUrl>#Jordan_Trotter</styleUrl>
      <Point>
        <coordinates>-82.12232399999999,33.529457,0</coordinates>
      </Point>
    </Placemark>
    <Placemark>
      <name>7004 Evans Town Center Blvd, Evans, GA  30809</name>
      <description><![CDATA[<b>Address:</b> 7004 Evans Town Center Blvd, Evans, GA  30809, Evans, GA 30809<br/><b>Type:</b> For Lease<br/><b>Status:</b> Active<br/><b>Property Type:</b> Office Building<br/><b>Size:</b> 1,502 - 4,520 SF<br/><b>Agent:</b> Parker Dye<br/><b>Listing:</b> <a href="http://www.jordantrotter.com/properties/1646172-lease/">http://www.jordantrotter.com/properties/1646172-lease/</a>]]></description>
      <styleUrl>#Jordan_Trotter</styleUrl>
      <Point>
        <coordinates>-82.129285,33.5402468,0</coordinates>
      </Point>
    </Placemark>
    <Placemark>
      <name>7004 Evans Town Center Blvd, Evans, GA  30809</name>
      <description><![CDATA[<b>Address:</b> 7004 Evans Town Center Blvd, Evans, GA  30809, Evans, GA 30809<br/><b>Type:</b> For Lease<br/><b>Status:</b> Active<br/><b>Property Type:</b> Office Building<br/><b>Size:</b> 1,502 - 4,520 SF<br/><b>Agent:</b> Parker Dye<br/><b>Listing:</b> <a href="http://www.jordantrotter.com/properties/Class-A-Office-Space-Evans-GA/">http://www.jordantrotter.com/properties/Class-A-Office-Space-Evans-GA/</a>]]></description>
      <styleUrl>#Jordan_Trotter</styleUrl>
      <Point>
        <coordinates>-82.129285,33.5402468,0</coordinates>
      </Point>
    </Placemark>
    <Placemark>
      <name>715 N Belair Rd, Evans, GA  30809</name>
      <description><![CDATA[<b>Address:</b> 715 N Belair Rd, Evans, GA  30809, Evans, GA 30809<br/><b>Type:</b> For Lease<br/><b>Status:</b> Active<br/><b>Property Type:</b> Warehouse/Distribution<br/><b>Size:</b> 41,660 SF<br/><b>Agent:</b> Parker Dye<br/><b>Listing:</b> <a href="http://www.jordantrotter.com/properties/?propertyId=1456663-lease">http://www.jordantrotter.com/properties/?propertyId=1456663-lease</a>]]></description>
      <styleUrl>#Jordan_Trotter</styleUrl>
      <Point>
        <coordinates>-82.1238918,33.54370189999999,0</coordinates>
      </Point>
    </Placemark>
    <Placemark>
      <name>725 Furys Ferry Road, Evans, GA  30809</name>
      <description><![CDATA[<b>Address:</b> 725 Furys Ferry Road, Evans, GA  30809, Evans, GA 30809<br/><b>Type:</b> For Lease<br/><b>Status:</b> Active<br/><b>Property Type:</b> Retail<br/><b>Size:</b> 1.13 Acres<br/><b>Agent:</b> Robert McCrary<br/><b>Listing:</b> <a href="http://www.jordantrotter.com/properties/?propertyId=1623447-lease">http://www.jordantrotter.com/properties/?propertyId=1623447-lease</a>]]></description>
      <styleUrl>#Jordan_Trotter</styleUrl>
      <Point>
        <coordinates>-82.0914411,33.5528875,0</coordinates>
      </Point>
    </Placemark>
    <Placemark>
      <name>725 Furys Ferry Road, Evans, GA  30809</name>
      <description><![CDATA[<b>Address:</b> 725 Furys Ferry Road, Evans, GA  30809, Evans, GA 30809<br/><b>Type:</b> For Lease<br/><b>Status:</b> Active<br/><b>Property Type:</b> Retail<br/><b>Size:</b> 1.13 Acres<br/><b>Agent:</b> Robert McCrary<br/><b>Listing:</b> <a href="http://www.jordantrotter.com/properties/1623447-lease/">http://www.jordantrotter.com/properties/1623447-lease/</a>]]></description>
      <styleUrl>#Jordan_Trotter</styleUrl>
      <Point>
        <coordinates>-82.0914411,33.5528875,0</coordinates>
      </Point>
    </Placemark>
    <Placemark>
      <name>725 Furys Ferry Road, Evans, GA  30809</name>
      <description><![CDATA[<b>Address:</b> 725 Furys Ferry Road, Evans, GA  30809, Evans, GA 30809<br/><b>Type:</b> For Lease<br/><b>Status:</b> Active<br/><b>Property Type:</b> Retail<br/><b>Size:</b> 1.13 Acres<br/><b>Agent:</b> Robert McCrary<br/><b>Listing:</b> <a href="http://www.jordantrotter.com/properties/725-Furys-Ferry-Road-Evans-GA/">http://www.jordantrotter.com/properties/725-Furys-Ferry-Road-Evans-GA/</a>]]></description>
      <styleUrl>#Jordan_Trotter</styleUrl>
      <Point>
        <coordinates>-82.0914411,33.5528875,0</coordinates>
      </Point>
    </Placemark>
    <Placemark>
      <name>737 and 739 Industrial Park Dr, Evans, GA  30809</name>
      <description><![CDATA[<b>Address:</b> 737 and 739 Industrial Park Dr, Evans, GA  30809, Evans, GA 30809<br/><b>Type:</b> For Sale<br/><b>Status:</b> Active<br/><b>Property Type:</b> Industrial<br/><b>Size:</b> 12.24 Acres<br/><b>Agent:</b> Tripp Wilson<br/><b>Listing:</b> <a href="http://www.jordantrotter.com/properties/?propertyId=1528128-sale">http://www.jordantrotter.com/properties/?propertyId=1528128-sale</a>]]></description>
      <styleUrl>#Jordan_Trotter</styleUrl>
      <Point>
        <coordinates>-82.1179755,33.5542077,0</coordinates>
      </Point>
    </Placemark>
    <Placemark>
      <name>737 and 739 Industrial Park Dr, Evans, GA  30809</name>
      <description><![CDATA[<b>Address:</b> 737 and 739 Industrial Park Dr, Evans, GA  30809, Evans, GA 30809<br/><b>Type:</b> For Sale<br/><b>Status:</b> Active<br/><b>Property Type:</b> Industrial<br/><b>Size:</b> 12.24 Acres<br/><b>Agent:</b> Tripp Wilson<br/><b>Listing:</b> <a href="http://www.jordantrotter.com/properties/1528128-sale/">http://www.jordantrotter.com/properties/1528128-sale/</a>]]></description>
      <styleUrl>#Jordan_Trotter</styleUrl>
      <Point>
        <coordinates>-82.1179755,33.5542077,0</coordinates>
      </Point>
    </Placemark>
    <Placemark>
      <name>737 and 739 Industrial Park Dr, Evans, GA  30809</name>
      <description><![CDATA[<b>Address:</b> 737 and 739 Industrial Park Dr, Evans, GA  30809, Evans, GA 30809<br/><b>Type:</b> For Sale<br/><b>Status:</b> Active<br/><b>Property Type:</b> Industrial<br/><b>Size:</b> 12.24 Acres<br/><b>Agent:</b> Tripp Wilson<br/><b>Listing:</b> <a href="http://www.jordantrotter.com/properties/737-and-739-Industrial-Park-Dr/">http://www.jordantrotter.com/properties/737-and-739-Industrial-Park-Dr/</a>]]></description>
      <styleUrl>#Jordan_Trotter</styleUrl>
      <Point>
        <coordinates>-82.1179755,33.5542077,0</coordinates>
      </Point>
    </Placemark>
    <Placemark>
      <name>944-948 Furys Ferry Road, Evans, GA  30809</name>
      <description><![CDATA[<b>Address:</b> 944-948 Furys Ferry Road, Evans, GA  30809, Evans, GA 30809<br/><b>Type:</b> For Sale<br/><b>Status:</b> Active<br/><b>Property Type:</b> Residential<br/><b>Size:</b> 7.36 Acres<br/><b>Agent:</b> Robert McCrary<br/><b>Listing:</b> <a href="http://www.jordantrotter.com/properties/?propertyId=1463628-sale">http://www.jordantrotter.com/properties/?propertyId=1463628-sale</a>]]></description>
      <styleUrl>#Jordan_Trotter</styleUrl>
      <Point>
        <coordinates>-82.110382,33.56414,0</coordinates>
      </Point>
    </Placemark>
    <Placemark>
      <name>944-948 Furys Ferry Road, Evans, GA  30809</name>
      <description><![CDATA[<b>Address:</b> 944-948 Furys Ferry Road, Evans, GA  30809, Evans, GA 30809<br/><b>Type:</b> For Sale<br/><b>Status:</b> Active<br/><b>Property Type:</b> Residential<br/><b>Size:</b> 7.36 Acres<br/><b>Agent:</b> Robert McCrary<br/><b>Listing:</b> <a href="http://www.jordantrotter.com/properties/1463628-sale/">http://www.jordantrotter.com/properties/1463628-sale/</a>]]></description>
      <styleUrl>#Jordan_Trotter</styleUrl>
      <Point>
        <coordinates>-82.110382,33.56414,0</coordinates>
      </Point>
    </Placemark>
    <Placemark>
      <name>944-948 Furys Ferry Road, Evans, GA  30809</name>
      <description><![CDATA[<b>Address:</b> 944-948 Furys Ferry Road, Evans, GA  30809, Evans, GA 30809<br/><b>Type:</b> For Sale<br/><b>Status:</b> Active<br/><b>Property Type:</b> Residential<br/><b>Size:</b> 7.36 Acres<br/><b>Agent:</b> Robert McCrary<br/><b>Listing:</b> <a href="http://www.jordantrotter.com/properties/944-948-furys-ferry-road-evans-ga/">http://www.jordantrotter.com/properties/944-948-furys-ferry-road-evans-ga/</a>]]></description>
      <styleUrl>#Jordan_Trotter</styleUrl>
      <Point>
        <coordinates>-82.110382,33.56414,0</coordinates>
      </Point>
    </Placemark>
    <Placemark>
      <name>526 Sylvester Ashford Drive, Glennville, GA  30427</name>
      <description><![CDATA[<b>Address:</b> 526 Sylvester Ashford Drive, Glennville, GA  30427, Glennville, GA 30427<br/><b>Type:</b> For Sale<br/><b>Status:</b> Active<br/><b>Property Type:</b> School<br/><b>Size:</b> 91,900 SF<br/><b>Agent:</b> Wil Kacos<br/><b>Listing:</b> <a href="http://www.jordantrotter.com/properties/1645693-sale/">http://www.jordantrotter.com/properties/1645693-sale/</a>]]></description>
      <styleUrl>#Jordan_Trotter</styleUrl>
      <Point>
        <coordinates>-81.934427,31.943154,0</coordinates>
      </Point>
    </Placemark>
    <Placemark>
      <name>526 Sylvester Ashford Drive, Glennville, GA  30427</name>
      <description><![CDATA[<b>Address:</b> 526 Sylvester Ashford Drive, Glennville, GA  30427, Glennville, GA 30427<br/><b>Type:</b> For Sale<br/><b>Status:</b> Active<br/><b>Property Type:</b> School<br/><b>Size:</b> 91,900 SF<br/><b>Agent:</b> Wil Kacos<br/><b>Listing:</b> <a href="http://www.jordantrotter.com/properties/526-Sylvester-Ashford-Drive/">http://www.jordantrotter.com/properties/526-Sylvester-Ashford-Drive/</a>]]></description>
      <styleUrl>#Jordan_Trotter</styleUrl>
      <Point>
        <coordinates>-81.934427,31.943154,0</coordinates>
      </Point>
    </Placemark>
    <Placemark>
      <name>0 Sudlow Lake Rd, Graniteville, SC  29829</name>
      <description><![CDATA[<b>Address:</b> 0 Sudlow Lake Rd, Graniteville, SC  29829, Graniteville, SC 29829<br/><b>Type:</b> For Sale<br/><b>Status:</b> Active<br/><b>Property Type:</b> Retail<br/><b>Size:</b> 5.35 Acres<br/><b>Agent:</b> Wil Kacos<br/><b>Listing:</b> <a href="http://www.jordantrotter.com/properties/?propertyId=1469903-sale">http://www.jordantrotter.com/properties/?propertyId=1469903-sale</a>]]></description>
      <styleUrl>#Jordan_Trotter</styleUrl>
      <Point>
        <coordinates>-81.8493538,33.5255805,0</coordinates>
      </Point>
    </Placemark>
    <Placemark>
      <name>0 Sudlow Lake Rd, Graniteville, SC  29829</name>
      <description><![CDATA[<b>Address:</b> 0 Sudlow Lake Rd, Graniteville, SC  29829, Graniteville, SC 29829<br/><b>Type:</b> For Sale<br/><b>Status:</b> Active<br/><b>Property Type:</b> Retail<br/><b>Size:</b> 5.35 Acres<br/><b>Agent:</b> Wil Kacos<br/><b>Listing:</b> <a href="http://www.jordantrotter.com/properties/1469903-sale/">http://www.jordantrotter.com/properties/1469903-sale/</a>]]></description>
      <styleUrl>#Jordan_Trotter</styleUrl>
      <Point>
        <coordinates>-81.8493538,33.5255805,0</coordinates>
      </Point>
    </Placemark>
    <Placemark>
      <name>0 Sudlow Lake Rd, Graniteville, SC  29829</name>
      <description><![CDATA[<b>Address:</b> 0 Sudlow Lake Rd, Graniteville, SC  29829, Graniteville, SC 29829<br/><b>Type:</b> For Sale<br/><b>Status:</b> Active<br/><b>Property Type:</b> Retail<br/><b>Size:</b> 5.35 Acres<br/><b>Agent:</b> Wil Kacos<br/><b>Listing:</b> <a href="http://www.jordantrotter.com/properties/0-sudlow-lake-road-graniteville-sc/">http://www.jordantrotter.com/properties/0-sudlow-lake-road-graniteville-sc/</a>]]></description>
      <styleUrl>#Jordan_Trotter</styleUrl>
      <Point>
        <coordinates>-81.8493538,33.5255805,0</coordinates>
      </Point>
    </Placemark>
    <Placemark>
      <name>00 Dark Indigo Ln, Graniteville, SC  29829</name>
      <description><![CDATA[<b>Address:</b> 00 Dark Indigo Ln, Graniteville, SC  29829, Graniteville, SC 29829<br/><b>Type:</b> For Sale<br/><b>Status:</b> Active<br/><b>Property Type:</b> Industrial<br/><b>Size:</b> 3.46 Acres<br/><b>Agent:</b> Tripp Wilson<br/><b>Listing:</b> <a href="http://www.jordantrotter.com/properties/?propertyId=1589318-sale">http://www.jordantrotter.com/properties/?propertyId=1589318-sale</a>]]></description>
      <styleUrl>#Jordan_Trotter</styleUrl>
      <Point>
        <coordinates>-81.80816220000001,33.5633311,0</coordinates>
      </Point>
    </Placemark>
    <Placemark>
      <name>00 Dark Indigo Ln, Graniteville, SC  29829</name>
      <description><![CDATA[<b>Address:</b> 00 Dark Indigo Ln, Graniteville, SC  29829, Graniteville, SC 29829<br/><b>Type:</b> For Sale<br/><b>Status:</b> Active<br/><b>Property Type:</b> Industrial<br/><b>Size:</b> 3.46 Acres<br/><b>Agent:</b> Tripp Wilson<br/><b>Listing:</b> <a href="http://www.jordantrotter.com/properties/1589318-sale/">http://www.jordantrotter.com/properties/1589318-sale/</a>]]></description>
      <styleUrl>#Jordan_Trotter</styleUrl>
      <Point>
        <coordinates>-81.80816220000001,33.5633311,0</coordinates>
      </Point>
    </Placemark>
    <Placemark>
      <name>00 Dark Indigo Ln, Graniteville, SC  29829</name>
      <description><![CDATA[<b>Address:</b> 00 Dark Indigo Ln, Graniteville, SC  29829, Graniteville, SC 29829<br/><b>Type:</b> For Sale<br/><b>Status:</b> Active<br/><b>Property Type:</b> Industrial<br/><b>Size:</b> 3.46 Acres<br/><b>Agent:</b> Tripp Wilson<br/><b>Listing:</b> <a href="http://www.jordantrotter.com/properties/00-Dark-Indigo-Lane-Graniteville-SC/">http://www.jordantrotter.com/properties/00-Dark-Indigo-Lane-Graniteville-SC/</a>]]></description>
      <styleUrl>#Jordan_Trotter</styleUrl>
      <Point>
        <coordinates>-81.80816220000001,33.5633311,0</coordinates>
      </Point>
    </Placemark>
    <Placemark>
      <name>3770 Jefferson Davis Highway, Graniteville, SC  29829</name>
      <description><![CDATA[<b>Address:</b> 3770 Jefferson Davis Highway, Graniteville, SC  29829, Graniteville, SC 29829<br/><b>Type:</b> For Lease<br/><b>Status:</b> Active<br/><b>Property Type:</b> Street Retail<br/><b>Size:</b> 3,650 SF<br/><b>Agent:</b> Charlie Davis<br/><b>Listing:</b> <a href="http://www.jordantrotter.com/properties/?propertyId=1413727-lease">http://www.jordantrotter.com/properties/?propertyId=1413727-lease</a>]]></description>
      <styleUrl>#Jordan_Trotter</styleUrl>
      <Point>
        <coordinates>-81.880163,33.5087852,0</coordinates>
      </Point>
    </Placemark>
    <Placemark>
      <name>3770 Jefferson Davis Highway, Graniteville, SC  29829</name>
      <description><![CDATA[<b>Address:</b> 3770 Jefferson Davis Highway, Graniteville, SC  29829, Graniteville, SC 29829<br/><b>Type:</b> For Lease<br/><b>Status:</b> Active<br/><b>Property Type:</b> Street Retail<br/><b>Size:</b> 3,650 SF<br/><b>Agent:</b> Charlie Davis<br/><b>Listing:</b> <a href="http://www.jordantrotter.com/properties/1413727-lease/">http://www.jordantrotter.com/properties/1413727-lease/</a>]]></description>
      <styleUrl>#Jordan_Trotter</styleUrl>
      <Point>
        <coordinates>-81.880163,33.5087852,0</coordinates>
      </Point>
    </Placemark>
    <Placemark>
      <name>3770 Jefferson Davis Highway, Graniteville, SC  29829</name>
      <description><![CDATA[<b>Address:</b> 3770 Jefferson Davis Highway, Graniteville, SC  29829, Graniteville, SC 29829<br/><b>Type:</b> For Lease<br/><b>Status:</b> Active<br/><b>Property Type:</b> Street Retail<br/><b>Size:</b> 3,650 SF<br/><b>Agent:</b> Charlie Davis<br/><b>Listing:</b> <a href="http://www.jordantrotter.com/properties/3770-Jefferson-Davis-Highway-Graniteville-SC/">http://www.jordantrotter.com/properties/3770-Jefferson-Davis-Highway-Graniteville-SC/</a>]]></description>
      <styleUrl>#Jordan_Trotter</styleUrl>
      <Point>
        <coordinates>-81.880163,33.5087852,0</coordinates>
      </Point>
    </Placemark>
    <Placemark>
      <name>550 Bettis Academy Road, Graniteville, SC  29829</name>
      <description><![CDATA[<b>Address:</b> 550 Bettis Academy Road, Graniteville, SC  29829, Graniteville, SC 29829<br/><b>Type:</b> For Sale<br/><b>Status:</b> Active<br/><b>Property Type:</b> Hotel<br/><b>Size:</b> 2.65 Acres<br/><b>Agent:</b> Robert McCrary<br/><b>Listing:</b> <a href="http://www.jordantrotter.com/properties/?propertyId=1451295-sale">http://www.jordantrotter.com/properties/?propertyId=1451295-sale</a>]]></description>
      <styleUrl>#Jordan_Trotter</styleUrl>
      <Point>
        <coordinates>-81.8407873,33.6032293,0</coordinates>
      </Point>
    </Placemark>
    <Placemark>
      <name>550 Bettis Academy Road, Graniteville, SC  29829</name>
      <description><![CDATA[<b>Address:</b> 550 Bettis Academy Road, Graniteville, SC  29829, Graniteville, SC 29829<br/><b>Type:</b> For Sale<br/><b>Status:</b> Active<br/><b>Property Type:</b> Hotel<br/><b>Size:</b> 2.65 Acres<br/><b>Agent:</b> Robert McCrary<br/><b>Listing:</b> <a href="http://www.jordantrotter.com/properties/1451295-sale/">http://www.jordantrotter.com/properties/1451295-sale/</a>]]></description>
      <styleUrl>#Jordan_Trotter</styleUrl>
      <Point>
        <coordinates>-81.8407873,33.6032293,0</coordinates>
      </Point>
    </Placemark>
    <Placemark>
      <name>550 Bettis Academy Road, Graniteville, SC  29829</name>
      <description><![CDATA[<b>Address:</b> 550 Bettis Academy Road, Graniteville, SC  29829, Graniteville, SC 29829<br/><b>Type:</b> For Sale<br/><b>Status:</b> Active<br/><b>Property Type:</b> Hotel<br/><b>Size:</b> 2.65 Acres<br/><b>Agent:</b> Robert McCrary<br/><b>Listing:</b> <a href="http://www.jordantrotter.com/properties/550-bettis-academy-road-graniteville-sc/">http://www.jordantrotter.com/properties/550-bettis-academy-road-graniteville-sc/</a>]]></description>
      <styleUrl>#Jordan_Trotter</styleUrl>
      <Point>
        <coordinates>-81.8407873,33.6032293,0</coordinates>
      </Point>
    </Placemark>
    <Placemark>
      <name>560 Jefferson Davis Hwy, Graniteville, SC  29829</name>
      <description><![CDATA[<b>Address:</b> 560 Jefferson Davis Hwy, Graniteville, SC  29829, Graniteville, SC 29829<br/><b>Type:</b> For Lease<br/><b>Status:</b> Active<br/><b>Property Type:</b> Office Building<br/><b>Size:</b> 3,800 SF<br/><b>Agent:</b> Charlie Davis<br/><b>Listing:</b> <a href="http://www.jordantrotter.com/properties/?propertyId=1455806-lease">http://www.jordantrotter.com/properties/?propertyId=1455806-lease</a>]]></description>
      <styleUrl>#Jordan_Trotter</styleUrl>
      <Point>
        <coordinates>-81.79385669999999,33.558921,0</coordinates>
      </Point>
    </Placemark>
    <Placemark>
      <name>560 Jefferson Davis Hwy, Graniteville, SC  29829</name>
      <description><![CDATA[<b>Address:</b> 560 Jefferson Davis Hwy, Graniteville, SC  29829, Graniteville, SC 29829<br/><b>Type:</b> For Lease<br/><b>Status:</b> Active<br/><b>Property Type:</b> Office Building<br/><b>Size:</b> 3,800 SF<br/><b>Agent:</b> Charlie Davis<br/><b>Listing:</b> <a href="http://www.jordantrotter.com/properties/560-jefferson-davis-hwy-graniteville-lease/">http://www.jordantrotter.com/properties/560-jefferson-davis-hwy-graniteville-lease/</a>]]></description>
      <styleUrl>#Jordan_Trotter</styleUrl>
      <Point>
        <coordinates>-81.79385669999999,33.558921,0</coordinates>
      </Point>
    </Placemark>
    <Placemark>
      <name>2042 Montague Avenue Extension, Greenwood, SC  29649</name>
      <description><![CDATA[<b>Address:</b> 2042 Montague Avenue Extension, Greenwood, SC  29649, Greenwood, SC 29649<br/><b>Type:</b> For Sale<br/><b>Status:</b> Active<br/><b>Property Type:</b> Retail<br/><b>Size:</b> 8 Acres<br/><b>Agent:</b> Liam Welch<br/><b>Listing:</b> <a href="http://www.jordantrotter.com/properties/?propertyId=1369815-sale">http://www.jordantrotter.com/properties/?propertyId=1369815-sale</a>]]></description>
      <styleUrl>#Jordan_Trotter</styleUrl>
      <Point>
        <coordinates>-82.1974474,34.2295101,0</coordinates>
      </Point>
    </Placemark>
    <Placemark>
      <name>2042 Montague Avenue Extension, Greenwood, SC  29649</name>
      <description><![CDATA[<b>Address:</b> 2042 Montague Avenue Extension, Greenwood, SC  29649, Greenwood, SC 29649<br/><b>Type:</b> For Sale<br/><b>Status:</b> Active<br/><b>Property Type:</b> Retail<br/><b>Size:</b> 8 Acres<br/><b>Agent:</b> Liam Welch<br/><b>Listing:</b> <a href="http://www.jordantrotter.com/properties/1369815-sale/">http://www.jordantrotter.com/properties/1369815-sale/</a>]]></description>
      <styleUrl>#Jordan_Trotter</styleUrl>
      <Point>
        <coordinates>-82.1974474,34.2295101,0</coordinates>
      </Point>
    </Placemark>
    <Placemark>
      <name>2042 Montague Avenue Extension, Greenwood, SC  29649</name>
      <description><![CDATA[<b>Address:</b> 2042 Montague Avenue Extension, Greenwood, SC  29649, Greenwood, SC 29649<br/><b>Type:</b> For Sale<br/><b>Status:</b> Active<br/><b>Property Type:</b> Retail<br/><b>Size:</b> 8 Acres<br/><b>Agent:</b> Liam Welch<br/><b>Listing:</b> <a href="http://www.jordantrotter.com/properties/2042-montague-avenue-extension-greenwood-sc/">http://www.jordantrotter.com/properties/2042-montague-avenue-extension-greenwood-sc/</a>]]></description>
      <styleUrl>#Jordan_Trotter</styleUrl>
      <Point>
        <coordinates>-82.1974474,34.2295101,0</coordinates>
      </Point>
    </Placemark>
    <Placemark>
      <name>Montague Avenue Extension, Greenwood, SC  29649</name>
      <description><![CDATA[<b>Address:</b> Montague Avenue Extension, Greenwood, SC  29649, Greenwood, SC 29649<br/><b>Type:</b> For Sale<br/><b>Status:</b> Active<br/><b>Property Type:</b> Retail<br/><b>Size:</b> 0.89 Acres<br/><b>Agent:</b> Liam Welch<br/><b>Listing:</b> <a href="http://www.jordantrotter.com/properties/?propertyId=1102161-sale">http://www.jordantrotter.com/properties/?propertyId=1102161-sale</a>]]></description>
      <styleUrl>#Jordan_Trotter</styleUrl>
      <Point>
        <coordinates>-82.1983761,34.2283613,0</coordinates>
      </Point>
    </Placemark>
    <Placemark>
      <name>Montague Avenue Extension, Greenwood, SC  29649</name>
      <description><![CDATA[<b>Address:</b> Montague Avenue Extension, Greenwood, SC  29649, Greenwood, SC 29649<br/><b>Type:</b> For Sale<br/><b>Status:</b> Active<br/><b>Property Type:</b> Retail<br/><b>Size:</b> 0.89 Acres<br/><b>Agent:</b> Liam Welch<br/><b>Listing:</b> <a href="http://www.jordantrotter.com/properties/1102161-sale/">http://www.jordantrotter.com/properties/1102161-sale/</a>]]></description>
      <styleUrl>#Jordan_Trotter</styleUrl>
      <Point>
        <coordinates>-82.1983761,34.2283613,0</coordinates>
      </Point>
    </Placemark>
    <Placemark>
      <name>Montague Avenue Extension, Greenwood, SC  29649</name>
      <description><![CDATA[<b>Address:</b> Montague Avenue Extension, Greenwood, SC  29649, Greenwood, SC 29649<br/><b>Type:</b> For Sale<br/><b>Status:</b> Active<br/><b>Property Type:</b> Retail<br/><b>Size:</b> 0.89 Acres<br/><b>Agent:</b> Liam Welch<br/><b>Listing:</b> <a href="http://www.jordantrotter.com/properties/montague-avenue-extension-greenwood-sc/">http://www.jordantrotter.com/properties/montague-avenue-extension-greenwood-sc/</a>]]></description>
      <styleUrl>#Jordan_Trotter</styleUrl>
      <Point>
        <coordinates>-82.1983761,34.2283613,0</coordinates>
      </Point>
    </Placemark>
    <Placemark>
      <name>0 Gateway Boulevard, Grovetown, GA  30813</name>
      <description><![CDATA[<b>Address:</b> 0 Gateway Boulevard, Grovetown, GA  30813, Grovetown, GA 30813<br/><b>Type:</b> For Sale<br/><b>Status:</b> Active<br/><b>Property Type:</b> Medical<br/><b>Size:</b> 160.66 Acres<br/><b>Agent:</b> Robert McCrary<br/><b>Listing:</b> <a href="http://www.jordantrotter.com/properties/?propertyId=1462988-sale">http://www.jordantrotter.com/properties/?propertyId=1462988-sale</a>]]></description>
      <styleUrl>#Jordan_Trotter</styleUrl>
      <Point>
        <coordinates>-82.1803878,33.4789294,0</coordinates>
      </Point>
    </Placemark>
    <Placemark>
      <name>0 Gateway Boulevard, Grovetown, GA  30813</name>
      <description><![CDATA[<b>Address:</b> 0 Gateway Boulevard, Grovetown, GA  30813, Grovetown, GA 30813<br/><b>Type:</b> For Sale<br/><b>Status:</b> Active<br/><b>Property Type:</b> Medical<br/><b>Size:</b> 160.66 Acres<br/><b>Agent:</b> Robert McCrary<br/><b>Listing:</b> <a href="http://www.jordantrotter.com/properties/1462988-sale/">http://www.jordantrotter.com/properties/1462988-sale/</a>]]></description>
      <styleUrl>#Jordan_Trotter</styleUrl>
      <Point>
        <coordinates>-82.1803878,33.4789294,0</coordinates>
      </Point>
    </Placemark>
    <Placemark>
      <name>0 Gateway Boulevard, Grovetown, GA  30813</name>
      <description><![CDATA[<b>Address:</b> 0 Gateway Boulevard, Grovetown, GA  30813, Grovetown, GA 30813<br/><b>Type:</b> For Sale<br/><b>Status:</b> Active<br/><b>Property Type:</b> Medical<br/><b>Size:</b> 160.66 Acres<br/><b>Agent:</b> Robert McCrary<br/><b>Listing:</b> <a href="http://www.jordantrotter.com/properties/0-gateway-boulevard-grovetown-sale/">http://www.jordantrotter.com/properties/0-gateway-boulevard-grovetown-sale/</a>]]></description>
      <styleUrl>#Jordan_Trotter</styleUrl>
      <Point>
        <coordinates>-82.1803878,33.4789294,0</coordinates>
      </Point>
    </Placemark>
    <Placemark>
      <name>0 Gateway Center Blvd., Grovetown, GA  30813</name>
      <description><![CDATA[<b>Address:</b> 0 Gateway Center Blvd., Grovetown, GA  30813, Grovetown, GA 30813<br/><b>Type:</b> For Sale<br/><b>Status:</b> Active<br/><b>Property Type:</b> Retail<br/><b>Size:</b> 4.33 Acres<br/><b>Agent:</b> Robert McCrary<br/><b>Listing:</b> <a href="http://www.jordantrotter.com/properties/?propertyId=1591168-sale">http://www.jordantrotter.com/properties/?propertyId=1591168-sale</a>]]></description>
      <styleUrl>#Jordan_Trotter</styleUrl>
      <Point>
        <coordinates>-82.201575,33.4796846,0</coordinates>
      </Point>
    </Placemark>
    <Placemark>
      <name>0 Gateway Center Blvd., Grovetown, GA  30813</name>
      <description><![CDATA[<b>Address:</b> 0 Gateway Center Blvd., Grovetown, GA  30813, Grovetown, GA 30813<br/><b>Type:</b> For Sale<br/><b>Status:</b> Active<br/><b>Property Type:</b> Retail<br/><b>Size:</b> 4.33 Acres<br/><b>Agent:</b> Robert McCrary<br/><b>Listing:</b> <a href="http://www.jordantrotter.com/properties/1591168-sale/">http://www.jordantrotter.com/properties/1591168-sale/</a>]]></description>
      <styleUrl>#Jordan_Trotter</styleUrl>
      <Point>
        <coordinates>-82.201575,33.4796846,0</coordinates>
      </Point>
    </Placemark>
    <Placemark>
      <name>0 Gateway Center Blvd., Grovetown, GA  30813</name>
      <description><![CDATA[<b>Address:</b> 0 Gateway Center Blvd., Grovetown, GA  30813, Grovetown, GA 30813<br/><b>Type:</b> For Sale<br/><b>Status:</b> Active<br/><b>Property Type:</b> Retail<br/><b>Size:</b> 4.33 Acres<br/><b>Agent:</b> Robert McCrary<br/><b>Listing:</b> <a href="http://www.jordantrotter.com/properties/0-Gateway-Center-Blvd-Grovetown-GA/">http://www.jordantrotter.com/properties/0-Gateway-Center-Blvd-Grovetown-GA/</a>]]></description>
      <styleUrl>#Jordan_Trotter</styleUrl>
      <Point>
        <coordinates>-82.201575,33.4796846,0</coordinates>
      </Point>
    </Placemark>
    <Placemark>
      <name>0 John Huffman Way, Grovetown, GA  30813</name>
      <description><![CDATA[<b>Address:</b> 0 John Huffman Way, Grovetown, GA  30813, Grovetown, GA 30813<br/><b>Type:</b> For Sale<br/><b>Status:</b> Active<br/><b>Property Type:</b> Office<br/><b>Size:</b> 1.8 Acres<br/><b>Agent:</b> Wil Kacos<br/><b>Listing:</b> <a href="http://www.jordantrotter.com/properties/?propertyId=1053680-sale">http://www.jordantrotter.com/properties/?propertyId=1053680-sale</a>]]></description>
      <styleUrl>#Jordan_Trotter</styleUrl>
      <Point>
        <coordinates>-82.1947927,33.4639828,0</coordinates>
      </Point>
    </Placemark>
    <Placemark>
      <name>0 John Huffman Way, Grovetown, GA  30813</name>
      <description><![CDATA[<b>Address:</b> 0 John Huffman Way, Grovetown, GA  30813, Grovetown, GA 30813<br/><b>Type:</b> For Sale<br/><b>Status:</b> Active<br/><b>Property Type:</b> Office<br/><b>Size:</b> 1.8 Acres<br/><b>Agent:</b> Wil Kacos<br/><b>Listing:</b> <a href="http://www.jordantrotter.com/properties/1053680-sale/">http://www.jordantrotter.com/properties/1053680-sale/</a>]]></description>
      <styleUrl>#Jordan_Trotter</styleUrl>
      <Point>
        <coordinates>-82.1947927,33.4639828,0</coordinates>
      </Point>
    </Placemark>
    <Placemark>
      <name>0 John Huffman Way, Grovetown, GA  30813</name>
      <description><![CDATA[<b>Address:</b> 0 John Huffman Way, Grovetown, GA  30813, Grovetown, GA 30813<br/><b>Type:</b> For Sale<br/><b>Status:</b> Active<br/><b>Property Type:</b> Office<br/><b>Size:</b> 1.8 Acres<br/><b>Agent:</b> Wil Kacos<br/><b>Listing:</b> <a href="http://www.jordantrotter.com/properties/0-john-huffman-way-grovetown-ga/">http://www.jordantrotter.com/properties/0-john-huffman-way-grovetown-ga/</a>]]></description>
      <styleUrl>#Jordan_Trotter</styleUrl>
      <Point>
        <coordinates>-82.1947927,33.4639828,0</coordinates>
      </Point>
    </Placemark>
    <Placemark>
      <name>0 Whiskey Road, Grovetown, GA  30813</name>
      <description><![CDATA[<b>Address:</b> 0 Whiskey Road, Grovetown, GA  30813, Grovetown, GA 30813<br/><b>Type:</b> For Sale<br/><b>Status:</b> Active<br/><b>Property Type:</b> Industrial<br/><b>Size:</b> 5.7 Acres<br/><b>Agent:</b> Wil Kacos<br/><b>Listing:</b> <a href="http://www.jordantrotter.com/properties/?propertyId=984502-sale">http://www.jordantrotter.com/properties/?propertyId=984502-sale</a>]]></description>
      <styleUrl>#Jordan_Trotter</styleUrl>
      <Point>
        <coordinates>-82.2018577,33.459061,0</coordinates>
      </Point>
    </Placemark>
    <Placemark>
      <name>0 Whiskey Road, Grovetown, GA  30813</name>
      <description><![CDATA[<b>Address:</b> 0 Whiskey Road, Grovetown, GA  30813, Grovetown, GA 30813<br/><b>Type:</b> For Sale<br/><b>Status:</b> Active<br/><b>Property Type:</b> Industrial<br/><b>Size:</b> 5.7 Acres<br/><b>Agent:</b> Wil Kacos<br/><b>Listing:</b> <a href="http://www.jordantrotter.com/properties/984502-sale/">http://www.jordantrotter.com/properties/984502-sale/</a>]]></description>
      <styleUrl>#Jordan_Trotter</styleUrl>
      <Point>
        <coordinates>-82.2018577,33.459061,0</coordinates>
      </Point>
    </Placemark>
    <Placemark>
      <name>0 Whiskey Road, Grovetown, GA  30813</name>
      <description><![CDATA[<b>Address:</b> 0 Whiskey Road, Grovetown, GA  30813, Grovetown, GA 30813<br/><b>Type:</b> For Sale<br/><b>Status:</b> Active<br/><b>Property Type:</b> Industrial<br/><b>Size:</b> 5.7 Acres<br/><b>Agent:</b> Wil Kacos<br/><b>Listing:</b> <a href="http://www.jordantrotter.com/properties/0-whiskey-road-grovetown-ga/">http://www.jordantrotter.com/properties/0-whiskey-road-grovetown-ga/</a>]]></description>
      <styleUrl>#Jordan_Trotter</styleUrl>
      <Point>
        <coordinates>-82.2018577,33.459061,0</coordinates>
      </Point>
    </Placemark>
    <Placemark>
      <name>00 Gateway Boulevard, Grovetown, GA  30813</name>
      <description><![CDATA[<b>Address:</b> 00 Gateway Boulevard, Grovetown, GA  30813, Grovetown, GA 30813<br/><b>Type:</b> For Sale<br/><b>Status:</b> Active<br/><b>Property Type:</b> Industrial<br/><b>Size:</b> 54.19 Acres<br/><b>Agent:</b> Robert McCrary<br/><b>Listing:</b> <a href="http://www.jordantrotter.com/properties/?propertyId=1462984-sale">http://www.jordantrotter.com/properties/?propertyId=1462984-sale</a>]]></description>
      <styleUrl>#Jordan_Trotter</styleUrl>
      <Point>
        <coordinates>-82.1812676,33.4720207,0</coordinates>
      </Point>
    </Placemark>
    <Placemark>
      <name>00 Gateway Boulevard, Grovetown, GA  30813</name>
      <description><![CDATA[<b>Address:</b> 00 Gateway Boulevard, Grovetown, GA  30813, Grovetown, GA 30813<br/><b>Type:</b> For Sale<br/><b>Status:</b> Active<br/><b>Property Type:</b> Industrial<br/><b>Size:</b> 54.19 Acres<br/><b>Agent:</b> Robert McCrary<br/><b>Listing:</b> <a href="http://www.jordantrotter.com/properties/1462984-sale/">http://www.jordantrotter.com/properties/1462984-sale/</a>]]></description>
      <styleUrl>#Jordan_Trotter</styleUrl>
      <Point>
        <coordinates>-82.1812676,33.4720207,0</coordinates>
      </Point>
    </Placemark>
    <Placemark>
      <name>00 Gateway Boulevard, Grovetown, GA  30813</name>
      <description><![CDATA[<b>Address:</b> 00 Gateway Boulevard, Grovetown, GA  30813, Grovetown, GA 30813<br/><b>Type:</b> For Sale<br/><b>Status:</b> Active<br/><b>Property Type:</b> Industrial<br/><b>Size:</b> 54.19 Acres<br/><b>Agent:</b> Robert McCrary<br/><b>Listing:</b> <a href="http://www.jordantrotter.com/properties/00-gateway-boulevard-grovetown-sale/">http://www.jordantrotter.com/properties/00-gateway-boulevard-grovetown-sale/</a>]]></description>
      <styleUrl>#Jordan_Trotter</styleUrl>
      <Point>
        <coordinates>-82.1812676,33.4720207,0</coordinates>
      </Point>
    </Placemark>
    <Placemark>
      <name>00 John Huffman Way, Grovetown, GA  30813</name>
      <description><![CDATA[<b>Address:</b> 00 John Huffman Way, Grovetown, GA  30813, Grovetown, GA 30813<br/><b>Type:</b> For Sale<br/><b>Status:</b> Active<br/><b>Property Type:</b> Office<br/><b>Size:</b> 1.76 Acres<br/><b>Agent:</b> Wil Kacos<br/><b>Listing:</b> <a href="http://www.jordantrotter.com/properties/?propertyId=1053712-sale">http://www.jordantrotter.com/properties/?propertyId=1053712-sale</a>]]></description>
      <styleUrl>#Jordan_Trotter</styleUrl>
      <Point>
        <coordinates>-82.1947927,33.4639828,0</coordinates>
      </Point>
    </Placemark>
    <Placemark>
      <name>00 John Huffman Way, Grovetown, GA  30813</name>
      <description><![CDATA[<b>Address:</b> 00 John Huffman Way, Grovetown, GA  30813, Grovetown, GA 30813<br/><b>Type:</b> For Sale<br/><b>Status:</b> Active<br/><b>Property Type:</b> Office<br/><b>Size:</b> 1.76 Acres<br/><b>Agent:</b> Wil Kacos<br/><b>Listing:</b> <a href="http://www.jordantrotter.com/properties/1053712-sale/">http://www.jordantrotter.com/properties/1053712-sale/</a>]]></description>
      <styleUrl>#Jordan_Trotter</styleUrl>
      <Point>
        <coordinates>-82.1947927,33.4639828,0</coordinates>
      </Point>
    </Placemark>
    <Placemark>
      <name>00 John Huffman Way, Grovetown, GA  30813</name>
      <description><![CDATA[<b>Address:</b> 00 John Huffman Way, Grovetown, GA  30813, Grovetown, GA 30813<br/><b>Type:</b> For Sale<br/><b>Status:</b> Active<br/><b>Property Type:</b> Office<br/><b>Size:</b> 1.76 Acres<br/><b>Agent:</b> Wil Kacos<br/><b>Listing:</b> <a href="http://www.jordantrotter.com/properties/00-john-huffman-way-grovetown-ga/">http://www.jordantrotter.com/properties/00-john-huffman-way-grovetown-ga/</a>]]></description>
      <styleUrl>#Jordan_Trotter</styleUrl>
      <Point>
        <coordinates>-82.1947927,33.4639828,0</coordinates>
      </Point>
    </Placemark>
    <Placemark>
      <name>000 Gateway Boulevard, Grovetown, GA  30813</name>
      <description><![CDATA[<b>Address:</b> 000 Gateway Boulevard, Grovetown, GA  30813, Grovetown, GA 30813<br/><b>Type:</b> For Sale<br/><b>Status:</b> Active<br/><b>Property Type:</b> Retail<br/><b>Size:</b> 10.94 Acres<br/><b>Agent:</b> Robert McCrary<br/><b>Listing:</b> <a href="http://www.jordantrotter.com/properties/?propertyId=1462993-sale">http://www.jordantrotter.com/properties/?propertyId=1462993-sale</a>]]></description>
      <styleUrl>#Jordan_Trotter</styleUrl>
      <Point>
        <coordinates>-82.1768688,33.4678679,0</coordinates>
      </Point>
    </Placemark>
    <Placemark>
      <name>000 Gateway Boulevard, Grovetown, GA  30813</name>
      <description><![CDATA[<b>Address:</b> 000 Gateway Boulevard, Grovetown, GA  30813, Grovetown, GA 30813<br/><b>Type:</b> For Sale<br/><b>Status:</b> Active<br/><b>Property Type:</b> Retail<br/><b>Size:</b> 10.94 Acres<br/><b>Agent:</b> Robert McCrary<br/><b>Listing:</b> <a href="http://www.jordantrotter.com/properties/1462993-sale/">http://www.jordantrotter.com/properties/1462993-sale/</a>]]></description>
      <styleUrl>#Jordan_Trotter</styleUrl>
      <Point>
        <coordinates>-82.1768688,33.4678679,0</coordinates>
      </Point>
    </Placemark>
    <Placemark>
      <name>000 Gateway Boulevard, Grovetown, GA  30813</name>
      <description><![CDATA[<b>Address:</b> 000 Gateway Boulevard, Grovetown, GA  30813, Grovetown, GA 30813<br/><b>Type:</b> For Sale<br/><b>Status:</b> Active<br/><b>Property Type:</b> Retail<br/><b>Size:</b> 10.94 Acres<br/><b>Agent:</b> Robert McCrary<br/><b>Listing:</b> <a href="http://www.jordantrotter.com/properties/000-gateway-boulevard-grovetown-sale/">http://www.jordantrotter.com/properties/000-gateway-boulevard-grovetown-sale/</a>]]></description>
      <styleUrl>#Jordan_Trotter</styleUrl>
      <Point>
        <coordinates>-82.1768688,33.4678679,0</coordinates>
      </Point>
    </Placemark>
    <Placemark>
      <name>103 Harlem Grovetown Road, Grovetown, GA  30813</name>
      <description><![CDATA[<b>Address:</b> 103 Harlem Grovetown Road, Grovetown, GA  30813, Grovetown, GA 30813<br/><b>Type:</b> For Sale<br/><b>Status:</b> Active<br/><b>Property Type:</b> Retail-Pad<br/><b>Size:</b> 0.42 Acres<br/><b>Agent:</b> Charlie Davis<br/><b>Listing:</b> <a href="http://www.jordantrotter.com/properties/?propertyId=1366414-sale">http://www.jordantrotter.com/properties/?propertyId=1366414-sale</a>]]></description>
      <styleUrl>#Jordan_Trotter</styleUrl>
      <Point>
        <coordinates>-82.208024,33.4535,0</coordinates>
      </Point>
    </Placemark>
    <Placemark>
      <name>103 Harlem Grovetown Road, Grovetown, GA  30813</name>
      <description><![CDATA[<b>Address:</b> 103 Harlem Grovetown Road, Grovetown, GA  30813, Grovetown, GA 30813<br/><b>Type:</b> For Sale<br/><b>Status:</b> Active<br/><b>Property Type:</b> Retail-Pad<br/><b>Size:</b> 0.42 Acres<br/><b>Agent:</b> Charlie Davis<br/><b>Listing:</b> <a href="http://www.jordantrotter.com/properties/1366414-sale/">http://www.jordantrotter.com/properties/1366414-sale/</a>]]></description>
      <styleUrl>#Jordan_Trotter</styleUrl>
      <Point>
        <coordinates>-82.208024,33.4535,0</coordinates>
      </Point>
    </Placemark>
    <Placemark>
      <name>103 Harlem Grovetown Road, Grovetown, GA  30813</name>
      <description><![CDATA[<b>Address:</b> 103 Harlem Grovetown Road, Grovetown, GA  30813, Grovetown, GA 30813<br/><b>Type:</b> For Sale<br/><b>Status:</b> Active<br/><b>Property Type:</b> Retail-Pad<br/><b>Size:</b> 0.42 Acres<br/><b>Agent:</b> Charlie Davis<br/><b>Listing:</b> <a href="http://www.jordantrotter.com/properties/103-harlem-grovetown-road-grovetown-augusta-ga/">http://www.jordantrotter.com/properties/103-harlem-grovetown-road-grovetown-augusta-ga/</a>]]></description>
      <styleUrl>#Jordan_Trotter</styleUrl>
      <Point>
        <coordinates>-82.208024,33.4535,0</coordinates>
      </Point>
    </Placemark>
    <Placemark>
      <name>2100 William Few Parkway, Grovetown, GA  30813</name>
      <description><![CDATA[<b>Address:</b> 2100 William Few Parkway, Grovetown, GA  30813, Grovetown, GA 30813<br/><b>Type:</b> For Sale<br/><b>Status:</b> Active<br/><b>Property Type:</b> Other<br/><b>Size:</b> 2.5 Acres<br/><b>Agent:</b> Wil Kacos<br/><b>Listing:</b> <a href="http://www.jordantrotter.com/properties/?propertyId=267010-sale">http://www.jordantrotter.com/properties/?propertyId=267010-sale</a>]]></description>
      <styleUrl>#Jordan_Trotter</styleUrl>
      <Point>
        <coordinates>-82.2380615,33.5033237,0</coordinates>
      </Point>
    </Placemark>
    <Placemark>
      <name>2100 William Few Parkway, Grovetown, GA  30813</name>
      <description><![CDATA[<b>Address:</b> 2100 William Few Parkway, Grovetown, GA  30813, Grovetown, GA 30813<br/><b>Type:</b> For Sale<br/><b>Status:</b> Active<br/><b>Property Type:</b> Other<br/><b>Size:</b> 2.5 Acres<br/><b>Agent:</b> Wil Kacos<br/><b>Listing:</b> <a href="http://www.jordantrotter.com/properties/267010-sale/">http://www.jordantrotter.com/properties/267010-sale/</a>]]></description>
      <styleUrl>#Jordan_Trotter</styleUrl>
      <Point>
        <coordinates>-82.2380615,33.5033237,0</coordinates>
      </Point>
    </Placemark>
    <Placemark>
      <name>2100 William Few Parkway, Grovetown, GA  30813</name>
      <description><![CDATA[<b>Address:</b> 2100 William Few Parkway, Grovetown, GA  30813, Grovetown, GA 30813<br/><b>Type:</b> For Sale<br/><b>Status:</b> Active<br/><b>Property Type:</b> Other<br/><b>Size:</b> 2.5 Acres<br/><b>Agent:</b> Wil Kacos<br/><b>Listing:</b> <a href="http://www.jordantrotter.com/properties/2100-william-few-parkway-grovetown-ga/">http://www.jordantrotter.com/properties/2100-william-few-parkway-grovetown-ga/</a>]]></description>
      <styleUrl>#Jordan_Trotter</styleUrl>
      <Point>
        <coordinates>-82.2380615,33.5033237,0</coordinates>
      </Point>
    </Placemark>
    <Placemark>
      <name>309 E Robinson Ave, Grovetown, GA  30813</name>
      <description><![CDATA[<b>Address:</b> 309 E Robinson Ave, Grovetown, GA  30813, Grovetown, GA 30813<br/><b>Type:</b> For Sale<br/><b>Status:</b> Active<br/><b>Property Type:</b> Retail<br/><b>Size:</b> 0.9 Acres<br/><b>Agent:</b> Robert McCrary<br/><b>Listing:</b> <a href="http://www.jordantrotter.com/properties/?propertyId=1591389-sale">http://www.jordantrotter.com/properties/?propertyId=1591389-sale</a>]]></description>
      <styleUrl>#Jordan_Trotter</styleUrl>
      <Point>
        <coordinates>-82.19136200000001,33.448609,0</coordinates>
      </Point>
    </Placemark>
    <Placemark>
      <name>309 E Robinson Ave, Grovetown, GA  30813</name>
      <description><![CDATA[<b>Address:</b> 309 E Robinson Ave, Grovetown, GA  30813, Grovetown, GA 30813<br/><b>Type:</b> For Sale<br/><b>Status:</b> Active<br/><b>Property Type:</b> Retail<br/><b>Size:</b> 0.9 Acres<br/><b>Agent:</b> Robert McCrary<br/><b>Listing:</b> <a href="http://www.jordantrotter.com/properties/1591389-sale/">http://www.jordantrotter.com/properties/1591389-sale/</a>]]></description>
      <styleUrl>#Jordan_Trotter</styleUrl>
      <Point>
        <coordinates>-82.19136200000001,33.448609,0</coordinates>
      </Point>
    </Placemark>
    <Placemark>
      <name>309 E Robinson Ave, Grovetown, GA  30813</name>
      <description><![CDATA[<b>Address:</b> 309 E Robinson Ave, Grovetown, GA  30813, Grovetown, GA 30813<br/><b>Type:</b> For Sale<br/><b>Status:</b> Active<br/><b>Property Type:</b> Retail<br/><b>Size:</b> 0.9 Acres<br/><b>Agent:</b> Robert McCrary<br/><b>Listing:</b> <a href="http://www.jordantrotter.com/properties/309-E-Robinson-Ave-Grovetown-GA/">http://www.jordantrotter.com/properties/309-E-Robinson-Ave-Grovetown-GA/</a>]]></description>
      <styleUrl>#Jordan_Trotter</styleUrl>
      <Point>
        <coordinates>-82.19136200000001,33.448609,0</coordinates>
      </Point>
    </Placemark>
    <Placemark>
      <name>3157 Gordon Hwy, Grovetown, GA  30813</name>
      <description><![CDATA[<b>Address:</b> 3157 Gordon Hwy, Grovetown, GA  30813, Grovetown, GA 30813<br/><b>Type:</b> For Sale<br/><b>Status:</b> Active<br/><b>Property Type:</b> Office<br/><b>Size:</b> 23 Acres<br/><b>Agent:</b> Ryan Martin<br/><b>Listing:</b> <a href="http://www.jordantrotter.com/properties/?propertyId=1330304-sale">http://www.jordantrotter.com/properties/?propertyId=1330304-sale</a>]]></description>
      <styleUrl>#Jordan_Trotter</styleUrl>
      <Point>
        <coordinates>-82.1958865,33.4277458,0</coordinates>
      </Point>
    </Placemark>
    <Placemark>
      <name>3157 Gordon Hwy, Grovetown, GA  30813</name>
      <description><![CDATA[<b>Address:</b> 3157 Gordon Hwy, Grovetown, GA  30813, Grovetown, GA 30813<br/><b>Type:</b> For Sale<br/><b>Status:</b> Active<br/><b>Property Type:</b> Office<br/><b>Size:</b> 23 Acres<br/><b>Agent:</b> Ryan Martin<br/><b>Listing:</b> <a href="http://www.jordantrotter.com/properties/1330304-sale/">http://www.jordantrotter.com/properties/1330304-sale/</a>]]></description>
      <styleUrl>#Jordan_Trotter</styleUrl>
      <Point>
        <coordinates>-82.1958865,33.4277458,0</coordinates>
      </Point>
    </Placemark>
    <Placemark>
      <name>3157 Gordon Hwy, Grovetown, GA  30813</name>
      <description><![CDATA[<b>Address:</b> 3157 Gordon Hwy, Grovetown, GA  30813, Grovetown, GA 30813<br/><b>Type:</b> For Sale<br/><b>Status:</b> Active<br/><b>Property Type:</b> Office<br/><b>Size:</b> 23 Acres<br/><b>Agent:</b> Ryan Martin<br/><b>Listing:</b> <a href="http://www.jordantrotter.com/properties/3157-gordon-hwy-grovetown-sale/">http://www.jordantrotter.com/properties/3157-gordon-hwy-grovetown-sale/</a>]]></description>
      <styleUrl>#Jordan_Trotter</styleUrl>
      <Point>
        <coordinates>-82.1958865,33.4277458,0</coordinates>
      </Point>
    </Placemark>
    <Placemark>
      <name>3597 John Huffman Way, Grovetown, GA  30813</name>
      <description><![CDATA[<b>Address:</b> 3597 John Huffman Way, Grovetown, GA  30813, Grovetown, GA 30813<br/><b>Type:</b> For Sale<br/><b>Status:</b> Active<br/><b>Property Type:</b> Office<br/><b>Size:</b> 1.89 Acres<br/><b>Agent:</b> Wil Kacos<br/><b>Listing:</b> <a href="http://www.jordantrotter.com/properties/?propertyId=1094273-sale">http://www.jordantrotter.com/properties/?propertyId=1094273-sale</a>]]></description>
      <styleUrl>#Jordan_Trotter</styleUrl>
      <Point>
        <coordinates>-82.1920512,33.4639233,0</coordinates>
      </Point>
    </Placemark>
    <Placemark>
      <name>3597 John Huffman Way, Grovetown, GA  30813</name>
      <description><![CDATA[<b>Address:</b> 3597 John Huffman Way, Grovetown, GA  30813, Grovetown, GA 30813<br/><b>Type:</b> For Sale<br/><b>Status:</b> Active<br/><b>Property Type:</b> Office<br/><b>Size:</b> 1.89 Acres<br/><b>Agent:</b> Wil Kacos<br/><b>Listing:</b> <a href="http://www.jordantrotter.com/properties/1094273-sale/">http://www.jordantrotter.com/properties/1094273-sale/</a>]]></description>
      <styleUrl>#Jordan_Trotter</styleUrl>
      <Point>
        <coordinates>-82.1920512,33.4639233,0</coordinates>
      </Point>
    </Placemark>
    <Placemark>
      <name>3597 John Huffman Way, Grovetown, GA  30813</name>
      <description><![CDATA[<b>Address:</b> 3597 John Huffman Way, Grovetown, GA  30813, Grovetown, GA 30813<br/><b>Type:</b> For Sale<br/><b>Status:</b> Active<br/><b>Property Type:</b> Office<br/><b>Size:</b> 1.89 Acres<br/><b>Agent:</b> Wil Kacos<br/><b>Listing:</b> <a href="http://www.jordantrotter.com/properties/3597-john-huffman-way-grovetown-ga/">http://www.jordantrotter.com/properties/3597-john-huffman-way-grovetown-ga/</a>]]></description>
      <styleUrl>#Jordan_Trotter</styleUrl>
      <Point>
        <coordinates>-82.1920512,33.4639233,0</coordinates>
      </Point>
    </Placemark>
    <Placemark>
      <name>4459 Wrightsboro Road, Grovetown, GA  30813</name>
      <description><![CDATA[<b>Address:</b> 4459 Wrightsboro Road, Grovetown, GA  30813, Grovetown, GA 30813<br/><b>Type:</b> For Sale<br/><b>Status:</b> Active<br/><b>Property Type:</b> Other<br/><b>Size:</b> 9.95 Acres<br/><b>Agent:</b> Robert McCrary<br/><b>Listing:</b> <a href="http://www.jordantrotter.com/properties/?propertyId=1287181-sale">http://www.jordantrotter.com/properties/?propertyId=1287181-sale</a>]]></description>
      <styleUrl>#Jordan_Trotter</styleUrl>
      <Point>
        <coordinates>-82.141977,33.476615,0</coordinates>
      </Point>
    </Placemark>
    <Placemark>
      <name>4459 Wrightsboro Road, Grovetown, GA  30813</name>
      <description><![CDATA[<b>Address:</b> 4459 Wrightsboro Road, Grovetown, GA  30813, Grovetown, GA 30813<br/><b>Type:</b> For Sale<br/><b>Status:</b> Active<br/><b>Property Type:</b> Other<br/><b>Size:</b> 9.95 Acres<br/><b>Agent:</b> Robert McCrary<br/><b>Listing:</b> <a href="http://www.jordantrotter.com/properties/1287181-sale/">http://www.jordantrotter.com/properties/1287181-sale/</a>]]></description>
      <styleUrl>#Jordan_Trotter</styleUrl>
      <Point>
        <coordinates>-82.141977,33.476615,0</coordinates>
      </Point>
    </Placemark>
    <Placemark>
      <name>4459 Wrightsboro Road, Grovetown, GA  30813</name>
      <description><![CDATA[<b>Address:</b> 4459 Wrightsboro Road, Grovetown, GA  30813, Grovetown, GA 30813<br/><b>Type:</b> For Sale<br/><b>Status:</b> Active<br/><b>Property Type:</b> Other<br/><b>Size:</b> 9.95 Acres<br/><b>Agent:</b> Robert McCrary<br/><b>Listing:</b> <a href="http://www.jordantrotter.com/properties/4459-wrightsboro-road-grovetown-ga/">http://www.jordantrotter.com/properties/4459-wrightsboro-road-grovetown-ga/</a>]]></description>
      <styleUrl>#Jordan_Trotter</styleUrl>
      <Point>
        <coordinates>-82.141977,33.476615,0</coordinates>
      </Point>
    </Placemark>
    <Placemark>
      <name>4949 Wrightsboro Rd, Grovetown, GA  30813</name>
      <description><![CDATA[<b>Address:</b> 4949 Wrightsboro Rd, Grovetown, GA  30813, Grovetown, GA 30813<br/><b>Type:</b> For Sale<br/><b>Status:</b> Active<br/><b>Property Type:</b> Other<br/><b>Size:</b> 1.29 Acres<br/><b>Agent:</b> Robert McCrary<br/><b>Listing:</b> <a href="http://www.jordantrotter.com/properties/?propertyId=1273926-sale">http://www.jordantrotter.com/properties/?propertyId=1273926-sale</a>]]></description>
      <styleUrl>#Jordan_Trotter</styleUrl>
      <Point>
        <coordinates>-82.1808167,33.4613194,0</coordinates>
      </Point>
    </Placemark>
    <Placemark>
      <name>4949 Wrightsboro Rd, Grovetown, GA  30813</name>
      <description><![CDATA[<b>Address:</b> 4949 Wrightsboro Rd, Grovetown, GA  30813, Grovetown, GA 30813<br/><b>Type:</b> For Sale<br/><b>Status:</b> Active<br/><b>Property Type:</b> Other<br/><b>Size:</b> 1.29 Acres<br/><b>Agent:</b> Robert McCrary<br/><b>Listing:</b> <a href="http://www.jordantrotter.com/properties/1273926-sale/">http://www.jordantrotter.com/properties/1273926-sale/</a>]]></description>
      <styleUrl>#Jordan_Trotter</styleUrl>
      <Point>
        <coordinates>-82.1808167,33.4613194,0</coordinates>
      </Point>
    </Placemark>
    <Placemark>
      <name>4949 Wrightsboro Rd, Grovetown, GA  30813</name>
      <description><![CDATA[<b>Address:</b> 4949 Wrightsboro Rd, Grovetown, GA  30813, Grovetown, GA 30813<br/><b>Type:</b> For Sale<br/><b>Status:</b> Active<br/><b>Property Type:</b> Other<br/><b>Size:</b> 1.29 Acres<br/><b>Agent:</b> Robert McCrary<br/><b>Listing:</b> <a href="http://www.jordantrotter.com/properties/4949-wrightsboro-road-grovetown-ga/">http://www.jordantrotter.com/properties/4949-wrightsboro-road-grovetown-ga/</a>]]></description>
      <styleUrl>#Jordan_Trotter</styleUrl>
      <Point>
        <coordinates>-82.1808167,33.4613194,0</coordinates>
      </Point>
    </Placemark>
    <Placemark>
      <name>4980 Steiner Way, Grovetown, GA  30813</name>
      <description><![CDATA[<b>Address:</b> 4980 Steiner Way, Grovetown, GA  30813, Grovetown, GA 30813<br/><b>Type:</b> For Lease<br/><b>Status:</b> Active<br/><b>Property Type:</b> Strip Center<br/><b>Size:</b> 1,068 - 4,000 SF<br/><b>Agent:</b> Charlie Davis<br/><b>Listing:</b> <a href="http://www.jordantrotter.com/properties/?propertyId=1496150-lease">http://www.jordantrotter.com/properties/?propertyId=1496150-lease</a>]]></description>
      <styleUrl>#Jordan_Trotter</styleUrl>
      <Point>
        <coordinates>-82.19897139999999,33.4808839,0</coordinates>
      </Point>
    </Placemark>
    <Placemark>
      <name>4980 Steiner Way, Grovetown, GA  30813</name>
      <description><![CDATA[<b>Address:</b> 4980 Steiner Way, Grovetown, GA  30813, Grovetown, GA 30813<br/><b>Type:</b> For Lease<br/><b>Status:</b> Active<br/><b>Property Type:</b> Strip Center<br/><b>Size:</b> 1,068 - 4,000 SF<br/><b>Agent:</b> Charlie Davis<br/><b>Listing:</b> <a href="http://www.jordantrotter.com/properties/1496150-lease/">http://www.jordantrotter.com/properties/1496150-lease/</a>]]></description>
      <styleUrl>#Jordan_Trotter</styleUrl>
      <Point>
        <coordinates>-82.19897139999999,33.4808839,0</coordinates>
      </Point>
    </Placemark>
    <Placemark>
      <name>4980 Steiner Way, Grovetown, GA  30813</name>
      <description><![CDATA[<b>Address:</b> 4980 Steiner Way, Grovetown, GA  30813, Grovetown, GA 30813<br/><b>Type:</b> For Lease<br/><b>Status:</b> Active<br/><b>Property Type:</b> Strip Center<br/><b>Size:</b> 1,600 SF<br/><b>Agent:</b> Charlie Davis<br/><b>Listing:</b> <a href="http://www.jordantrotter.com/properties/4980-Steiner-Way-Grovetown-GA/">http://www.jordantrotter.com/properties/4980-Steiner-Way-Grovetown-GA/</a>]]></description>
      <styleUrl>#Jordan_Trotter</styleUrl>
      <Point>
        <coordinates>-82.19897139999999,33.4808839,0</coordinates>
      </Point>
    </Placemark>
    <Placemark>
      <name>501 Oxbow Dr, Grovetown, GA  30813</name>
      <description><![CDATA[<b>Address:</b> 501 Oxbow Dr, Grovetown, GA  30813, Grovetown, GA 30813<br/><b>Type:</b> For Lease<br/><b>Status:</b> Active<br/><b>Property Type:</b> Strip Center<br/><b>Size:</b> 1,000 - 9,000 SF<br/><b>Agent:</b> Charlie Davis<br/><b>Listing:</b> <a href="http://www.jordantrotter.com/properties/?propertyId=1336991-lease">http://www.jordantrotter.com/properties/?propertyId=1336991-lease</a>]]></description>
      <styleUrl>#Jordan_Trotter</styleUrl>
      <Point>
        <coordinates>-82.2180393,33.5113848,0</coordinates>
      </Point>
    </Placemark>
    <Placemark>
      <name>501 Oxbow Dr, Grovetown, GA  30813</name>
      <description><![CDATA[<b>Address:</b> 501 Oxbow Dr, Grovetown, GA  30813, Grovetown, GA 30813<br/><b>Type:</b> For Lease<br/><b>Status:</b> Active<br/><b>Property Type:</b> Strip Center<br/><b>Size:</b> 1,000 - 9,000 SF<br/><b>Agent:</b> Charlie Davis<br/><b>Listing:</b> <a href="http://www.jordantrotter.com/properties/1336991-lease/">http://www.jordantrotter.com/properties/1336991-lease/</a>]]></description>
      <styleUrl>#Jordan_Trotter</styleUrl>
      <Point>
        <coordinates>-82.2180393,33.5113848,0</coordinates>
      </Point>
    </Placemark>
    <Placemark>
      <name>501 Oxbow Dr, Grovetown, GA  30813</name>
      <description><![CDATA[<b>Address:</b> 501 Oxbow Dr, Grovetown, GA  30813, Grovetown, GA 30813<br/><b>Type:</b> For Lease<br/><b>Status:</b> Active<br/><b>Property Type:</b> Strip Center<br/><b>Size:</b> 1,000 - 9,000 SF<br/><b>Agent:</b> Charlie Davis<br/><b>Listing:</b> <a href="http://www.jordantrotter.com/properties/501-Oxbow-Drive-Grovetown-GA/">http://www.jordantrotter.com/properties/501-Oxbow-Drive-Grovetown-GA/</a>]]></description>
      <styleUrl>#Jordan_Trotter</styleUrl>
      <Point>
        <coordinates>-82.2180393,33.5113848,0</coordinates>
      </Point>
    </Placemark>
    <Placemark>
      <name>5106 Wrightsboro Rd, Grovetown, GA  30813</name>
      <description><![CDATA[<b>Address:</b> 5106 Wrightsboro Rd, Grovetown, GA  30813, Grovetown, GA 30813<br/><b>Type:</b> For Lease<br/><b>Status:</b> Active<br/><b>Property Type:</b> Street Retail<br/><b>Size:</b> 860 - 1,125 SF<br/><b>Agent:</b> Charlie Davis<br/><b>Listing:</b> <a href="http://www.jordantrotter.com/properties/?propertyId=1304555-lease">http://www.jordantrotter.com/properties/?propertyId=1304555-lease</a>]]></description>
      <styleUrl>#Jordan_Trotter</styleUrl>
      <Point>
        <coordinates>-82.19613629999999,33.4574141,0</coordinates>
      </Point>
    </Placemark>
    <Placemark>
      <name>5106 Wrightsboro Rd, Grovetown, GA  30813</name>
      <description><![CDATA[<b>Address:</b> 5106 Wrightsboro Rd, Grovetown, GA  30813, Grovetown, GA 30813<br/><b>Type:</b> For Lease<br/><b>Status:</b> Active<br/><b>Property Type:</b> Street Retail<br/><b>Size:</b> 860 - 1,125 SF<br/><b>Agent:</b> Charlie Davis<br/><b>Listing:</b> <a href="http://www.jordantrotter.com/properties/1304555-lease/">http://www.jordantrotter.com/properties/1304555-lease/</a>]]></description>
      <styleUrl>#Jordan_Trotter</styleUrl>
      <Point>
        <coordinates>-82.19613629999999,33.4574141,0</coordinates>
      </Point>
    </Placemark>
    <Placemark>
      <name>5106 Wrightsboro Rd, Grovetown, GA  30813</name>
      <description><![CDATA[<b>Address:</b> 5106 Wrightsboro Rd, Grovetown, GA  30813, Grovetown, GA 30813<br/><b>Type:</b> For Lease<br/><b>Status:</b> Active<br/><b>Property Type:</b> Street Retail<br/><b>Size:</b> 860 - 1,125 SF<br/><b>Agent:</b> Charlie Davis<br/><b>Listing:</b> <a href="http://www.jordantrotter.com/properties/Forrest-Plaza-Grovetown/">http://www.jordantrotter.com/properties/Forrest-Plaza-Grovetown/</a>]]></description>
      <styleUrl>#Jordan_Trotter</styleUrl>
      <Point>
        <coordinates>-82.19613629999999,33.4574141,0</coordinates>
      </Point>
    </Placemark>
    <Placemark>
      <name>5107 Wrightsboro Road, Grovetown, GA  30813</name>
      <description><![CDATA[<b>Address:</b> 5107 Wrightsboro Road, Grovetown, GA  30813, Grovetown, GA 30813<br/><b>Type:</b> For Lease<br/><b>Status:</b> Active<br/><b>Property Type:</b> Strip Center<br/><b>Size:</b> 16,000 SF<br/><b>Agent:</b> Tripp Wilson<br/><b>Listing:</b> <a href="http://www.jordantrotter.com/properties/?propertyId=1402653-lease">http://www.jordantrotter.com/properties/?propertyId=1402653-lease</a>]]></description>
      <styleUrl>#Jordan_Trotter</styleUrl>
      <Point>
        <coordinates>-82.1959639,33.4585499,0</coordinates>
      </Point>
    </Placemark>
    <Placemark>
      <name>5107 Wrightsboro Road, Grovetown, GA  30813</name>
      <description><![CDATA[<b>Address:</b> 5107 Wrightsboro Road, Grovetown, GA  30813, Grovetown, GA 30813<br/><b>Type:</b> For Lease<br/><b>Status:</b> Active<br/><b>Property Type:</b> Strip Center<br/><b>Size:</b> 16,000 SF<br/><b>Agent:</b> Tripp Wilson<br/><b>Listing:</b> <a href="http://www.jordantrotter.com/properties/1402653-lease/">http://www.jordantrotter.com/properties/1402653-lease/</a>]]></description>
      <styleUrl>#Jordan_Trotter</styleUrl>
      <Point>
        <coordinates>-82.1959639,33.4585499,0</coordinates>
      </Point>
    </Placemark>
    <Placemark>
      <name>5107 Wrightsboro Road, Grovetown, GA  30813</name>
      <description><![CDATA[<b>Address:</b> 5107 Wrightsboro Road, Grovetown, GA  30813, Grovetown, GA 30813<br/><b>Type:</b> For Lease<br/><b>Status:</b> Active<br/><b>Property Type:</b> Strip Center<br/><b>Size:</b> 16,000 SF<br/><b>Agent:</b> Tripp Wilson<br/><b>Listing:</b> <a href="http://www.jordantrotter.com/properties/5107-wrightsboro-road-grovetown-ga/">http://www.jordantrotter.com/properties/5107-wrightsboro-road-grovetown-ga/</a>]]></description>
      <styleUrl>#Jordan_Trotter</styleUrl>
      <Point>
        <coordinates>-82.1959639,33.4585499,0</coordinates>
      </Point>
    </Placemark>
    <Placemark>
      <name>5221 Wrightsboro Rd, Grovetown, GA  30813</name>
      <description><![CDATA[<b>Address:</b> 5221 Wrightsboro Rd, Grovetown, GA  30813, Grovetown, GA 30813<br/><b>Type:</b> For Sale<br/><b>Status:</b> Active<br/><b>Property Type:</b> Street Retail<br/><b>Size:</b> 5,000 SF<br/><b>Agent:</b> Charlie Davis<br/><b>Listing:</b> <a href="http://www.jordantrotter.com/properties/?propertyId=1494837-sale">http://www.jordantrotter.com/properties/?propertyId=1494837-sale</a>]]></description>
      <styleUrl>#Jordan_Trotter</styleUrl>
      <Point>
        <coordinates>-82.204278,33.456008,0</coordinates>
      </Point>
    </Placemark>
    <Placemark>
      <name>5221 Wrightsboro Rd, Grovetown, GA  30813</name>
      <description><![CDATA[<b>Address:</b> 5221 Wrightsboro Rd, Grovetown, GA  30813, Grovetown, GA 30813<br/><b>Type:</b> For Lease<br/><b>Status:</b> Active<br/><b>Property Type:</b> Street Retail<br/><b>Size:</b> 5,000 SF<br/><b>Agent:</b> Charlie Davis<br/><b>Listing:</b> <a href="http://www.jordantrotter.com/properties/?propertyId=1494837-lease">http://www.jordantrotter.com/properties/?propertyId=1494837-lease</a>]]></description>
      <styleUrl>#Jordan_Trotter</styleUrl>
      <Point>
        <coordinates>-82.204278,33.456008,0</coordinates>
      </Point>
    </Placemark>
    <Placemark>
      <name>5221 Wrightsboro Rd, Grovetown, GA  30813</name>
      <description><![CDATA[<b>Address:</b> 5221 Wrightsboro Rd, Grovetown, GA  30813, Grovetown, GA 30813<br/><b>Type:</b> For Sale<br/><b>Status:</b> Active<br/><b>Property Type:</b> Street Retail<br/><b>Size:</b> 5,000 SF<br/><b>Agent:</b> Charlie Davis<br/><b>Listing:</b> <a href="http://www.jordantrotter.com/properties/1494837-sale/">http://www.jordantrotter.com/properties/1494837-sale/</a>]]></description>
      <styleUrl>#Jordan_Trotter</styleUrl>
      <Point>
        <coordinates>-82.204278,33.456008,0</coordinates>
      </Point>
    </Placemark>
    <Placemark>
      <name>5221 Wrightsboro Rd, Grovetown, GA  30813</name>
      <description><![CDATA[<b>Address:</b> 5221 Wrightsboro Rd, Grovetown, GA  30813, Grovetown, GA 30813<br/><b>Type:</b> For Lease<br/><b>Status:</b> Active<br/><b>Property Type:</b> Street Retail<br/><b>Size:</b> 5,000 SF<br/><b>Agent:</b> Charlie Davis<br/><b>Listing:</b> <a href="http://www.jordantrotter.com/properties/1494837-lease/">http://www.jordantrotter.com/properties/1494837-lease/</a>]]></description>
      <styleUrl>#Jordan_Trotter</styleUrl>
      <Point>
        <coordinates>-82.204278,33.456008,0</coordinates>
      </Point>
    </Placemark>
    <Placemark>
      <name>5221 Wrightsboro Rd, Grovetown, GA  30813</name>
      <description><![CDATA[<b>Address:</b> 5221 Wrightsboro Rd, Grovetown, GA  30813, Grovetown, GA 30813<br/><b>Type:</b> For Sale<br/><b>Status:</b> Active<br/><b>Property Type:</b> Street Retail<br/><b>Size:</b> 5,000 SF<br/><b>Agent:</b> Charlie Davis<br/><b>Listing:</b> <a href="http://www.jordantrotter.com/properties/5221-wrightsboro-road-grovetown-ga/">http://www.jordantrotter.com/properties/5221-wrightsboro-road-grovetown-ga/</a>]]></description>
      <styleUrl>#Jordan_Trotter</styleUrl>
      <Point>
        <coordinates>-82.204278,33.456008,0</coordinates>
      </Point>
    </Placemark>
    <Placemark>
      <name>5221 Wrightsboro Rd, Grovetown, GA  30813</name>
      <description><![CDATA[<b>Address:</b> 5221 Wrightsboro Rd, Grovetown, GA  30813, Grovetown, GA 30813<br/><b>Type:</b> For Lease<br/><b>Status:</b> Active<br/><b>Property Type:</b> Street Retail<br/><b>Size:</b> 5,000 SF<br/><b>Agent:</b> Charlie Davis<br/><b>Listing:</b> <a href="http://www.jordantrotter.com/properties/5221-wrightsboro-rd-grovetown-lease/">http://www.jordantrotter.com/properties/5221-wrightsboro-rd-grovetown-lease/</a>]]></description>
      <styleUrl>#Jordan_Trotter</styleUrl>
      <Point>
        <coordinates>-82.204278,33.456008,0</coordinates>
      </Point>
    </Placemark>
    <Placemark>
      <name>5225 Wrightsboro Road, Grovetown, GA  30813</name>
      <description><![CDATA[<b>Address:</b> 5225 Wrightsboro Road, Grovetown, GA  30813, Grovetown, GA 30813<br/><b>Type:</b> For Lease<br/><b>Status:</b> Active<br/><b>Property Type:</b> Strip Center<br/><b>Size:</b> 1,200 SF<br/><b>Agent:</b> Charlie Davis<br/><b>Listing:</b> <a href="http://www.jordantrotter.com/properties/?propertyId=1113229-lease">http://www.jordantrotter.com/properties/?propertyId=1113229-lease</a>]]></description>
      <styleUrl>#Jordan_Trotter</styleUrl>
      <Point>
        <coordinates>-82.2048801,33.455635,0</coordinates>
      </Point>
    </Placemark>
    <Placemark>
      <name>5225 Wrightsboro Road, Grovetown, GA  30813</name>
      <description><![CDATA[<b>Address:</b> 5225 Wrightsboro Road, Grovetown, GA  30813, Grovetown, GA 30813<br/><b>Type:</b> For Lease<br/><b>Status:</b> Active<br/><b>Property Type:</b> Strip Center<br/><b>Size:</b> 1,200 SF<br/><b>Agent:</b> Charlie Davis<br/><b>Listing:</b> <a href="http://www.jordantrotter.com/properties/1113229-lease/">http://www.jordantrotter.com/properties/1113229-lease/</a>]]></description>
      <styleUrl>#Jordan_Trotter</styleUrl>
      <Point>
        <coordinates>-82.2048801,33.455635,0</coordinates>
      </Point>
    </Placemark>
    <Placemark>
      <name>5225 Wrightsboro Road, Grovetown, GA  30813</name>
      <description><![CDATA[<b>Address:</b> 5225 Wrightsboro Road, Grovetown, GA  30813, Grovetown, GA 30813<br/><b>Type:</b> For Lease<br/><b>Status:</b> Active<br/><b>Property Type:</b> Strip Center<br/><b>Size:</b> 1,200 SF<br/><b>Agent:</b> Charlie Davis<br/><b>Listing:</b> <a href="http://www.jordantrotter.com/properties/5225-Wrightsboro-Road-Grovetown-GA/">http://www.jordantrotter.com/properties/5225-Wrightsboro-Road-Grovetown-GA/</a>]]></description>
      <styleUrl>#Jordan_Trotter</styleUrl>
      <Point>
        <coordinates>-82.2048801,33.455635,0</coordinates>
      </Point>
    </Placemark>
    <Placemark>
      <name>5235 Wrightsboro Rd, Grovetown, GA  30813</name>
      <description><![CDATA[<b>Address:</b> 5235 Wrightsboro Rd, Grovetown, GA  30813, Grovetown, GA 30813<br/><b>Type:</b> For Sale<br/><b>Status:</b> Active<br/><b>Property Type:</b> Retail<br/><b>Size:</b> 2.04 Acres<br/><b>Agent:</b> Robert McCrary<br/><b>Listing:</b> <a href="http://www.jordantrotter.com/properties/?propertyId=1322106-sale">http://www.jordantrotter.com/properties/?propertyId=1322106-sale</a>]]></description>
      <styleUrl>#Jordan_Trotter</styleUrl>
      <Point>
        <coordinates>-82.205097,33.45638,0</coordinates>
      </Point>
    </Placemark>
    <Placemark>
      <name>5235 Wrightsboro Rd, Grovetown, GA  30813</name>
      <description><![CDATA[<b>Address:</b> 5235 Wrightsboro Rd, Grovetown, GA  30813, Grovetown, GA 30813<br/><b>Type:</b> For Sale<br/><b>Status:</b> Active<br/><b>Property Type:</b> Retail<br/><b>Size:</b> 2.04 Acres<br/><b>Agent:</b> Robert McCrary<br/><b>Listing:</b> <a href="http://www.jordantrotter.com/properties/1322106-sale/">http://www.jordantrotter.com/properties/1322106-sale/</a>]]></description>
      <styleUrl>#Jordan_Trotter</styleUrl>
      <Point>
        <coordinates>-82.205097,33.45638,0</coordinates>
      </Point>
    </Placemark>
    <Placemark>
      <name>5235 Wrightsboro Rd, Grovetown, GA  30813</name>
      <description><![CDATA[<b>Address:</b> 5235 Wrightsboro Rd, Grovetown, GA  30813, Grovetown, GA 30813<br/><b>Type:</b> For Sale<br/><b>Status:</b> Active<br/><b>Property Type:</b> Retail<br/><b>Size:</b> 2.04 Acres<br/><b>Agent:</b> Robert McCrary<br/><b>Listing:</b> <a href="http://www.jordantrotter.com/properties/5235-wrightsboro-road-augusta-ga/">http://www.jordantrotter.com/properties/5235-wrightsboro-road-augusta-ga/</a>]]></description>
      <styleUrl>#Jordan_Trotter</styleUrl>
      <Point>
        <coordinates>-82.205097,33.45638,0</coordinates>
      </Point>
    </Placemark>
    <Placemark>
      <name>5245 Wrightsboro Rd, Grovetown, GA  30813</name>
      <description><![CDATA[<b>Address:</b> 5245 Wrightsboro Rd, Grovetown, GA  30813, Grovetown, GA 30813<br/><b>Type:</b> For Sale<br/><b>Status:</b> Active<br/><b>Property Type:</b> Retail<br/><b>Size:</b> 2.99 Acres<br/><b>Agent:</b> Robert McCrary<br/><b>Listing:</b> <a href="http://www.jordantrotter.com/properties/?propertyId=1322108-sale">http://www.jordantrotter.com/properties/?propertyId=1322108-sale</a>]]></description>
      <styleUrl>#Jordan_Trotter</styleUrl>
      <Point>
        <coordinates>-82.20619599999999,33.456849,0</coordinates>
      </Point>
    </Placemark>
    <Placemark>
      <name>5245 Wrightsboro Rd, Grovetown, GA  30813</name>
      <description><![CDATA[<b>Address:</b> 5245 Wrightsboro Rd, Grovetown, GA  30813, Grovetown, GA 30813<br/><b>Type:</b> For Sale<br/><b>Status:</b> Active<br/><b>Property Type:</b> Retail<br/><b>Size:</b> 2.99 Acres<br/><b>Agent:</b> Robert McCrary<br/><b>Listing:</b> <a href="http://www.jordantrotter.com/properties/1322108-sale/">http://www.jordantrotter.com/properties/1322108-sale/</a>]]></description>
      <styleUrl>#Jordan_Trotter</styleUrl>
      <Point>
        <coordinates>-82.20619599999999,33.456849,0</coordinates>
      </Point>
    </Placemark>
    <Placemark>
      <name>5245 Wrightsboro Rd, Grovetown, GA  30813</name>
      <description><![CDATA[<b>Address:</b> 5245 Wrightsboro Rd, Grovetown, GA  30813, Grovetown, GA 30813<br/><b>Type:</b> For Sale<br/><b>Status:</b> Active<br/><b>Property Type:</b> Retail<br/><b>Size:</b> 2.99 Acres<br/><b>Agent:</b> Robert McCrary<br/><b>Listing:</b> <a href="http://www.jordantrotter.com/properties/5245-wrightsboro-road-augusta-ga/">http://www.jordantrotter.com/properties/5245-wrightsboro-road-augusta-ga/</a>]]></description>
      <styleUrl>#Jordan_Trotter</styleUrl>
      <Point>
        <coordinates>-82.20619599999999,33.456849,0</coordinates>
      </Point>
    </Placemark>
    <Placemark>
      <name>701 Devika Dr, Grovetown, GA  30813</name>
      <description><![CDATA[<b>Address:</b> 701 Devika Dr, Grovetown, GA  30813, Grovetown, GA 30813<br/><b>Type:</b> For Lease<br/><b>Status:</b> Active<br/><b>Property Type:</b> Street Retail<br/><b>Size:</b> 1,500 SF<br/><b>Agent:</b> Charlie Davis<br/><b>Listing:</b> <a href="http://www.jordantrotter.com/properties/?propertyId=1612841-lease">http://www.jordantrotter.com/properties/?propertyId=1612841-lease</a>]]></description>
      <styleUrl>#Jordan_Trotter</styleUrl>
      <Point>
        <coordinates>-82.2197431,33.5113887,0</coordinates>
      </Point>
    </Placemark>
    <Placemark>
      <name>701 Devika Dr, Grovetown, GA  30813</name>
      <description><![CDATA[<b>Address:</b> 701 Devika Dr, Grovetown, GA  30813, Grovetown, GA 30813<br/><b>Type:</b> For Lease<br/><b>Status:</b> Active<br/><b>Property Type:</b> Street Retail<br/><b>Size:</b> 1,500 SF<br/><b>Agent:</b> Charlie Davis<br/><b>Listing:</b> <a href="http://www.jordantrotter.com/properties/1612841-lease/">http://www.jordantrotter.com/properties/1612841-lease/</a>]]></description>
      <styleUrl>#Jordan_Trotter</styleUrl>
      <Point>
        <coordinates>-82.2197431,33.5113887,0</coordinates>
      </Point>
    </Placemark>
    <Placemark>
      <name>701 Devika Dr, Grovetown, GA  30813</name>
      <description><![CDATA[<b>Address:</b> 701 Devika Dr, Grovetown, GA  30813, Grovetown, GA 30813<br/><b>Type:</b> For Lease<br/><b>Status:</b> Active<br/><b>Property Type:</b> Street Retail<br/><b>Size:</b> 1,500 SF<br/><b>Agent:</b> Charlie Davis<br/><b>Listing:</b> <a href="http://www.jordantrotter.com/properties/701-Devika-Drive-Grovetown-GA/">http://www.jordantrotter.com/properties/701-Devika-Drive-Grovetown-GA/</a>]]></description>
      <styleUrl>#Jordan_Trotter</styleUrl>
      <Point>
        <coordinates>-82.2197431,33.5113887,0</coordinates>
      </Point>
    </Placemark>
    <Placemark>
      <name>708 S Old Belair Rd, Grovetown, GA  30813</name>
      <description><![CDATA[<b>Address:</b> 708 S Old Belair Rd, Grovetown, GA  30813, Grovetown, GA 30813<br/><b>Type:</b> For Sale<br/><b>Status:</b> Active<br/><b>Property Type:</b> Office<br/><b>Size:</b> 0.5 Acres<br/><b>Agent:</b> Liam Welch<br/><b>Listing:</b> <a href="http://www.jordantrotter.com/properties/?propertyId=1319388-sale">http://www.jordantrotter.com/properties/?propertyId=1319388-sale</a>]]></description>
      <styleUrl>#Jordan_Trotter</styleUrl>
      <Point>
        <coordinates>-82.13574899999999,33.485241,0</coordinates>
      </Point>
    </Placemark>
    <Placemark>
      <name>708 S Old Belair Rd, Grovetown, GA  30813</name>
      <description><![CDATA[<b>Address:</b> 708 S Old Belair Rd, Grovetown, GA  30813, Grovetown, GA 30813<br/><b>Type:</b> For Sale<br/><b>Status:</b> Active<br/><b>Property Type:</b> Office<br/><b>Size:</b> 0.5 Acres<br/><b>Agent:</b> Liam Welch<br/><b>Listing:</b> <a href="http://www.jordantrotter.com/properties/1319388-sale/">http://www.jordantrotter.com/properties/1319388-sale/</a>]]></description>
      <styleUrl>#Jordan_Trotter</styleUrl>
      <Point>
        <coordinates>-82.13574899999999,33.485241,0</coordinates>
      </Point>
    </Placemark>
    <Placemark>
      <name>708 S Old Belair Rd, Grovetown, GA  30813</name>
      <description><![CDATA[<b>Address:</b> 708 S Old Belair Rd, Grovetown, GA  30813, Grovetown, GA 30813<br/><b>Type:</b> For Sale<br/><b>Status:</b> Active<br/><b>Property Type:</b> Office<br/><b>Size:</b> 0.5 Acres<br/><b>Agent:</b> Liam Welch<br/><b>Listing:</b> <a href="http://www.jordantrotter.com/properties/708-s-old-belair-rd-grovetown-road/">http://www.jordantrotter.com/properties/708-s-old-belair-rd-grovetown-road/</a>]]></description>
      <styleUrl>#Jordan_Trotter</styleUrl>
      <Point>
        <coordinates>-82.13574899999999,33.485241,0</coordinates>
      </Point>
    </Placemark>
    <Placemark>
      <name>Columbia Rd, Grovetown, GA  30813</name>
      <description><![CDATA[<b>Address:</b> Columbia Rd, Grovetown, GA  30813, Grovetown, GA 30813<br/><b>Type:</b> For Sale<br/><b>Status:</b> Active<br/><b>Property Type:</b> Retail-Pad<br/><b>Size:</b> 16 Acres<br/><b>Agent:</b> Ryan Martin<br/><b>Listing:</b> <a href="http://www.jordantrotter.com/properties/?propertyId=1327680-sale">http://www.jordantrotter.com/properties/?propertyId=1327680-sale</a>]]></description>
      <styleUrl>#Jordan_Trotter</styleUrl>
      <Point>
        <coordinates>-82.2218416,33.5133497,0</coordinates>
      </Point>
    </Placemark>
    <Placemark>
      <name>Columbia Rd, Grovetown, GA  30813</name>
      <description><![CDATA[<b>Address:</b> Columbia Rd, Grovetown, GA  30813, Grovetown, GA 30813<br/><b>Type:</b> For Sale<br/><b>Status:</b> Active<br/><b>Property Type:</b> Retail-Pad<br/><b>Size:</b> 16 Acres<br/><b>Agent:</b> Ryan Martin<br/><b>Listing:</b> <a href="http://www.jordantrotter.com/properties/1327680-sale/">http://www.jordantrotter.com/properties/1327680-sale/</a>]]></description>
      <styleUrl>#Jordan_Trotter</styleUrl>
      <Point>
        <coordinates>-82.2218416,33.5133497,0</coordinates>
      </Point>
    </Placemark>
    <Placemark>
      <name>Columbia Rd, Grovetown, GA  30813</name>
      <description><![CDATA[<b>Address:</b> Columbia Rd, Grovetown, GA  30813, Grovetown, GA 30813<br/><b>Type:</b> For Sale<br/><b>Status:</b> Active<br/><b>Property Type:</b> Retail-Pad<br/><b>Size:</b> 16 Acres<br/><b>Agent:</b> Ryan Martin<br/><b>Listing:</b> <a href="http://www.jordantrotter.com/properties/columbia-rd-grovetown-sale/">http://www.jordantrotter.com/properties/columbia-rd-grovetown-sale/</a>]]></description>
      <styleUrl>#Jordan_Trotter</styleUrl>
      <Point>
        <coordinates>-82.2218416,33.5133497,0</coordinates>
      </Point>
    </Placemark>
    <Placemark>
      <name>Wrightsboro Road, Grovetown, GA  30824</name>
      <description><![CDATA[<b>Address:</b> Wrightsboro Road, Grovetown, GA  30824, Grovetown, GA 30824<br/><b>Type:</b> For Sale<br/><b>Status:</b> Active<br/><b>Property Type:</b> Retail-Pad<br/><b>Size:</b> 1.36 Acres<br/><b>Agent:</b> Liam Welch<br/><b>Listing:</b> <a href="http://www.jordantrotter.com/properties/?propertyId=1298407-sale">http://www.jordantrotter.com/properties/?propertyId=1298407-sale</a>]]></description>
      <styleUrl>#Jordan_Trotter</styleUrl>
      <Point>
        <coordinates>-82.5764844,33.552795,0</coordinates>
      </Point>
    </Placemark>
    <Placemark>
      <name>Wrightsboro Road, Grovetown, GA  30824</name>
      <description><![CDATA[<b>Address:</b> Wrightsboro Road, Grovetown, GA  30824, Grovetown, GA 30824<br/><b>Type:</b> For Sale<br/><b>Status:</b> Active<br/><b>Property Type:</b> Retail-Pad<br/><b>Size:</b> 1.36 Acres<br/><b>Agent:</b> Liam Welch<br/><b>Listing:</b> <a href="http://www.jordantrotter.com/properties/1298407-sale/">http://www.jordantrotter.com/properties/1298407-sale/</a>]]></description>
      <styleUrl>#Jordan_Trotter</styleUrl>
      <Point>
        <coordinates>-82.5764844,33.552795,0</coordinates>
      </Point>
    </Placemark>
    <Placemark>
      <name>Wrightsboro Road, Grovetown, GA  30824</name>
      <description><![CDATA[<b>Address:</b> Wrightsboro Road, Grovetown, GA  30824, Grovetown, GA 30824<br/><b>Type:</b> For Sale<br/><b>Status:</b> Active<br/><b>Property Type:</b> Retail-Pad<br/><b>Size:</b> 1.36 Acres<br/><b>Agent:</b> Liam Welch<br/><b>Listing:</b> <a href="http://www.jordantrotter.com/properties/wrightsboro-road-grovetown-ga/">http://www.jordantrotter.com/properties/wrightsboro-road-grovetown-ga/</a>]]></description>
      <styleUrl>#Jordan_Trotter</styleUrl>
      <Point>
        <coordinates>-82.5764844,33.552795,0</coordinates>
      </Point>
    </Placemark>
    <Placemark>
      <name>275 West Milledgeville Road, Harlem, GA  30814</name>
      <description><![CDATA[<b>Address:</b> 275 West Milledgeville Road, Harlem, GA  30814, Harlem, GA 30814<br/><b>Type:</b> For Sale<br/><b>Status:</b> Active<br/><b>Property Type:</b> Other<br/><b>Size:</b> 0.56 Acres<br/><b>Agent:</b> Robert McCrary<br/><b>Listing:</b> <a href="http://www.jordantrotter.com/properties/?propertyId=1275494-sale">http://www.jordantrotter.com/properties/?propertyId=1275494-sale</a>]]></description>
      <styleUrl>#Jordan_Trotter</styleUrl>
      <Point>
        <coordinates>-82.3169334,33.4153834,0</coordinates>
      </Point>
    </Placemark>
    <Placemark>
      <name>275 West Milledgeville Road, Harlem, GA  30814</name>
      <description><![CDATA[<b>Address:</b> 275 West Milledgeville Road, Harlem, GA  30814, Harlem, GA 30814<br/><b>Type:</b> For Sale<br/><b>Status:</b> Active<br/><b>Property Type:</b> Other<br/><b>Size:</b> 0.56 Acres<br/><b>Agent:</b> Robert McCrary<br/><b>Listing:</b> <a href="http://www.jordantrotter.com/properties/1275494-sale/">http://www.jordantrotter.com/properties/1275494-sale/</a>]]></description>
      <styleUrl>#Jordan_Trotter</styleUrl>
      <Point>
        <coordinates>-82.3169334,33.4153834,0</coordinates>
      </Point>
    </Placemark>
    <Placemark>
      <name>275 West Milledgeville Road, Harlem, GA  30814</name>
      <description><![CDATA[<b>Address:</b> 275 West Milledgeville Road, Harlem, GA  30814, Harlem, GA 30814<br/><b>Type:</b> For Sale<br/><b>Status:</b> Active<br/><b>Property Type:</b> Other<br/><b>Size:</b> 0.56 Acres<br/><b>Agent:</b> Robert McCrary<br/><b>Listing:</b> <a href="http://www.jordantrotter.com/properties/275-west-milledge-road-harlem-ga/">http://www.jordantrotter.com/properties/275-west-milledge-road-harlem-ga/</a>]]></description>
      <styleUrl>#Jordan_Trotter</styleUrl>
      <Point>
        <coordinates>-82.3169334,33.4153834,0</coordinates>
      </Point>
    </Placemark>
    <Placemark>
      <name>6322 Wrightsboro Rd, Harlem, GA  30814</name>
      <description><![CDATA[<b>Address:</b> 6322 Wrightsboro Rd, Harlem, GA  30814, Harlem, GA 30814<br/><b>Type:</b> For Sale<br/><b>Status:</b> Active<br/><b>Property Type:</b> Retail<br/><b>Size:</b> 3.07 Acres<br/><b>Agent:</b> Wil Kacos<br/><b>Listing:</b> <a href="http://www.jordantrotter.com/properties/6322-wrightsboro-rd-harlem-sale/">http://www.jordantrotter.com/properties/6322-wrightsboro-rd-harlem-sale/</a>]]></description>
      <styleUrl>#Jordan_Trotter</styleUrl>
      <Point>
        <coordinates>-82.31794599999999,33.4817088,0</coordinates>
      </Point>
    </Placemark>
    <Placemark>
      <name>710 and 720 Point Bluff Pkwy, Harlem, GA 30814, Harlem, GA  30814</name>
      <description><![CDATA[<b>Address:</b> 710 and 720 Point Bluff Pkwy, Harlem, GA 30814, Harlem, GA  30814, Harlem, GA 30814<br/><b>Type:</b> For Lease<br/><b>Status:</b> Active<br/><b>Property Type:</b> Strip Center<br/><b>Size:</b> 1,290 - 1,900 SF<br/><b>Agent:</b> Charlie Davis<br/><b>Listing:</b> <a href="http://www.jordantrotter.com/properties/?propertyId=1274934-lease">http://www.jordantrotter.com/properties/?propertyId=1274934-lease</a>]]></description>
      <styleUrl>#Jordan_Trotter</styleUrl>
      <Point>
        <coordinates>-82.3126237,33.4145834,0</coordinates>
      </Point>
    </Placemark>
    <Placemark>
      <name>710 and 720 Point Bluff Pkwy, Harlem, GA 30814, Harlem, GA  30814</name>
      <description><![CDATA[<b>Address:</b> 710 and 720 Point Bluff Pkwy, Harlem, GA 30814, Harlem, GA  30814, Harlem, GA 30814<br/><b>Type:</b> For Lease<br/><b>Status:</b> Active<br/><b>Property Type:</b> Strip Center<br/><b>Size:</b> 1,290 - 1,900 SF<br/><b>Agent:</b> Charlie Davis<br/><b>Listing:</b> <a href="http://www.jordantrotter.com/properties/1274934-lease/">http://www.jordantrotter.com/properties/1274934-lease/</a>]]></description>
      <styleUrl>#Jordan_Trotter</styleUrl>
      <Point>
        <coordinates>-82.3126237,33.4145834,0</coordinates>
      </Point>
    </Placemark>
    <Placemark>
      <name>710 and 720 Point Bluff Pkwy, Harlem, GA 30814, Harlem, GA  30814</name>
      <description><![CDATA[<b>Address:</b> 710 and 720 Point Bluff Pkwy, Harlem, GA 30814, Harlem, GA  30814, Harlem, GA 30814<br/><b>Type:</b> For Lease<br/><b>Status:</b> Active<br/><b>Property Type:</b> Strip Center<br/><b>Size:</b> 1,290 - 1,900 SF<br/><b>Agent:</b> Charlie Davis<br/><b>Listing:</b> <a href="http://www.jordantrotter.com/properties/710-720-Point-Bluff-Parkway-Harlem-GA/">http://www.jordantrotter.com/properties/710-720-Point-Bluff-Parkway-Harlem-GA/</a>]]></description>
      <styleUrl>#Jordan_Trotter</styleUrl>
      <Point>
        <coordinates>-82.3126237,33.4145834,0</coordinates>
      </Point>
    </Placemark>
    <Placemark>
      <name>2190 McElmurray Rd, Hephizbah, GA  30815</name>
      <description><![CDATA[<b>Address:</b> 2190 McElmurray Rd, Hephizbah, GA  30815, Hephizbah, GA 30815<br/><b>Type:</b> For Sale<br/><b>Status:</b> Active<br/><b>Property Type:</b> Retail<br/><b>Size:</b> 8.25 Acres<br/><b>Agent:</b> Wil Kacos<br/><b>Listing:</b> <a href="http://www.jordantrotter.com/properties/?propertyId=1579440-sale">http://www.jordantrotter.com/properties/?propertyId=1579440-sale</a>]]></description>
      <styleUrl>#Jordan_Trotter</styleUrl>
      <Point>
        <coordinates>-82.0967857,33.3140311,0</coordinates>
      </Point>
    </Placemark>
    <Placemark>
      <name>2190 McElmurray Rd, Hephizbah, GA  30815</name>
      <description><![CDATA[<b>Address:</b> 2190 McElmurray Rd, Hephizbah, GA  30815, Hephizbah, GA 30815<br/><b>Type:</b> For Sale<br/><b>Status:</b> Active<br/><b>Property Type:</b> Retail<br/><b>Size:</b> 8.25 Acres<br/><b>Agent:</b> Wil Kacos<br/><b>Listing:</b> <a href="http://www.jordantrotter.com/properties/1579440-sale/">http://www.jordantrotter.com/properties/1579440-sale/</a>]]></description>
      <styleUrl>#Jordan_Trotter</styleUrl>
      <Point>
        <coordinates>-82.0967857,33.3140311,0</coordinates>
      </Point>
    </Placemark>
    <Placemark>
      <name>2190 McElmurray Rd, Hephizbah, GA  30815</name>
      <description><![CDATA[<b>Address:</b> 2190 McElmurray Rd, Hephizbah, GA  30815, Hephizbah, GA 30815<br/><b>Type:</b> For Sale<br/><b>Status:</b> Active<br/><b>Property Type:</b> Retail<br/><b>Size:</b> 8.25 Acres<br/><b>Agent:</b> Wil Kacos<br/><b>Listing:</b> <a href="http://www.jordantrotter.com/properties/2190-McElmurray-road-hephizbah-ga/">http://www.jordantrotter.com/properties/2190-McElmurray-road-hephizbah-ga/</a>]]></description>
      <styleUrl>#Jordan_Trotter</styleUrl>
      <Point>
        <coordinates>-82.0967857,33.3140311,0</coordinates>
      </Point>
    </Placemark>
    <Placemark>
      <name>1349 Brown Road, Hephzibah, GA  30815</name>
      <description><![CDATA[<b>Address:</b> 1349 Brown Road, Hephzibah, GA  30815, Hephzibah, GA 30815<br/><b>Type:</b> For Sale<br/><b>Status:</b> Active<br/><b>Property Type:</b> Residential Development<br/><b>Size:</b> 136.2 Acres<br/><b>Agent:</b> Wil Kacos<br/><b>Listing:</b> <a href="http://www.jordantrotter.com/properties/?propertyId=774087-sale">http://www.jordantrotter.com/properties/?propertyId=774087-sale</a>]]></description>
      <styleUrl>#Jordan_Trotter</styleUrl>
      <Point>
        <coordinates>-81.9734129,33.326845,0</coordinates>
      </Point>
    </Placemark>
    <Placemark>
      <name>1349 Brown Road, Hephzibah, GA  30815</name>
      <description><![CDATA[<b>Address:</b> 1349 Brown Road, Hephzibah, GA  30815, Hephzibah, GA 30815<br/><b>Type:</b> For Sale<br/><b>Status:</b> Active<br/><b>Property Type:</b> Residential Development<br/><b>Size:</b> 136.2 Acres<br/><b>Agent:</b> Wil Kacos<br/><b>Listing:</b> <a href="http://www.jordantrotter.com/properties/774087-sale/">http://www.jordantrotter.com/properties/774087-sale/</a>]]></description>
      <styleUrl>#Jordan_Trotter</styleUrl>
      <Point>
        <coordinates>-81.9734129,33.326845,0</coordinates>
      </Point>
    </Placemark>
    <Placemark>
      <name>1349 Brown Road, Hephzibah, GA  30815</name>
      <description><![CDATA[<b>Address:</b> 1349 Brown Road, Hephzibah, GA  30815, Hephzibah, GA 30815<br/><b>Type:</b> For Sale<br/><b>Status:</b> Active<br/><b>Property Type:</b> Residential Development<br/><b>Size:</b> 136.2 Acres<br/><b>Agent:</b> Wil Kacos<br/><b>Listing:</b> <a href="http://www.jordantrotter.com/properties/1349-brown-road-hephzibah-ga/">http://www.jordantrotter.com/properties/1349-brown-road-hephzibah-ga/</a>]]></description>
      <styleUrl>#Jordan_Trotter</styleUrl>
      <Point>
        <coordinates>-81.9734129,33.326845,0</coordinates>
      </Point>
    </Placemark>
    <Placemark>
      <name>2520 Tobacco Rd, Hephzibah, GA  30815</name>
      <description><![CDATA[<b>Address:</b> 2520 Tobacco Rd, Hephzibah, GA  30815, Hephzibah, GA 30815<br/><b>Type:</b> For Sale<br/><b>Status:</b> Active<br/><b>Property Type:</b> Retail<br/><b>Size:</b> 10.83 Acres<br/><b>Agent:</b> Liam Welch<br/><b>Listing:</b> <a href="http://www.jordantrotter.com/properties/?propertyId=1434656-sale">http://www.jordantrotter.com/properties/?propertyId=1434656-sale</a>]]></description>
      <styleUrl>#Jordan_Trotter</styleUrl>
      <Point>
        <coordinates>-82.07596,33.375694,0</coordinates>
      </Point>
    </Placemark>
    <Placemark>
      <name>2520 Tobacco Rd, Hephzibah, GA  30815</name>
      <description><![CDATA[<b>Address:</b> 2520 Tobacco Rd, Hephzibah, GA  30815, Hephzibah, GA 30815<br/><b>Type:</b> For Sale<br/><b>Status:</b> Active<br/><b>Property Type:</b> Retail<br/><b>Size:</b> 10.83 Acres<br/><b>Agent:</b> Liam Welch<br/><b>Listing:</b> <a href="http://www.jordantrotter.com/properties/1434656-sale/">http://www.jordantrotter.com/properties/1434656-sale/</a>]]></description>
      <styleUrl>#Jordan_Trotter</styleUrl>
      <Point>
        <coordinates>-82.07596,33.375694,0</coordinates>
      </Point>
    </Placemark>
    <Placemark>
      <name>2520 Tobacco Rd, Hephzibah, GA  30815</name>
      <description><![CDATA[<b>Address:</b> 2520 Tobacco Rd, Hephzibah, GA  30815, Hephzibah, GA 30815<br/><b>Type:</b> For Sale<br/><b>Status:</b> Active<br/><b>Property Type:</b> Retail<br/><b>Size:</b> 10.83 Acres<br/><b>Agent:</b> Liam Welch<br/><b>Listing:</b> <a href="http://www.jordantrotter.com/properties/2520-Tobacco-Road-Hephzibah-GA/">http://www.jordantrotter.com/properties/2520-Tobacco-Road-Hephzibah-GA/</a>]]></description>
      <styleUrl>#Jordan_Trotter</styleUrl>
      <Point>
        <coordinates>-82.07596,33.375694,0</coordinates>
      </Point>
    </Placemark>
    <Placemark>
      <name>2565 Patterson Bridge Road, Hephzibah, GA  30815</name>
      <description><![CDATA[<b>Address:</b> 2565 Patterson Bridge Road, Hephzibah, GA  30815, Hephzibah, GA 30815<br/><b>Type:</b> For Sale<br/><b>Status:</b> Active<br/><b>Property Type:</b> Residential Development<br/><b>Size:</b> 230 Acres<br/><b>Agent:</b> Wil Kacos<br/><b>Listing:</b> <a href="http://www.jordantrotter.com/properties/?propertyId=785982-sale">http://www.jordantrotter.com/properties/?propertyId=785982-sale</a>]]></description>
      <styleUrl>#Jordan_Trotter</styleUrl>
      <Point>
        <coordinates>-82.09636499999999,33.341599,0</coordinates>
      </Point>
    </Placemark>
    <Placemark>
      <name>2565 Patterson Bridge Road, Hephzibah, GA  30815</name>
      <description><![CDATA[<b>Address:</b> 2565 Patterson Bridge Road, Hephzibah, GA  30815, Hephzibah, GA 30815<br/><b>Type:</b> For Sale<br/><b>Status:</b> Active<br/><b>Property Type:</b> Residential Development<br/><b>Size:</b> 230 Acres<br/><b>Agent:</b> Wil Kacos<br/><b>Listing:</b> <a href="http://www.jordantrotter.com/properties/785982-sale/">http://www.jordantrotter.com/properties/785982-sale/</a>]]></description>
      <styleUrl>#Jordan_Trotter</styleUrl>
      <Point>
        <coordinates>-82.09636499999999,33.341599,0</coordinates>
      </Point>
    </Placemark>
    <Placemark>
      <name>2565 Patterson Bridge Road, Hephzibah, GA  30815</name>
      <description><![CDATA[<b>Address:</b> 2565 Patterson Bridge Road, Hephzibah, GA  30815, Hephzibah, GA 30815<br/><b>Type:</b> For Sale<br/><b>Status:</b> Active<br/><b>Property Type:</b> Residential Development<br/><b>Size:</b> 230 Acres<br/><b>Agent:</b> Wil Kacos<br/><b>Listing:</b> <a href="http://www.jordantrotter.com/properties/2565-patterson-bridge-road-augusta-ga/">http://www.jordantrotter.com/properties/2565-patterson-bridge-road-augusta-ga/</a>]]></description>
      <styleUrl>#Jordan_Trotter</styleUrl>
      <Point>
        <coordinates>-82.09636499999999,33.341599,0</coordinates>
      </Point>
    </Placemark>
    <Placemark>
      <name>2619 Tobacco Rd, Hephzibah, GA  30815</name>
      <description><![CDATA[<b>Address:</b> 2619 Tobacco Rd, Hephzibah, GA  30815, Hephzibah, GA 30815<br/><b>Type:</b> For Sale<br/><b>Status:</b> Active<br/><b>Property Type:</b> Retail<br/><b>Size:</b> 0.85 Acres<br/><b>Agent:</b> Tripp Wilson<br/><b>Listing:</b> <a href="http://www.jordantrotter.com/properties/?propertyId=1556873-sale">http://www.jordantrotter.com/properties/?propertyId=1556873-sale</a>]]></description>
      <styleUrl>#Jordan_Trotter</styleUrl>
      <Point>
        <coordinates>-82.0871605,33.3801992,0</coordinates>
      </Point>
    </Placemark>
    <Placemark>
      <name>2619 Tobacco Rd, Hephzibah, GA  30815</name>
      <description><![CDATA[<b>Address:</b> 2619 Tobacco Rd, Hephzibah, GA  30815, Hephzibah, GA 30815<br/><b>Type:</b> For Sale<br/><b>Status:</b> Active<br/><b>Property Type:</b> Retail<br/><b>Size:</b> 0.85 Acres<br/><b>Agent:</b> Tripp Wilson<br/><b>Listing:</b> <a href="http://www.jordantrotter.com/properties/1556873-sale/">http://www.jordantrotter.com/properties/1556873-sale/</a>]]></description>
      <styleUrl>#Jordan_Trotter</styleUrl>
      <Point>
        <coordinates>-82.0871605,33.3801992,0</coordinates>
      </Point>
    </Placemark>
    <Placemark>
      <name>2619 Tobacco Rd, Hephzibah, GA  30815</name>
      <description><![CDATA[<b>Address:</b> 2619 Tobacco Rd, Hephzibah, GA  30815, Hephzibah, GA 30815<br/><b>Type:</b> For Sale<br/><b>Status:</b> Active<br/><b>Property Type:</b> Retail<br/><b>Size:</b> 0.85 Acres<br/><b>Agent:</b> Tripp Wilson<br/><b>Listing:</b> <a href="http://www.jordantrotter.com/properties/2619-Tobacco-Road-Hephzibah-GA/">http://www.jordantrotter.com/properties/2619-Tobacco-Road-Hephzibah-GA/</a>]]></description>
      <styleUrl>#Jordan_Trotter</styleUrl>
      <Point>
        <coordinates>-82.0871605,33.3801992,0</coordinates>
      </Point>
    </Placemark>
    <Placemark>
      <name>2802 Brentway Drive, Hephzibah, GA  30815</name>
      <description><![CDATA[<b>Address:</b> 2802 Brentway Drive, Hephzibah, GA  30815, Hephzibah, GA 30815<br/><b>Type:</b> For Sale<br/><b>Status:</b> Active<br/><b>Property Type:</b> Retail<br/><b>Size:</b> 0.78 Acres<br/><b>Agent:</b> Robert McCrary<br/><b>Listing:</b> <a href="http://www.jordantrotter.com/properties/?propertyId=1469303-sale">http://www.jordantrotter.com/properties/?propertyId=1469303-sale</a>]]></description>
      <styleUrl>#Jordan_Trotter</styleUrl>
      <Point>
        <coordinates>-82.10070499999999,33.405767,0</coordinates>
      </Point>
    </Placemark>
    <Placemark>
      <name>2802 Brentway Drive, Hephzibah, GA  30815</name>
      <description><![CDATA[<b>Address:</b> 2802 Brentway Drive, Hephzibah, GA  30815, Hephzibah, GA 30815<br/><b>Type:</b> For Sale<br/><b>Status:</b> Active<br/><b>Property Type:</b> Retail<br/><b>Size:</b> 0.78 Acres<br/><b>Agent:</b> Robert McCrary<br/><b>Listing:</b> <a href="http://www.jordantrotter.com/properties/1469303-sale/">http://www.jordantrotter.com/properties/1469303-sale/</a>]]></description>
      <styleUrl>#Jordan_Trotter</styleUrl>
      <Point>
        <coordinates>-82.10070499999999,33.405767,0</coordinates>
      </Point>
    </Placemark>
    <Placemark>
      <name>2802 Brentway Drive, Hephzibah, GA  30815</name>
      <description><![CDATA[<b>Address:</b> 2802 Brentway Drive, Hephzibah, GA  30815, Hephzibah, GA 30815<br/><b>Type:</b> For Sale<br/><b>Status:</b> Active<br/><b>Property Type:</b> Retail<br/><b>Size:</b> 0.78 Acres<br/><b>Agent:</b> Robert McCrary<br/><b>Listing:</b> <a href="http://www.jordantrotter.com/properties/2802-brentway-drive-hephzibah-ga/">http://www.jordantrotter.com/properties/2802-brentway-drive-hephzibah-ga/</a>]]></description>
      <styleUrl>#Jordan_Trotter</styleUrl>
      <Point>
        <coordinates>-82.10070499999999,33.405767,0</coordinates>
      </Point>
    </Placemark>
    <Placemark>
      <name>2846 Tobacco Rd., Hephzibah, GA  30815</name>
      <description><![CDATA[<b>Address:</b> 2846 Tobacco Rd., Hephzibah, GA  30815, Hephzibah, GA 30815<br/><b>Type:</b> For Sale<br/><b>Status:</b> Active<br/><b>Property Type:</b> Retail<br/><b>Size:</b> 4.5 Acres<br/><b>Agent:</b> Wil Kacos<br/><b>Listing:</b> <a href="http://www.jordantrotter.com/properties/?propertyId=848651-sale">http://www.jordantrotter.com/properties/?propertyId=848651-sale</a>]]></description>
      <styleUrl>#Jordan_Trotter</styleUrl>
      <Point>
        <coordinates>-82.10647,33.388257,0</coordinates>
      </Point>
    </Placemark>
    <Placemark>
      <name>2846 Tobacco Rd., Hephzibah, GA  30815</name>
      <description><![CDATA[<b>Address:</b> 2846 Tobacco Rd., Hephzibah, GA  30815, Hephzibah, GA 30815<br/><b>Type:</b> For Sale<br/><b>Status:</b> Active<br/><b>Property Type:</b> Retail<br/><b>Size:</b> 4.5 Acres<br/><b>Agent:</b> Wil Kacos<br/><b>Listing:</b> <a href="http://www.jordantrotter.com/properties/848651-sale/">http://www.jordantrotter.com/properties/848651-sale/</a>]]></description>
      <styleUrl>#Jordan_Trotter</styleUrl>
      <Point>
        <coordinates>-82.10647,33.388257,0</coordinates>
      </Point>
    </Placemark>
    <Placemark>
      <name>2846 Tobacco Rd., Hephzibah, GA  30815</name>
      <description><![CDATA[<b>Address:</b> 2846 Tobacco Rd., Hephzibah, GA  30815, Hephzibah, GA 30815<br/><b>Type:</b> For Sale<br/><b>Status:</b> Active<br/><b>Property Type:</b> Retail<br/><b>Size:</b> 4.5 Acres<br/><b>Agent:</b> Wil Kacos<br/><b>Listing:</b> <a href="http://www.jordantrotter.com/properties/2846-tobacco-road-hephzibah-ga/">http://www.jordantrotter.com/properties/2846-tobacco-road-hephzibah-ga/</a>]]></description>
      <styleUrl>#Jordan_Trotter</styleUrl>
      <Point>
        <coordinates>-82.10647,33.388257,0</coordinates>
      </Point>
    </Placemark>
    <Placemark>
      <name>3080 Georgia 88, Hephzibah, GA  30815</name>
      <description><![CDATA[<b>Address:</b> 3080 Georgia 88, Hephzibah, GA  30815, Hephzibah, GA 30815<br/><b>Type:</b> For Sale<br/><b>Status:</b> Active<br/><b>Property Type:</b> Free Standing Building<br/><b>Size:</b> 4,800 SF<br/><b>Agent:</b> Wil Kacos<br/><b>Listing:</b> <a href="http://www.jordantrotter.com/properties/?propertyId=1464050-sale">http://www.jordantrotter.com/properties/?propertyId=1464050-sale</a>]]></description>
      <styleUrl>#Jordan_Trotter</styleUrl>
      <Point>
        <coordinates>-82.1619891,33.3164881,0</coordinates>
      </Point>
    </Placemark>
    <Placemark>
      <name>3080 Georgia 88, Hephzibah, GA  30815</name>
      <description><![CDATA[<b>Address:</b> 3080 Georgia 88, Hephzibah, GA  30815, Hephzibah, GA 30815<br/><b>Type:</b> For Sale<br/><b>Status:</b> Active<br/><b>Property Type:</b> Free Standing Building<br/><b>Size:</b> 4,800 SF<br/><b>Agent:</b> Wil Kacos<br/><b>Listing:</b> <a href="http://www.jordantrotter.com/properties/1464050-sale/">http://www.jordantrotter.com/properties/1464050-sale/</a>]]></description>
      <styleUrl>#Jordan_Trotter</styleUrl>
      <Point>
        <coordinates>-82.1619891,33.3164881,0</coordinates>
      </Point>
    </Placemark>
    <Placemark>
      <name>3080 Georgia 88, Hephzibah, GA  30815</name>
      <description><![CDATA[<b>Address:</b> 3080 Georgia 88, Hephzibah, GA  30815, Hephzibah, GA 30815<br/><b>Type:</b> For Sale<br/><b>Status:</b> Active<br/><b>Property Type:</b> Free Standing Building<br/><b>Size:</b> 4,800 SF<br/><b>Agent:</b> Wil Kacos<br/><b>Listing:</b> <a href="http://www.jordantrotter.com/properties/3080-Georgia-88-Hephzibah-GA/">http://www.jordantrotter.com/properties/3080-Georgia-88-Hephzibah-GA/</a>]]></description>
      <styleUrl>#Jordan_Trotter</styleUrl>
      <Point>
        <coordinates>-82.1619891,33.3164881,0</coordinates>
      </Point>
    </Placemark>
    <Placemark>
      <name>3596 A Windsor Spring Road, Hephzibah, GA  30815</name>
      <description><![CDATA[<b>Address:</b> 3596 A Windsor Spring Road, Hephzibah, GA  30815, Hephzibah, GA 30815<br/><b>Type:</b> For Sale<br/><b>Status:</b> Active<br/><b>Property Type:</b> Retail<br/><b>Size:</b> 3.25 Acres<br/><b>Agent:</b> Tripp Wilson<br/><b>Listing:</b> <a href="http://www.jordantrotter.com/properties/?propertyId=124628-sale">http://www.jordantrotter.com/properties/?propertyId=124628-sale</a>]]></description>
      <styleUrl>#Jordan_Trotter</styleUrl>
      <Point>
        <coordinates>-82.06441920000002,33.3869754,0</coordinates>
      </Point>
    </Placemark>
    <Placemark>
      <name>3596 A Windsor Spring Road, Hephzibah, GA  30815</name>
      <description><![CDATA[<b>Address:</b> 3596 A Windsor Spring Road, Hephzibah, GA  30815, Hephzibah, GA 30815<br/><b>Type:</b> For Sale<br/><b>Status:</b> Active<br/><b>Property Type:</b> Retail<br/><b>Size:</b> 3.25 Acres<br/><b>Agent:</b> Tripp Wilson<br/><b>Listing:</b> <a href="http://www.jordantrotter.com/properties/124628-sale/">http://www.jordantrotter.com/properties/124628-sale/</a>]]></description>
      <styleUrl>#Jordan_Trotter</styleUrl>
      <Point>
        <coordinates>-82.06441920000002,33.3869754,0</coordinates>
      </Point>
    </Placemark>
    <Placemark>
      <name>3596 A Windsor Spring Road, Hephzibah, GA  30815</name>
      <description><![CDATA[<b>Address:</b> 3596 A Windsor Spring Road, Hephzibah, GA  30815, Hephzibah, GA 30815<br/><b>Type:</b> For Sale<br/><b>Status:</b> Active<br/><b>Property Type:</b> Retail<br/><b>Size:</b> 3.25 Acres<br/><b>Agent:</b> Tripp Wilson<br/><b>Listing:</b> <a href="http://www.jordantrotter.com/properties/3596-a-windsor-spring-road-hephzibah-ga/">http://www.jordantrotter.com/properties/3596-a-windsor-spring-road-hephzibah-ga/</a>]]></description>
      <styleUrl>#Jordan_Trotter</styleUrl>
      <Point>
        <coordinates>-82.06441920000002,33.3869754,0</coordinates>
      </Point>
    </Placemark>
    <Placemark>
      <name>3596 B Windsor Spring Road, Hephzibah, GA  30815</name>
      <description><![CDATA[<b>Address:</b> 3596 B Windsor Spring Road, Hephzibah, GA  30815, Hephzibah, GA 30815<br/><b>Type:</b> For Sale<br/><b>Status:</b> Active<br/><b>Property Type:</b> Other<br/><b>Size:</b> 10 Acres<br/><b>Agent:</b> Tripp Wilson<br/><b>Listing:</b> <a href="http://www.jordantrotter.com/properties/?propertyId=1024654-sale">http://www.jordantrotter.com/properties/?propertyId=1024654-sale</a>]]></description>
      <styleUrl>#Jordan_Trotter</styleUrl>
      <Point>
        <coordinates>-82.06441920000002,33.3869754,0</coordinates>
      </Point>
    </Placemark>
    <Placemark>
      <name>3596 B Windsor Spring Road, Hephzibah, GA  30815</name>
      <description><![CDATA[<b>Address:</b> 3596 B Windsor Spring Road, Hephzibah, GA  30815, Hephzibah, GA 30815<br/><b>Type:</b> For Sale<br/><b>Status:</b> Active<br/><b>Property Type:</b> Other<br/><b>Size:</b> 10 Acres<br/><b>Agent:</b> Tripp Wilson<br/><b>Listing:</b> <a href="http://www.jordantrotter.com/properties/1024654-sale/">http://www.jordantrotter.com/properties/1024654-sale/</a>]]></description>
      <styleUrl>#Jordan_Trotter</styleUrl>
      <Point>
        <coordinates>-82.06441920000002,33.3869754,0</coordinates>
      </Point>
    </Placemark>
    <Placemark>
      <name>3596 B Windsor Spring Road, Hephzibah, GA  30815</name>
      <description><![CDATA[<b>Address:</b> 3596 B Windsor Spring Road, Hephzibah, GA  30815, Hephzibah, GA 30815<br/><b>Type:</b> For Sale<br/><b>Status:</b> Active<br/><b>Property Type:</b> Other<br/><b>Size:</b> 10 Acres<br/><b>Agent:</b> Tripp Wilson<br/><b>Listing:</b> <a href="http://www.jordantrotter.com/properties/3596-B-Windsor-Spring-Road-Hephzibah-GA/">http://www.jordantrotter.com/properties/3596-B-Windsor-Spring-Road-Hephzibah-GA/</a>]]></description>
      <styleUrl>#Jordan_Trotter</styleUrl>
      <Point>
        <coordinates>-82.06441920000002,33.3869754,0</coordinates>
      </Point>
    </Placemark>
    <Placemark>
      <name>3697 Windsor Spring Rd, Hephzibah, GA  30815</name>
      <description><![CDATA[<b>Address:</b> 3697 Windsor Spring Rd, Hephzibah, GA  30815, Hephzibah, GA 30815<br/><b>Type:</b> For Lease<br/><b>Status:</b> Active<br/><b>Property Type:</b> Street Retail<br/><b>Size:</b> 1,400 SF<br/><b>Agent:</b> Charlie Davis<br/><b>Listing:</b> <a href="http://www.jordantrotter.com/properties/?propertyId=1443057-lease">http://www.jordantrotter.com/properties/?propertyId=1443057-lease</a>]]></description>
      <styleUrl>#Jordan_Trotter</styleUrl>
      <Point>
        <coordinates>-82.07314319999999,33.3787989,0</coordinates>
      </Point>
    </Placemark>
    <Placemark>
      <name>3697 Windsor Spring Rd, Hephzibah, GA  30815</name>
      <description><![CDATA[<b>Address:</b> 3697 Windsor Spring Rd, Hephzibah, GA  30815, Hephzibah, GA 30815<br/><b>Type:</b> For Lease<br/><b>Status:</b> Active<br/><b>Property Type:</b> Street Retail<br/><b>Size:</b> 1,400 SF<br/><b>Agent:</b> Charlie Davis<br/><b>Listing:</b> <a href="http://www.jordantrotter.com/properties/1443057-lease/">http://www.jordantrotter.com/properties/1443057-lease/</a>]]></description>
      <styleUrl>#Jordan_Trotter</styleUrl>
      <Point>
        <coordinates>-82.07314319999999,33.3787989,0</coordinates>
      </Point>
    </Placemark>
    <Placemark>
      <name>3697 Windsor Spring Rd, Hephzibah, GA  30815</name>
      <description><![CDATA[<b>Address:</b> 3697 Windsor Spring Rd, Hephzibah, GA  30815, Hephzibah, GA 30815<br/><b>Type:</b> For Lease<br/><b>Status:</b> Active<br/><b>Property Type:</b> Street Retail<br/><b>Size:</b> 1,400 SF<br/><b>Agent:</b> Charlie Davis<br/><b>Listing:</b> <a href="http://www.jordantrotter.com/properties/3697-Windsor-Spring-Road-Hephzibah-GA/">http://www.jordantrotter.com/properties/3697-Windsor-Spring-Road-Hephzibah-GA/</a>]]></description>
      <styleUrl>#Jordan_Trotter</styleUrl>
      <Point>
        <coordinates>-82.07314319999999,33.3787989,0</coordinates>
      </Point>
    </Placemark>
    <Placemark>
      <name>4150 Peach Orchard Rd, Hephzibah, GA  30815</name>
      <description><![CDATA[<b>Address:</b> 4150 Peach Orchard Rd, Hephzibah, GA  30815, Hephzibah, GA 30815<br/><b>Type:</b> For Sale<br/><b>Status:</b> Active<br/><b>Property Type:</b> Residential<br/><b>Size:</b> 55 Acres<br/><b>Agent:</b> Wil Kacos<br/><b>Listing:</b> <a href="http://www.jordantrotter.com/properties/?propertyId=1471296-sale">http://www.jordantrotter.com/properties/?propertyId=1471296-sale</a>]]></description>
      <styleUrl>#Jordan_Trotter</styleUrl>
      <Point>
        <coordinates>-82.0578419,33.325857,0</coordinates>
      </Point>
    </Placemark>
    <Placemark>
      <name>4150 Peach Orchard Rd, Hephzibah, GA  30815</name>
      <description><![CDATA[<b>Address:</b> 4150 Peach Orchard Rd, Hephzibah, GA  30815, Hephzibah, GA 30815<br/><b>Type:</b> For Sale<br/><b>Status:</b> Active<br/><b>Property Type:</b> Residential<br/><b>Size:</b> 55 Acres<br/><b>Agent:</b> Wil Kacos<br/><b>Listing:</b> <a href="http://www.jordantrotter.com/properties/1471296-sale/">http://www.jordantrotter.com/properties/1471296-sale/</a>]]></description>
      <styleUrl>#Jordan_Trotter</styleUrl>
      <Point>
        <coordinates>-82.0578419,33.325857,0</coordinates>
      </Point>
    </Placemark>
    <Placemark>
      <name>4150 Peach Orchard Rd, Hephzibah, GA  30815</name>
      <description><![CDATA[<b>Address:</b> 4150 Peach Orchard Rd, Hephzibah, GA  30815, Hephzibah, GA 30815<br/><b>Type:</b> For Sale<br/><b>Status:</b> Active<br/><b>Property Type:</b> Residential<br/><b>Size:</b> 55 Acres<br/><b>Agent:</b> Wil Kacos<br/><b>Listing:</b> <a href="http://www.jordantrotter.com/properties/4150-peach-orchard-road-hephzibah-ga/">http://www.jordantrotter.com/properties/4150-peach-orchard-road-hephzibah-ga/</a>]]></description>
      <styleUrl>#Jordan_Trotter</styleUrl>
      <Point>
        <coordinates>-82.0578419,33.325857,0</coordinates>
      </Point>
    </Placemark>
    <Placemark>
      <name>00 Highway 121 Trenton SC, Johnston, SC  29832</name>
      <description><![CDATA[<b>Address:</b> 00 Highway 121 Trenton SC, Johnston, SC  29832, Johnston, SC 29832<br/><b>Type:</b> For Sale<br/><b>Status:</b> Active<br/><b>Property Type:</b> Industrial<br/><b>Size:</b> 76 Acres<br/><b>Agent:</b> Wil Kacos<br/><b>Listing:</b> <a href="http://www.jordantrotter.com/properties/?propertyId=1503569-sale">http://www.jordantrotter.com/properties/?propertyId=1503569-sale</a>]]></description>
      <styleUrl>#Jordan_Trotter</styleUrl>
      <Point>
        <coordinates>-81.8019471,33.8325628,0</coordinates>
      </Point>
    </Placemark>
    <Placemark>
      <name>00 Highway 121 Trenton SC, Johnston, SC  29832</name>
      <description><![CDATA[<b>Address:</b> 00 Highway 121 Trenton SC, Johnston, SC  29832, Johnston, SC 29832<br/><b>Type:</b> For Sale<br/><b>Status:</b> Active<br/><b>Property Type:</b> Industrial<br/><b>Size:</b> 76 Acres<br/><b>Agent:</b> Wil Kacos<br/><b>Listing:</b> <a href="http://www.jordantrotter.com/properties/1503569-sale/">http://www.jordantrotter.com/properties/1503569-sale/</a>]]></description>
      <styleUrl>#Jordan_Trotter</styleUrl>
      <Point>
        <coordinates>-81.8019471,33.8325628,0</coordinates>
      </Point>
    </Placemark>
    <Placemark>
      <name>00 Highway 121 Trenton SC, Johnston, SC  29832</name>
      <description><![CDATA[<b>Address:</b> 00 Highway 121 Trenton SC, Johnston, SC  29832, Johnston, SC 29832<br/><b>Type:</b> For Sale<br/><b>Status:</b> Active<br/><b>Property Type:</b> Industrial<br/><b>Size:</b> 76 Acres<br/><b>Agent:</b> Wil Kacos<br/><b>Listing:</b> <a href="http://www.jordantrotter.com/properties/00-highway-121-trenton-sc/">http://www.jordantrotter.com/properties/00-highway-121-trenton-sc/</a>]]></description>
      <styleUrl>#Jordan_Trotter</styleUrl>
      <Point>
        <coordinates>-81.8019471,33.8325628,0</coordinates>
      </Point>
    </Placemark>
    <Placemark>
      <name>653 South Carolina 121, Johnston, SC  29832</name>
      <description><![CDATA[<b>Address:</b> 653 South Carolina 121, Johnston, SC  29832, Johnston, SC 29832<br/><b>Type:</b> For Sale<br/><b>Status:</b> Active<br/><b>Property Type:</b> Warehouse/Distribution<br/><b>Size:</b> 24,000 SF<br/><b>Agent:</b> Wil Kacos<br/><b>Listing:</b> <a href="http://www.jordantrotter.com/properties/?propertyId=1551513-sale">http://www.jordantrotter.com/properties/?propertyId=1551513-sale</a>]]></description>
      <styleUrl>#Jordan_Trotter</styleUrl>
      <Point>
        <coordinates>-81.8267355,33.7960437,0</coordinates>
      </Point>
    </Placemark>
    <Placemark>
      <name>653 South Carolina 121, Johnston, SC  29832</name>
      <description><![CDATA[<b>Address:</b> 653 South Carolina 121, Johnston, SC  29832, Johnston, SC 29832<br/><b>Type:</b> For Lease<br/><b>Status:</b> Active<br/><b>Property Type:</b> Warehouse/Distribution<br/><b>Size:</b> 24,000 SF<br/><b>Agent:</b> Wil Kacos<br/><b>Listing:</b> <a href="http://www.jordantrotter.com/properties/?propertyId=1551513-lease">http://www.jordantrotter.com/properties/?propertyId=1551513-lease</a>]]></description>
      <styleUrl>#Jordan_Trotter</styleUrl>
      <Point>
        <coordinates>-81.8267355,33.7960437,0</coordinates>
      </Point>
    </Placemark>
    <Placemark>
      <name>653 South Carolina 121, Johnston, SC  29832</name>
      <description><![CDATA[<b>Address:</b> 653 South Carolina 121, Johnston, SC  29832, Johnston, SC 29832<br/><b>Type:</b> For Sale<br/><b>Status:</b> Active<br/><b>Property Type:</b> Warehouse/Distribution<br/><b>Size:</b> 24,000 SF<br/><b>Agent:</b> Wil Kacos<br/><b>Listing:</b> <a href="http://www.jordantrotter.com/properties/1551513-sale/">http://www.jordantrotter.com/properties/1551513-sale/</a>]]></description>
      <styleUrl>#Jordan_Trotter</styleUrl>
      <Point>
        <coordinates>-81.8267355,33.7960437,0</coordinates>
      </Point>
    </Placemark>
    <Placemark>
      <name>653 South Carolina 121, Johnston, SC  29832</name>
      <description><![CDATA[<b>Address:</b> 653 South Carolina 121, Johnston, SC  29832, Johnston, SC 29832<br/><b>Type:</b> For Lease<br/><b>Status:</b> Active<br/><b>Property Type:</b> Warehouse/Distribution<br/><b>Size:</b> 24,000 SF<br/><b>Agent:</b> Wil Kacos<br/><b>Listing:</b> <a href="http://www.jordantrotter.com/properties/1551513-lease/">http://www.jordantrotter.com/properties/1551513-lease/</a>]]></description>
      <styleUrl>#Jordan_Trotter</styleUrl>
      <Point>
        <coordinates>-81.8267355,33.7960437,0</coordinates>
      </Point>
    </Placemark>
    <Placemark>
      <name>653 South Carolina 121, Johnston, SC  29832</name>
      <description><![CDATA[<b>Address:</b> 653 South Carolina 121, Johnston, SC  29832, Johnston, SC 29832<br/><b>Type:</b> For Sale<br/><b>Status:</b> Active<br/><b>Property Type:</b> Warehouse/Distribution<br/><b>Size:</b> 24,000 SF<br/><b>Agent:</b> Wil Kacos<br/><b>Listing:</b> <a href="http://www.jordantrotter.com/properties/653-South-Carolina-121/">http://www.jordantrotter.com/properties/653-South-Carolina-121/</a>]]></description>
      <styleUrl>#Jordan_Trotter</styleUrl>
      <Point>
        <coordinates>-81.8267355,33.7960437,0</coordinates>
      </Point>
    </Placemark>
    <Placemark>
      <name>653 South Carolina 121, Johnston, SC  29832</name>
      <description><![CDATA[<b>Address:</b> 653 South Carolina 121, Johnston, SC  29832, Johnston, SC 29832<br/><b>Type:</b> For Lease<br/><b>Status:</b> Active<br/><b>Property Type:</b> Warehouse/Distribution<br/><b>Size:</b> 24,000 SF<br/><b>Agent:</b> Wil Kacos<br/><b>Listing:</b> <a href="http://www.jordantrotter.com/properties/653-south-carolina-121-johnston-lease/">http://www.jordantrotter.com/properties/653-south-carolina-121-johnston-lease/</a>]]></description>
      <styleUrl>#Jordan_Trotter</styleUrl>
      <Point>
        <coordinates>-81.8267355,33.7960437,0</coordinates>
      </Point>
    </Placemark>
    <Placemark>
      <name>0 Washington Road, Martinez, GA  30907</name>
      <description><![CDATA[<b>Address:</b> 0 Washington Road, Martinez, GA  30907, Martinez, GA 30907<br/><b>Type:</b> For Sale<br/><b>Status:</b> Active<br/><b>Property Type:</b> Other<br/><b>Size:</b> 6.52 Acres<br/><b>Agent:</b> Robert McCrary<br/><b>Listing:</b> <a href="http://www.jordantrotter.com/properties/?propertyId=1523153-sale">http://www.jordantrotter.com/properties/?propertyId=1523153-sale</a>]]></description>
      <styleUrl>#Jordan_Trotter</styleUrl>
      <Point>
        <coordinates>-82.0795762,33.5152928,0</coordinates>
      </Point>
    </Placemark>
    <Placemark>
      <name>0 Washington Road, Martinez, GA  30907</name>
      <description><![CDATA[<b>Address:</b> 0 Washington Road, Martinez, GA  30907, Martinez, GA 30907<br/><b>Type:</b> For Sale<br/><b>Status:</b> Active<br/><b>Property Type:</b> Other<br/><b>Size:</b> 6.52 Acres<br/><b>Agent:</b> Robert McCrary<br/><b>Listing:</b> <a href="http://www.jordantrotter.com/properties/1523153-sale/">http://www.jordantrotter.com/properties/1523153-sale/</a>]]></description>
      <styleUrl>#Jordan_Trotter</styleUrl>
      <Point>
        <coordinates>-82.0795762,33.5152928,0</coordinates>
      </Point>
    </Placemark>
    <Placemark>
      <name>0 Washington Road, Martinez, GA  30907</name>
      <description><![CDATA[<b>Address:</b> 0 Washington Road, Martinez, GA  30907, Martinez, GA 30907<br/><b>Type:</b> For Sale<br/><b>Status:</b> Active<br/><b>Property Type:</b> Other<br/><b>Size:</b> 6.52 Acres<br/><b>Agent:</b> Robert McCrary<br/><b>Listing:</b> <a href="http://www.jordantrotter.com/properties/0-Washington-Road-Martinez-GA/">http://www.jordantrotter.com/properties/0-Washington-Road-Martinez-GA/</a>]]></description>
      <styleUrl>#Jordan_Trotter</styleUrl>
      <Point>
        <coordinates>-82.0795762,33.5152928,0</coordinates>
      </Point>
    </Placemark>
    <Placemark>
      <name>1000 West Lake Commons Drive, Martinez, GA  30907</name>
      <description><![CDATA[<b>Address:</b> 1000 West Lake Commons Drive, Martinez, GA  30907, Martinez, GA 30907<br/><b>Type:</b> For Lease<br/><b>Status:</b> Active<br/><b>Property Type:</b> Lifestyle Center<br/><b>Size:</b> 800 - 5,020 SF<br/><b>Agent:</b> Liam Welch<br/><b>Listing:</b> <a href="http://www.jordantrotter.com/properties/?propertyId=1120758-lease">http://www.jordantrotter.com/properties/?propertyId=1120758-lease</a>]]></description>
      <styleUrl>#Jordan_Trotter</styleUrl>
      <Point>
        <coordinates>-82.0815755,33.5416124,0</coordinates>
      </Point>
    </Placemark>
    <Placemark>
      <name>1000 West Lake Commons Drive, Martinez, GA  30907</name>
      <description><![CDATA[<b>Address:</b> 1000 West Lake Commons Drive, Martinez, GA  30907, Martinez, GA 30907<br/><b>Type:</b> For Lease<br/><b>Status:</b> Active<br/><b>Property Type:</b> Lifestyle Center<br/><b>Size:</b> 800 - 5,020 SF<br/><b>Agent:</b> Liam Welch<br/><b>Listing:</b> <a href="http://www.jordantrotter.com/properties/1120758-lease/">http://www.jordantrotter.com/properties/1120758-lease/</a>]]></description>
      <styleUrl>#Jordan_Trotter</styleUrl>
      <Point>
        <coordinates>-82.0815755,33.5416124,0</coordinates>
      </Point>
    </Placemark>
    <Placemark>
      <name>1000 West Lake Commons Drive, Martinez, GA  30907</name>
      <description><![CDATA[<b>Address:</b> 1000 West Lake Commons Drive, Martinez, GA  30907, Martinez, GA 30907<br/><b>Type:</b> For Lease<br/><b>Status:</b> Active<br/><b>Property Type:</b> Lifestyle Center<br/><b>Size:</b> 800 - 5,020 SF<br/><b>Agent:</b> Liam Welch<br/><b>Listing:</b> <a href="http://www.jordantrotter.com/properties/1000-West-Lake-Commons-Drive/">http://www.jordantrotter.com/properties/1000-West-Lake-Commons-Drive/</a>]]></description>
      <styleUrl>#Jordan_Trotter</styleUrl>
      <Point>
        <coordinates>-82.0815755,33.5416124,0</coordinates>
      </Point>
    </Placemark>
    <Placemark>
      <name>103 Maple Dr, Martinez, GA  30907</name>
      <description><![CDATA[<b>Address:</b> 103 Maple Dr, Martinez, GA  30907, Martinez, GA 30907<br/><b>Type:</b> For Lease<br/><b>Status:</b> Active<br/><b>Property Type:</b> Strip Center<br/><b>Size:</b> 1,000 SF<br/><b>Agent:</b> Mason Whatley<br/><b>Listing:</b> <a href="http://www.jordantrotter.com/properties/?propertyId=1593511-lease">http://www.jordantrotter.com/properties/?propertyId=1593511-lease</a>]]></description>
      <styleUrl>#Jordan_Trotter</styleUrl>
      <Point>
        <coordinates>-82.1393733,33.506608,0</coordinates>
      </Point>
    </Placemark>
    <Placemark>
      <name>103 Maple Dr, Martinez, GA  30907</name>
      <description><![CDATA[<b>Address:</b> 103 Maple Dr, Martinez, GA  30907, Martinez, GA 30907<br/><b>Type:</b> For Lease<br/><b>Status:</b> Active<br/><b>Property Type:</b> Strip Center<br/><b>Size:</b> 1,000 SF<br/><b>Agent:</b> Mason Whatley<br/><b>Listing:</b> <a href="http://www.jordantrotter.com/properties/1593511-lease/">http://www.jordantrotter.com/properties/1593511-lease/</a>]]></description>
      <styleUrl>#Jordan_Trotter</styleUrl>
      <Point>
        <coordinates>-82.1393733,33.506608,0</coordinates>
      </Point>
    </Placemark>
    <Placemark>
      <name>103 Maple Dr, Martinez, GA  30907</name>
      <description><![CDATA[<b>Address:</b> 103 Maple Dr, Martinez, GA  30907, Martinez, GA 30907<br/><b>Type:</b> For Lease<br/><b>Status:</b> Active<br/><b>Property Type:</b> Strip Center<br/><b>Size:</b> 1,000 SF<br/><b>Agent:</b> Mason Whatley<br/><b>Listing:</b> <a href="http://www.jordantrotter.com/properties/103-Maple-Drive/">http://www.jordantrotter.com/properties/103-Maple-Drive/</a>]]></description>
      <styleUrl>#Jordan_Trotter</styleUrl>
      <Point>
        <coordinates>-82.1393733,33.506608,0</coordinates>
      </Point>
    </Placemark>
    <Placemark>
      <name>229 Furys Ferry Road , Martinez, GA  30907</name>
      <description><![CDATA[<b>Address:</b> 229 Furys Ferry Road , Martinez, GA  30907, Martinez, GA 30907<br/><b>Type:</b> For Lease<br/><b>Status:</b> Active<br/><b>Property Type:</b> Strip Center<br/><b>Size:</b> 2,700 SF<br/><b>Agent:</b> Charlie Davis<br/><b>Listing:</b> <a href="http://www.jordantrotter.com/properties/?propertyId=1000909-lease">http://www.jordantrotter.com/properties/?propertyId=1000909-lease</a>]]></description>
      <styleUrl>#Jordan_Trotter</styleUrl>
      <Point>
        <coordinates>-82.0682991,33.5234695,0</coordinates>
      </Point>
    </Placemark>
    <Placemark>
      <name>229 Furys Ferry Road , Martinez, GA  30907</name>
      <description><![CDATA[<b>Address:</b> 229 Furys Ferry Road , Martinez, GA  30907, Martinez, GA 30907<br/><b>Type:</b> For Lease<br/><b>Status:</b> Active<br/><b>Property Type:</b> Strip Center<br/><b>Size:</b> 2,700 SF<br/><b>Agent:</b> Charlie Davis<br/><b>Listing:</b> <a href="http://www.jordantrotter.com/properties/1000909-lease/">http://www.jordantrotter.com/properties/1000909-lease/</a>]]></description>
      <styleUrl>#Jordan_Trotter</styleUrl>
      <Point>
        <coordinates>-82.0682991,33.5234695,0</coordinates>
      </Point>
    </Placemark>
    <Placemark>
      <name>229 Furys Ferry Road , Martinez, GA  30907</name>
      <description><![CDATA[<b>Address:</b> 229 Furys Ferry Road , Martinez, GA  30907, Martinez, GA 30907<br/><b>Type:</b> For Lease<br/><b>Status:</b> Active<br/><b>Property Type:</b> Strip Center<br/><b>Size:</b> 1,400 SF<br/><b>Agent:</b> Charlie Davis<br/><b>Listing:</b> <a href="http://www.jordantrotter.com/properties/229-Furys-Ferry-Road-Martinez-GA/">http://www.jordantrotter.com/properties/229-Furys-Ferry-Road-Martinez-GA/</a>]]></description>
      <styleUrl>#Jordan_Trotter</styleUrl>
      <Point>
        <coordinates>-82.0682991,33.5234695,0</coordinates>
      </Point>
    </Placemark>
    <Placemark>
      <name>250 Bobby Jones Expy, Martinez, GA  30907</name>
      <description><![CDATA[<b>Address:</b> 250 Bobby Jones Expy, Martinez, GA  30907, Martinez, GA 30907<br/><b>Type:</b> For Lease<br/><b>Status:</b> Active<br/><b>Property Type:</b> Church<br/><b>Size:</b> 61,002 SF<br/><b>Agent:</b> Wil Kacos<br/><b>Listing:</b> <a href="http://www.jordantrotter.com/properties/?propertyId=1489601-lease">http://www.jordantrotter.com/properties/?propertyId=1489601-lease</a>]]></description>
      <styleUrl>#Jordan_Trotter</styleUrl>
      <Point>
        <coordinates>-82.08798709999999,33.5055977,0</coordinates>
      </Point>
    </Placemark>
    <Placemark>
      <name>250 Bobby Jones Expy, Martinez, GA  30907</name>
      <description><![CDATA[<b>Address:</b> 250 Bobby Jones Expy, Martinez, GA  30907, Martinez, GA 30907<br/><b>Type:</b> For Sale<br/><b>Status:</b> Active<br/><b>Property Type:</b> Church<br/><b>Size:</b> 61,002 SF<br/><b>Agent:</b> Wil Kacos<br/><b>Listing:</b> <a href="http://www.jordantrotter.com/properties/?propertyId=1489601-sale">http://www.jordantrotter.com/properties/?propertyId=1489601-sale</a>]]></description>
      <styleUrl>#Jordan_Trotter</styleUrl>
      <Point>
        <coordinates>-82.08798709999999,33.5055977,0</coordinates>
      </Point>
    </Placemark>
    <Placemark>
      <name>287 Settlement Rd, Martinez, GA  30907</name>
      <description><![CDATA[<b>Address:</b> 287 Settlement Rd, Martinez, GA  30907, Martinez, GA 30907<br/><b>Type:</b> For Lease<br/><b>Status:</b> Active<br/><b>Property Type:</b> Strip Center<br/><b>Size:</b> 1,500 SF<br/><b>Agent:</b> Charlie Davis<br/><b>Listing:</b> <a href="http://www.jordantrotter.com/properties/?propertyId=1301934-lease">http://www.jordantrotter.com/properties/?propertyId=1301934-lease</a>]]></description>
      <styleUrl>#Jordan_Trotter</styleUrl>
      <Point>
        <coordinates>-82.09060099999999,33.502491,0</coordinates>
      </Point>
    </Placemark>
    <Placemark>
      <name>287 Settlement Rd, Martinez, GA  30907</name>
      <description><![CDATA[<b>Address:</b> 287 Settlement Rd, Martinez, GA  30907, Martinez, GA 30907<br/><b>Type:</b> For Lease<br/><b>Status:</b> Active<br/><b>Property Type:</b> Strip Center<br/><b>Size:</b> 1,500 SF<br/><b>Agent:</b> Charlie Davis<br/><b>Listing:</b> <a href="http://www.jordantrotter.com/properties/1301934-lease/">http://www.jordantrotter.com/properties/1301934-lease/</a>]]></description>
      <styleUrl>#Jordan_Trotter</styleUrl>
      <Point>
        <coordinates>-82.09060099999999,33.502491,0</coordinates>
      </Point>
    </Placemark>
    <Placemark>
      <name>287 Settlement Rd, Martinez, GA  30907</name>
      <description><![CDATA[<b>Address:</b> 287 Settlement Rd, Martinez, GA  30907, Martinez, GA 30907<br/><b>Type:</b> For Lease<br/><b>Status:</b> Active<br/><b>Property Type:</b> Strip Center<br/><b>Size:</b> 1,500 SF<br/><b>Agent:</b> Charlie Davis<br/><b>Listing:</b> <a href="http://www.jordantrotter.com/properties/287-settlement-rd-martinez-lease/">http://www.jordantrotter.com/properties/287-settlement-rd-martinez-lease/</a>]]></description>
      <styleUrl>#Jordan_Trotter</styleUrl>
      <Point>
        <coordinates>-82.09060099999999,33.502491,0</coordinates>
      </Point>
    </Placemark>
    <Placemark>
      <name>287 Settlement Rd, Martinez, GA  30907</name>
      <description><![CDATA[<b>Address:</b> 287 Settlement Rd, Martinez, GA  30907, Martinez, GA 30907<br/><b>Type:</b> For Lease<br/><b>Status:</b> Active<br/><b>Property Type:</b> Strip Center<br/><b>Size:</b> 1,500 SF<br/><b>Agent:</b> Charlie Davis<br/><b>Listing:</b> <a href="http://www.jordantrotter.com/properties/Settlement-Road-Flex-Space/">http://www.jordantrotter.com/properties/Settlement-Road-Flex-Space/</a>]]></description>
      <styleUrl>#Jordan_Trotter</styleUrl>
      <Point>
        <coordinates>-82.09060099999999,33.502491,0</coordinates>
      </Point>
    </Placemark>
    <Placemark>
      <name>2910 Professional Parkway, Martinez, GA  30907</name>
      <description><![CDATA[<b>Address:</b> 2910 Professional Parkway, Martinez, GA  30907, Martinez, GA 30907<br/><b>Type:</b> For Lease<br/><b>Status:</b> Active<br/><b>Property Type:</b> Office Building<br/><b>Size:</b> 3,500 SF<br/><b>Agent:</b> Parker Dye<br/><b>Listing:</b> <a href="http://www.jordantrotter.com/properties/?propertyId=1126397-lease">http://www.jordantrotter.com/properties/?propertyId=1126397-lease</a>]]></description>
      <styleUrl>#Jordan_Trotter</styleUrl>
      <Point>
        <coordinates>-82.07973790000001,33.499546,0</coordinates>
      </Point>
    </Placemark>
    <Placemark>
      <name>2910 Professional Parkway, Martinez, GA  30907</name>
      <description><![CDATA[<b>Address:</b> 2910 Professional Parkway, Martinez, GA  30907, Martinez, GA 30907<br/><b>Type:</b> For Lease<br/><b>Status:</b> Active<br/><b>Property Type:</b> Office Building<br/><b>Size:</b> 3,500 SF<br/><b>Agent:</b> Parker Dye<br/><b>Listing:</b> <a href="http://www.jordantrotter.com/properties/1126397-lease/">http://www.jordantrotter.com/properties/1126397-lease/</a>]]></description>
      <styleUrl>#Jordan_Trotter</styleUrl>
      <Point>
        <coordinates>-82.07973790000001,33.499546,0</coordinates>
      </Point>
    </Placemark>
    <Placemark>
      <name>2910 Professional Parkway, Martinez, GA  30907</name>
      <description><![CDATA[<b>Address:</b> 2910 Professional Parkway, Martinez, GA  30907, Martinez, GA 30907<br/><b>Type:</b> For Lease<br/><b>Status:</b> Active<br/><b>Property Type:</b> Office Building<br/><b>Size:</b> 3,500 SF<br/><b>Agent:</b> Parker Dye<br/><b>Listing:</b> <a href="http://www.jordantrotter.com/properties/2910-Professional-Parkway-Martinez-GA/">http://www.jordantrotter.com/properties/2910-Professional-Parkway-Martinez-GA/</a>]]></description>
      <styleUrl>#Jordan_Trotter</styleUrl>
      <Point>
        <coordinates>-82.07973790000001,33.499546,0</coordinates>
      </Point>
    </Placemark>
    <Placemark>
      <name>298 Rose Street, Martinez, GA  30907</name>
      <description><![CDATA[<b>Address:</b> 298 Rose Street, Martinez, GA  30907, Martinez, GA 30907<br/><b>Type:</b> For Lease<br/><b>Status:</b> Active<br/><b>Property Type:</b> Warehouse/Distribution<br/><b>Size:</b> 5,500 SF<br/><b>Agent:</b> Parker Dye<br/><b>Listing:</b> <a href="http://www.jordantrotter.com/properties/?propertyId=280256-lease">http://www.jordantrotter.com/properties/?propertyId=280256-lease</a>]]></description>
      <styleUrl>#Jordan_Trotter</styleUrl>
      <Point>
        <coordinates>-82.0863576,33.5070372,0</coordinates>
      </Point>
    </Placemark>
    <Placemark>
      <name>298 Rose Street, Martinez, GA  30907</name>
      <description><![CDATA[<b>Address:</b> 298 Rose Street, Martinez, GA  30907, Martinez, GA 30907<br/><b>Type:</b> For Lease<br/><b>Status:</b> Active<br/><b>Property Type:</b> Warehouse/Distribution<br/><b>Size:</b> 5,500 SF<br/><b>Agent:</b> Parker Dye<br/><b>Listing:</b> <a href="http://www.jordantrotter.com/properties/280256-lease/">http://www.jordantrotter.com/properties/280256-lease/</a>]]></description>
      <styleUrl>#Jordan_Trotter</styleUrl>
      <Point>
        <coordinates>-82.0863576,33.5070372,0</coordinates>
      </Point>
    </Placemark>
    <Placemark>
      <name>298 Rose Street, Martinez, GA  30907</name>
      <description><![CDATA[<b>Address:</b> 298 Rose Street, Martinez, GA  30907, Martinez, GA 30907<br/><b>Type:</b> For Lease<br/><b>Status:</b> Active<br/><b>Property Type:</b> Warehouse/Distribution<br/><b>Size:</b> 5,500 SF<br/><b>Agent:</b> Parker Dye<br/><b>Listing:</b> <a href="http://www.jordantrotter.com/properties/298-Rose-Street/">http://www.jordantrotter.com/properties/298-Rose-Street/</a>]]></description>
      <styleUrl>#Jordan_Trotter</styleUrl>
      <Point>
        <coordinates>-82.0863576,33.5070372,0</coordinates>
      </Point>
    </Placemark>
    <Placemark>
      <name>316 Furys Ferry Road, Martinez, GA  30907</name>
      <description><![CDATA[<b>Address:</b> 316 Furys Ferry Road, Martinez, GA  30907, Martinez, GA 30907<br/><b>Type:</b> For Sale<br/><b>Status:</b> Active<br/><b>Property Type:</b> Retail<br/><b>Size:</b> 0.5 Acres<br/><b>Agent:</b> Robert McCrary<br/><b>Listing:</b> <a href="http://www.jordantrotter.com/properties/?propertyId=505801-sale">http://www.jordantrotter.com/properties/?propertyId=505801-sale</a>]]></description>
      <styleUrl>#Jordan_Trotter</styleUrl>
      <Point>
        <coordinates>-82.066822,33.522293,0</coordinates>
      </Point>
    </Placemark>
    <Placemark>
      <name>316 Furys Ferry Road, Martinez, GA  30907</name>
      <description><![CDATA[<b>Address:</b> 316 Furys Ferry Road, Martinez, GA  30907, Martinez, GA 30907<br/><b>Type:</b> For Sale<br/><b>Status:</b> Active<br/><b>Property Type:</b> Retail<br/><b>Size:</b> 0.5 Acres<br/><b>Agent:</b> Robert McCrary<br/><b>Listing:</b> <a href="http://www.jordantrotter.com/properties/505801-sale/">http://www.jordantrotter.com/properties/505801-sale/</a>]]></description>
      <styleUrl>#Jordan_Trotter</styleUrl>
      <Point>
        <coordinates>-82.066822,33.522293,0</coordinates>
      </Point>
    </Placemark>
    <Placemark>
      <name>316 Furys Ferry Road, Martinez, GA  30907</name>
      <description><![CDATA[<b>Address:</b> 316 Furys Ferry Road, Martinez, GA  30907, Martinez, GA 30907<br/><b>Type:</b> For Sale<br/><b>Status:</b> Active<br/><b>Property Type:</b> Retail<br/><b>Size:</b> 0.5 Acres<br/><b>Agent:</b> Robert McCrary<br/><b>Listing:</b> <a href="http://www.jordantrotter.com/properties/316-Furys-Ferry-Road-Martinez-GA/">http://www.jordantrotter.com/properties/316-Furys-Ferry-Road-Martinez-GA/</a>]]></description>
      <styleUrl>#Jordan_Trotter</styleUrl>
      <Point>
        <coordinates>-82.066822,33.522293,0</coordinates>
      </Point>
    </Placemark>
    <Placemark>
      <name>339 Marshall Street, Martinez, GA  30907</name>
      <description><![CDATA[<b>Address:</b> 339 Marshall Street, Martinez, GA  30907, Martinez, GA 30907<br/><b>Type:</b> For Sale<br/><b>Status:</b> Active<br/><b>Property Type:</b> Personal Care Home<br/><b>Size:</b> 9,332 SF<br/><b>Agent:</b> Robert McCrary<br/><b>Listing:</b> <a href="http://www.jordantrotter.com/properties/?propertyId=1477758-sale">http://www.jordantrotter.com/properties/?propertyId=1477758-sale</a>]]></description>
      <styleUrl>#Jordan_Trotter</styleUrl>
      <Point>
        <coordinates>-82.1096314,33.5184453,0</coordinates>
      </Point>
    </Placemark>
    <Placemark>
      <name>339 Marshall Street, Martinez, GA  30907</name>
      <description><![CDATA[<b>Address:</b> 339 Marshall Street, Martinez, GA  30907, Martinez, GA 30907<br/><b>Type:</b> For Sale<br/><b>Status:</b> Active<br/><b>Property Type:</b> Personal Care Home<br/><b>Size:</b> 9,332 SF<br/><b>Agent:</b> Robert McCrary<br/><b>Listing:</b> <a href="http://www.jordantrotter.com/properties/1477758-sale/">http://www.jordantrotter.com/properties/1477758-sale/</a>]]></description>
      <styleUrl>#Jordan_Trotter</styleUrl>
      <Point>
        <coordinates>-82.1096314,33.5184453,0</coordinates>
      </Point>
    </Placemark>
    <Placemark>
      <name>339 Marshall Street, Martinez, GA  30907</name>
      <description><![CDATA[<b>Address:</b> 339 Marshall Street, Martinez, GA  30907, Martinez, GA 30907<br/><b>Type:</b> For Sale<br/><b>Status:</b> Active<br/><b>Property Type:</b> Personal Care Home<br/><b>Size:</b> 9,332 SF<br/><b>Agent:</b> Robert McCrary<br/><b>Listing:</b> <a href="http://www.jordantrotter.com/properties/339-marshall-street-martinez-ga/">http://www.jordantrotter.com/properties/339-marshall-street-martinez-ga/</a>]]></description>
      <styleUrl>#Jordan_Trotter</styleUrl>
      <Point>
        <coordinates>-82.1096314,33.5184453,0</coordinates>
      </Point>
    </Placemark>
    <Placemark>
      <name>3716 Executive Center Dr, Martinez, GA  30907</name>
      <description><![CDATA[<b>Address:</b> 3716 Executive Center Dr, Martinez, GA  30907, Martinez, GA 30907<br/><b>Type:</b> For Lease<br/><b>Status:</b> Active<br/><b>Property Type:</b> Office Building<br/><b>Size:</b> 1,902 SF<br/><b>Agent:</b> Parker Dye<br/><b>Listing:</b> <a href="http://www.jordantrotter.com/properties/3716-executive-center-dr-martinez-lease/">http://www.jordantrotter.com/properties/3716-executive-center-dr-martinez-lease/</a>]]></description>
      <styleUrl>#Jordan_Trotter</styleUrl>
      <Point>
        <coordinates>-82.0810372,33.5089305,0</coordinates>
      </Point>
    </Placemark>
    <Placemark>
      <name>3757 Wheeler Road, Martinez, GA  30909</name>
      <description><![CDATA[<b>Address:</b> 3757 Wheeler Road, Martinez, GA  30909, Martinez, GA 30909<br/><b>Type:</b> For Sale<br/><b>Status:</b> Active<br/><b>Property Type:</b> Retail<br/><b>Size:</b> 32.5 Acres<br/><b>Agent:</b> Mason Whatley<br/><b>Listing:</b> <a href="http://www.jordantrotter.com/properties/?propertyId=443751-sale">http://www.jordantrotter.com/properties/?propertyId=443751-sale</a>]]></description>
      <styleUrl>#Jordan_Trotter</styleUrl>
      <Point>
        <coordinates>-82.102829,33.487346,0</coordinates>
      </Point>
    </Placemark>
    <Placemark>
      <name>3757 Wheeler Road, Martinez, GA  30909</name>
      <description><![CDATA[<b>Address:</b> 3757 Wheeler Road, Martinez, GA  30909, Martinez, GA 30909<br/><b>Type:</b> For Sale<br/><b>Status:</b> Active<br/><b>Property Type:</b> Retail<br/><b>Size:</b> 32.5 Acres<br/><b>Agent:</b> Mason Whatley<br/><b>Listing:</b> <a href="http://www.jordantrotter.com/properties/443751-sale/">http://www.jordantrotter.com/properties/443751-sale/</a>]]></description>
      <styleUrl>#Jordan_Trotter</styleUrl>
      <Point>
        <coordinates>-82.102829,33.487346,0</coordinates>
      </Point>
    </Placemark>
    <Placemark>
      <name>3757 Wheeler Road, Martinez, GA  30909</name>
      <description><![CDATA[<b>Address:</b> 3757 Wheeler Road, Martinez, GA  30909, Martinez, GA 30909<br/><b>Type:</b> For Sale<br/><b>Status:</b> Active<br/><b>Property Type:</b> Retail<br/><b>Size:</b> 32.5 Acres<br/><b>Agent:</b> Mason Whatley<br/><b>Listing:</b> <a href="http://www.jordantrotter.com/properties/3757-wheeler-road-martinez-ga/">http://www.jordantrotter.com/properties/3757-wheeler-road-martinez-ga/</a>]]></description>
      <styleUrl>#Jordan_Trotter</styleUrl>
      <Point>
        <coordinates>-82.102829,33.487346,0</coordinates>
      </Point>
    </Placemark>
    <Placemark>
      <name>3851 Evans to Locks Road, Martinez, GA  30907</name>
      <description><![CDATA[<b>Address:</b> 3851 Evans to Locks Road, Martinez, GA  30907, Martinez, GA 30907<br/><b>Type:</b> For Lease<br/><b>Status:</b> Active<br/><b>Property Type:</b> Neighborhood Center<br/><b>Size:</b> 2,400 SF<br/><b>Agent:</b> Charlie Davis<br/><b>Listing:</b> <a href="http://www.jordantrotter.com/properties/?propertyId=1411104-lease">http://www.jordantrotter.com/properties/?propertyId=1411104-lease</a>]]></description>
      <styleUrl>#Jordan_Trotter</styleUrl>
      <Point>
        <coordinates>-82.0883695,33.5516367,0</coordinates>
      </Point>
    </Placemark>
    <Placemark>
      <name>3851 Evans to Locks Road, Martinez, GA  30907</name>
      <description><![CDATA[<b>Address:</b> 3851 Evans to Locks Road, Martinez, GA  30907, Martinez, GA 30907<br/><b>Type:</b> For Lease<br/><b>Status:</b> Active<br/><b>Property Type:</b> Neighborhood Center<br/><b>Size:</b> 2,400 SF<br/><b>Agent:</b> Charlie Davis<br/><b>Listing:</b> <a href="http://www.jordantrotter.com/properties/1411104-lease/">http://www.jordantrotter.com/properties/1411104-lease/</a>]]></description>
      <styleUrl>#Jordan_Trotter</styleUrl>
      <Point>
        <coordinates>-82.0883695,33.5516367,0</coordinates>
      </Point>
    </Placemark>
    <Placemark>
      <name>3851 Evans to Locks Road, Martinez, GA  30907</name>
      <description><![CDATA[<b>Address:</b> 3851 Evans to Locks Road, Martinez, GA  30907, Martinez, GA 30907<br/><b>Type:</b> For Lease<br/><b>Status:</b> Active<br/><b>Property Type:</b> Neighborhood Center<br/><b>Size:</b> 2,400 SF<br/><b>Agent:</b> Charlie Davis<br/><b>Listing:</b> <a href="http://www.jordantrotter.com/properties/3851-evans-to-locks-road-martinez-ga/">http://www.jordantrotter.com/properties/3851-evans-to-locks-road-martinez-ga/</a>]]></description>
      <styleUrl>#Jordan_Trotter</styleUrl>
      <Point>
        <coordinates>-82.0883695,33.5516367,0</coordinates>
      </Point>
    </Placemark>
    <Placemark>
      <name>4070 Washington Road, Martinez, GA  30907</name>
      <description><![CDATA[<b>Address:</b> 4070 Washington Road, Martinez, GA  30907, Martinez, GA 30907<br/><b>Type:</b> For Lease<br/><b>Status:</b> Active<br/><b>Property Type:</b> Strip Center<br/><b>Size:</b> 5,000 SF<br/><b>Agent:</b> Robert McCrary<br/><b>Listing:</b> <a href="http://www.jordantrotter.com/properties/?propertyId=1475757-lease">http://www.jordantrotter.com/properties/?propertyId=1475757-lease</a>]]></description>
      <styleUrl>#Jordan_Trotter</styleUrl>
      <Point>
        <coordinates>-82.1087122,33.5127449,0</coordinates>
      </Point>
    </Placemark>
    <Placemark>
      <name>4070 Washington Road, Martinez, GA  30907</name>
      <description><![CDATA[<b>Address:</b> 4070 Washington Road, Martinez, GA  30907, Martinez, GA 30907<br/><b>Type:</b> For Lease<br/><b>Status:</b> Active<br/><b>Property Type:</b> Strip Center<br/><b>Size:</b> 5,000 SF<br/><b>Agent:</b> Robert McCrary<br/><b>Listing:</b> <a href="http://www.jordantrotter.com/properties/1475757-lease/">http://www.jordantrotter.com/properties/1475757-lease/</a>]]></description>
      <styleUrl>#Jordan_Trotter</styleUrl>
      <Point>
        <coordinates>-82.1087122,33.5127449,0</coordinates>
      </Point>
    </Placemark>
    <Placemark>
      <name>4070 Washington Road, Martinez, GA  30907</name>
      <description><![CDATA[<b>Address:</b> 4070 Washington Road, Martinez, GA  30907, Martinez, GA 30907<br/><b>Type:</b> For Lease<br/><b>Status:</b> Active<br/><b>Property Type:</b> Strip Center<br/><b>Size:</b> 5,000 SF<br/><b>Agent:</b> Robert McCrary<br/><b>Listing:</b> <a href="http://www.jordantrotter.com/properties/4070-washington-road-martinez-lease/">http://www.jordantrotter.com/properties/4070-washington-road-martinez-lease/</a>]]></description>
      <styleUrl>#Jordan_Trotter</styleUrl>
      <Point>
        <coordinates>-82.1087122,33.5127449,0</coordinates>
      </Point>
    </Placemark>
    <Placemark>
      <name>4090 Washington Rd, Martinez, GA  30907</name>
      <description><![CDATA[<b>Address:</b> 4090 Washington Rd, Martinez, GA  30907, Martinez, GA 30907<br/><b>Type:</b> For Sale<br/><b>Status:</b> Active<br/><b>Property Type:</b> Free Standing Building<br/><b>Size:</b> 10,000 SF<br/><b>Agent:</b> Ryan Martin<br/><b>Listing:</b> <a href="http://www.jordantrotter.com/properties/?propertyId=1369393-sale">http://www.jordantrotter.com/properties/?propertyId=1369393-sale</a>]]></description>
      <styleUrl>#Jordan_Trotter</styleUrl>
      <Point>
        <coordinates>-82.1105719,33.5146778,0</coordinates>
      </Point>
    </Placemark>
    <Placemark>
      <name>4090 Washington Rd, Martinez, GA  30907</name>
      <description><![CDATA[<b>Address:</b> 4090 Washington Rd, Martinez, GA  30907, Martinez, GA 30907<br/><b>Type:</b> For Sale<br/><b>Status:</b> Active<br/><b>Property Type:</b> Free Standing Building<br/><b>Size:</b> 10,000 SF<br/><b>Agent:</b> Ryan Martin<br/><b>Listing:</b> <a href="http://www.jordantrotter.com/properties/1369393-sale/">http://www.jordantrotter.com/properties/1369393-sale/</a>]]></description>
      <styleUrl>#Jordan_Trotter</styleUrl>
      <Point>
        <coordinates>-82.1105719,33.5146778,0</coordinates>
      </Point>
    </Placemark>
    <Placemark>
      <name>4090 Washington Rd, Martinez, GA  30907</name>
      <description><![CDATA[<b>Address:</b> 4090 Washington Rd, Martinez, GA  30907, Martinez, GA 30907<br/><b>Type:</b> For Sale<br/><b>Status:</b> Active<br/><b>Property Type:</b> Free Standing Building<br/><b>Size:</b> 10,000 SF<br/><b>Agent:</b> Ryan Martin<br/><b>Listing:</b> <a href="http://www.jordantrotter.com/properties/4090-washington-rd-martinez-sale/">http://www.jordantrotter.com/properties/4090-washington-rd-martinez-sale/</a>]]></description>
      <styleUrl>#Jordan_Trotter</styleUrl>
      <Point>
        <coordinates>-82.1105719,33.5146778,0</coordinates>
      </Point>
    </Placemark>
    <Placemark>
      <name>4115 Columbia Road, Martinez, GA  30907</name>
      <description><![CDATA[<b>Address:</b> 4115 Columbia Road, Martinez, GA  30907, Martinez, GA 30907<br/><b>Type:</b> For Lease<br/><b>Status:</b> Active<br/><b>Property Type:</b> Neighborhood Center<br/><b>Size:</b> 1,400 - 5,600 SF<br/><b>Agent:</b> Liam Welch<br/><b>Listing:</b> <a href="http://www.jordantrotter.com/properties/?propertyId=1100026-lease">http://www.jordantrotter.com/properties/?propertyId=1100026-lease</a>]]></description>
      <styleUrl>#Jordan_Trotter</styleUrl>
      <Point>
        <coordinates>-82.10817349999999,33.5085176,0</coordinates>
      </Point>
    </Placemark>
    <Placemark>
      <name>4115 Columbia Road, Martinez, GA  30907</name>
      <description><![CDATA[<b>Address:</b> 4115 Columbia Road, Martinez, GA  30907, Martinez, GA 30907<br/><b>Type:</b> For Lease<br/><b>Status:</b> Active<br/><b>Property Type:</b> Neighborhood Center<br/><b>Size:</b> 1,400 - 5,600 SF<br/><b>Agent:</b> Liam Welch<br/><b>Listing:</b> <a href="http://www.jordantrotter.com/properties/1100026-lease/">http://www.jordantrotter.com/properties/1100026-lease/</a>]]></description>
      <styleUrl>#Jordan_Trotter</styleUrl>
      <Point>
        <coordinates>-82.10817349999999,33.5085176,0</coordinates>
      </Point>
    </Placemark>
    <Placemark>
      <name>4115 Columbia Road, Martinez, GA  30907</name>
      <description><![CDATA[<b>Address:</b> 4115 Columbia Road, Martinez, GA  30907, Martinez, GA 30907<br/><b>Type:</b> For Lease<br/><b>Status:</b> Active<br/><b>Property Type:</b> Neighborhood Center<br/><b>Size:</b> 1,400 - 5,600 SF<br/><b>Agent:</b> Liam Welch<br/><b>Listing:</b> <a href="http://www.jordantrotter.com/properties/4115-Columbia-Road-Martinez-GA/">http://www.jordantrotter.com/properties/4115-Columbia-Road-Martinez-GA/</a>]]></description>
      <styleUrl>#Jordan_Trotter</styleUrl>
      <Point>
        <coordinates>-82.10817349999999,33.5085176,0</coordinates>
      </Point>
    </Placemark>
    <Placemark>
      <name>446 Furys Ferry Road, Martinez, GA  30907</name>
      <description><![CDATA[<b>Address:</b> 446 Furys Ferry Road, Martinez, GA  30907, Martinez, GA 30907<br/><b>Type:</b> For Sale<br/><b>Status:</b> Active<br/><b>Property Type:</b> Other<br/><b>Size:</b> 1 Acres<br/><b>Agent:</b> Robert McCrary<br/><b>Listing:</b> <a href="http://www.jordantrotter.com/properties/?propertyId=1273924-sale">http://www.jordantrotter.com/properties/?propertyId=1273924-sale</a>]]></description>
      <styleUrl>#Jordan_Trotter</styleUrl>
      <Point>
        <coordinates>-82.076908,33.531902,0</coordinates>
      </Point>
    </Placemark>
    <Placemark>
      <name>446 Furys Ferry Road, Martinez, GA  30907</name>
      <description><![CDATA[<b>Address:</b> 446 Furys Ferry Road, Martinez, GA  30907, Martinez, GA 30907<br/><b>Type:</b> For Sale<br/><b>Status:</b> Active<br/><b>Property Type:</b> Other<br/><b>Size:</b> 1 Acres<br/><b>Agent:</b> Robert McCrary<br/><b>Listing:</b> <a href="http://www.jordantrotter.com/properties/1273924-sale/">http://www.jordantrotter.com/properties/1273924-sale/</a>]]></description>
      <styleUrl>#Jordan_Trotter</styleUrl>
      <Point>
        <coordinates>-82.076908,33.531902,0</coordinates>
      </Point>
    </Placemark>
    <Placemark>
      <name>446 Furys Ferry Road, Martinez, GA  30907</name>
      <description><![CDATA[<b>Address:</b> 446 Furys Ferry Road, Martinez, GA  30907, Martinez, GA 30907<br/><b>Type:</b> For Sale<br/><b>Status:</b> Active<br/><b>Property Type:</b> Other<br/><b>Size:</b> 1 Acres<br/><b>Agent:</b> Robert McCrary<br/><b>Listing:</b> <a href="http://www.jordantrotter.com/properties/446-furys-ferry-road-martinez-ga/">http://www.jordantrotter.com/properties/446-furys-ferry-road-martinez-ga/</a>]]></description>
      <styleUrl>#Jordan_Trotter</styleUrl>
      <Point>
        <coordinates>-82.076908,33.531902,0</coordinates>
      </Point>
    </Placemark>
    <Placemark>
      <name>460 Furys Ferry Rd, Martinez, GA  30907</name>
      <description><![CDATA[<b>Address:</b> 460 Furys Ferry Rd, Martinez, GA  30907, Martinez, GA 30907<br/><b>Type:</b> For Sale<br/><b>Status:</b> Active<br/><b>Property Type:</b> School<br/><b>Size:</b> 9,091 SF<br/><b>Agent:</b> Robert McCrary<br/><b>Listing:</b> <a href="http://www.jordantrotter.com/properties/?propertyId=1634333-sale">http://www.jordantrotter.com/properties/?propertyId=1634333-sale</a>]]></description>
      <styleUrl>#Jordan_Trotter</styleUrl>
      <Point>
        <coordinates>-82.0779847,33.5316436,0</coordinates>
      </Point>
    </Placemark>
    <Placemark>
      <name>460 Furys Ferry Rd, Martinez, GA  30907</name>
      <description><![CDATA[<b>Address:</b> 460 Furys Ferry Rd, Martinez, GA  30907, Martinez, GA 30907<br/><b>Type:</b> For Sale<br/><b>Status:</b> Active<br/><b>Property Type:</b> School<br/><b>Size:</b> 9,091 SF<br/><b>Agent:</b> Robert McCrary<br/><b>Listing:</b> <a href="http://www.jordantrotter.com/properties/1634333-sale/">http://www.jordantrotter.com/properties/1634333-sale/</a>]]></description>
      <styleUrl>#Jordan_Trotter</styleUrl>
      <Point>
        <coordinates>-82.0779847,33.5316436,0</coordinates>
      </Point>
    </Placemark>
    <Placemark>
      <name>460 Furys Ferry Rd, Martinez, GA  30907</name>
      <description><![CDATA[<b>Address:</b> 460 Furys Ferry Rd, Martinez, GA  30907, Martinez, GA 30907<br/><b>Type:</b> For Sale<br/><b>Status:</b> Active<br/><b>Property Type:</b> School<br/><b>Size:</b> 9,091 SF<br/><b>Agent:</b> Robert McCrary<br/><b>Listing:</b> <a href="http://www.jordantrotter.com/properties/460-Furys-Ferry-Rd/">http://www.jordantrotter.com/properties/460-Furys-Ferry-Rd/</a>]]></description>
      <styleUrl>#Jordan_Trotter</styleUrl>
      <Point>
        <coordinates>-82.0779847,33.5316436,0</coordinates>
      </Point>
    </Placemark>
    <Placemark>
      <name>502 Furys Ferry Road, Martinez, GA  30907</name>
      <description><![CDATA[<b>Address:</b> 502 Furys Ferry Road, Martinez, GA  30907, Martinez, GA 30907<br/><b>Type:</b> For Lease<br/><b>Status:</b> Active<br/><b>Property Type:</b> Strip Center<br/><b>Size:</b> 4,800 - 9,600 SF<br/><b>Agent:</b> Robert McCrary<br/><b>Listing:</b> <a href="http://www.jordantrotter.com/properties/?propertyId=254998-lease">http://www.jordantrotter.com/properties/?propertyId=254998-lease</a>]]></description>
      <styleUrl>#Jordan_Trotter</styleUrl>
      <Point>
        <coordinates>-82.0807404,33.537388,0</coordinates>
      </Point>
    </Placemark>
    <Placemark>
      <name>502 Furys Ferry Road, Martinez, GA  30907</name>
      <description><![CDATA[<b>Address:</b> 502 Furys Ferry Road, Martinez, GA  30907, Martinez, GA 30907<br/><b>Type:</b> For Lease<br/><b>Status:</b> Active<br/><b>Property Type:</b> Strip Center<br/><b>Size:</b> 4,800 - 9,600 SF<br/><b>Agent:</b> Robert McCrary<br/><b>Listing:</b> <a href="http://www.jordantrotter.com/properties/254998-lease/">http://www.jordantrotter.com/properties/254998-lease/</a>]]></description>
      <styleUrl>#Jordan_Trotter</styleUrl>
      <Point>
        <coordinates>-82.0807404,33.537388,0</coordinates>
      </Point>
    </Placemark>
    <Placemark>
      <name>502 Furys Ferry Road, Martinez, GA  30907</name>
      <description><![CDATA[<b>Address:</b> 502 Furys Ferry Road, Martinez, GA  30907, Martinez, GA 30907<br/><b>Type:</b> For Lease<br/><b>Status:</b> Active<br/><b>Property Type:</b> Strip Center<br/><b>Size:</b> 4,800 - 9,600 SF<br/><b>Agent:</b> Robert McCrary<br/><b>Listing:</b> <a href="http://www.jordantrotter.com/properties/502-furys-ferry-road-martinez-ga/">http://www.jordantrotter.com/properties/502-furys-ferry-road-martinez-ga/</a>]]></description>
      <styleUrl>#Jordan_Trotter</styleUrl>
      <Point>
        <coordinates>-82.0807404,33.537388,0</coordinates>
      </Point>
    </Placemark>
    <Placemark>
      <name>526 Furys Ferry Road, Martinez, GA  30907</name>
      <description><![CDATA[<b>Address:</b> 526 Furys Ferry Road, Martinez, GA  30907, Martinez, GA 30907<br/><b>Type:</b> For Sale<br/><b>Status:</b> Active<br/><b>Property Type:</b> Office<br/><b>Size:</b> 3.37 Acres<br/><b>Agent:</b> Robert McCrary<br/><b>Listing:</b> <a href="http://www.jordantrotter.com/properties/?propertyId=995668-sale">http://www.jordantrotter.com/properties/?propertyId=995668-sale</a>]]></description>
      <styleUrl>#Jordan_Trotter</styleUrl>
      <Point>
        <coordinates>-82.0830969,33.5411277,0</coordinates>
      </Point>
    </Placemark>
    <Placemark>
      <name>526 Furys Ferry Road, Martinez, GA  30907</name>
      <description><![CDATA[<b>Address:</b> 526 Furys Ferry Road, Martinez, GA  30907, Martinez, GA 30907<br/><b>Type:</b> For Sale<br/><b>Status:</b> Active<br/><b>Property Type:</b> Office<br/><b>Size:</b> 3.37 Acres<br/><b>Agent:</b> Robert McCrary<br/><b>Listing:</b> <a href="http://www.jordantrotter.com/properties/995668-sale/">http://www.jordantrotter.com/properties/995668-sale/</a>]]></description>
      <styleUrl>#Jordan_Trotter</styleUrl>
      <Point>
        <coordinates>-82.0830969,33.5411277,0</coordinates>
      </Point>
    </Placemark>
    <Placemark>
      <name>526 Furys Ferry Road, Martinez, GA  30907</name>
      <description><![CDATA[<b>Address:</b> 526 Furys Ferry Road, Martinez, GA  30907, Martinez, GA 30907<br/><b>Type:</b> For Sale<br/><b>Status:</b> Active<br/><b>Property Type:</b> Office<br/><b>Size:</b> 3.37 Acres<br/><b>Agent:</b> Robert McCrary<br/><b>Listing:</b> <a href="http://www.jordantrotter.com/properties/526-furys-ferry-road-martinez-ga/">http://www.jordantrotter.com/properties/526-furys-ferry-road-martinez-ga/</a>]]></description>
      <styleUrl>#Jordan_Trotter</styleUrl>
      <Point>
        <coordinates>-82.0830969,33.5411277,0</coordinates>
      </Point>
    </Placemark>
    <Placemark>
      <name>Upper Mill Road, McCormick , SC  29835</name>
      <description><![CDATA[<b>Address:</b> Upper Mill Road, McCormick , SC  29835, McCormick , SC 29835<br/><b>Type:</b> For Sale<br/><b>Status:</b> Active<br/><b>Property Type:</b> Other<br/><b>Size:</b> 111.63 Acres<br/><b>Agent:</b> Trey Hargrove<br/><b>Listing:</b> <a href="http://www.jordantrotter.com/properties/?propertyId=1445811-sale">http://www.jordantrotter.com/properties/?propertyId=1445811-sale</a>]]></description>
      <styleUrl>#Jordan_Trotter</styleUrl>
      <Point>
        <coordinates>-82.2062269,33.868622,0</coordinates>
      </Point>
    </Placemark>
    <Placemark>
      <name>Upper Mill Road, McCormick , SC  29835</name>
      <description><![CDATA[<b>Address:</b> Upper Mill Road, McCormick , SC  29835, McCormick , SC 29835<br/><b>Type:</b> For Sale<br/><b>Status:</b> Active<br/><b>Property Type:</b> Other<br/><b>Size:</b> 111.63 Acres<br/><b>Agent:</b> Trey Hargrove<br/><b>Listing:</b> <a href="http://www.jordantrotter.com/properties/1445811-sale/">http://www.jordantrotter.com/properties/1445811-sale/</a>]]></description>
      <styleUrl>#Jordan_Trotter</styleUrl>
      <Point>
        <coordinates>-82.2062269,33.868622,0</coordinates>
      </Point>
    </Placemark>
    <Placemark>
      <name>Upper Mill Road, McCormick , SC  29835</name>
      <description><![CDATA[<b>Address:</b> Upper Mill Road, McCormick , SC  29835, McCormick , SC 29835<br/><b>Type:</b> For Sale<br/><b>Status:</b> Active<br/><b>Property Type:</b> Other<br/><b>Size:</b> 111.63 Acres<br/><b>Agent:</b> Trey Hargrove<br/><b>Listing:</b> <a href="http://www.jordantrotter.com/properties/Upper-Mill-Road-McCormick-SC/">http://www.jordantrotter.com/properties/Upper-Mill-Road-McCormick-SC/</a>]]></description>
      <styleUrl>#Jordan_Trotter</styleUrl>
      <Point>
        <coordinates>-82.2062269,33.868622,0</coordinates>
      </Point>
    </Placemark>
    <Placemark>
      <name>1013 Bills Way, New Ellenton, SC  29809</name>
      <description><![CDATA[<b>Address:</b> 1013 Bills Way, New Ellenton, SC  29809, New Ellenton, SC 29809<br/><b>Type:</b> For Sale<br/><b>Status:</b> Active<br/><b>Property Type:</b> Multifamily<br/><b>Size:</b> 5.82 Acres<br/><b>Agent:</b> Tripp Wilson<br/><b>Listing:</b> <a href="http://www.jordantrotter.com/properties/?propertyId=1635733-sale">http://www.jordantrotter.com/properties/?propertyId=1635733-sale</a>]]></description>
      <styleUrl>#Jordan_Trotter</styleUrl>
      <Point>
        <coordinates>-81.6839698,33.425605,0</coordinates>
      </Point>
    </Placemark>
    <Placemark>
      <name>1013 Bills Way, New Ellenton, SC  29809</name>
      <description><![CDATA[<b>Address:</b> 1013 Bills Way, New Ellenton, SC  29809, New Ellenton, SC 29809<br/><b>Type:</b> For Sale<br/><b>Status:</b> Active<br/><b>Property Type:</b> Multifamily<br/><b>Size:</b> 5.82 Acres<br/><b>Agent:</b> Tripp Wilson<br/><b>Listing:</b> <a href="http://www.jordantrotter.com/properties/1635733-sale/">http://www.jordantrotter.com/properties/1635733-sale/</a>]]></description>
      <styleUrl>#Jordan_Trotter</styleUrl>
      <Point>
        <coordinates>-81.6839698,33.425605,0</coordinates>
      </Point>
    </Placemark>
    <Placemark>
      <name>1013 Bills Way, New Ellenton, SC  29809</name>
      <description><![CDATA[<b>Address:</b> 1013 Bills Way, New Ellenton, SC  29809, New Ellenton, SC 29809<br/><b>Type:</b> For Sale<br/><b>Status:</b> Active<br/><b>Property Type:</b> Multifamily<br/><b>Size:</b> 5.82 Acres<br/><b>Agent:</b> Tripp Wilson<br/><b>Listing:</b> <a href="http://www.jordantrotter.com/properties/1013-Bills-Way/">http://www.jordantrotter.com/properties/1013-Bills-Way/</a>]]></description>
      <styleUrl>#Jordan_Trotter</styleUrl>
      <Point>
        <coordinates>-81.6839698,33.425605,0</coordinates>
      </Point>
    </Placemark>
    <Placemark>
      <name> Expedition Drive, North Augusta, SC  29841</name>
      <description><![CDATA[<b>Address:</b>  Expedition Drive, North Augusta, SC  29841, North Augusta, SC 29841<br/><b>Type:</b> For Sale<br/><b>Status:</b> Active<br/><b>Property Type:</b> Office<br/><b>Size:</b> 2.59 Acres<br/><b>Agent:</b> Wil Kacos<br/><b>Listing:</b> <a href="http://www.jordantrotter.com/properties/?propertyId=1309428-sale">http://www.jordantrotter.com/properties/?propertyId=1309428-sale</a>]]></description>
      <styleUrl>#Jordan_Trotter</styleUrl>
      <Point>
        <coordinates>-81.9535125,33.5468722,0</coordinates>
      </Point>
    </Placemark>
    <Placemark>
      <name> Expedition Drive, North Augusta, SC  29841</name>
      <description><![CDATA[<b>Address:</b>  Expedition Drive, North Augusta, SC  29841, North Augusta, SC 29841<br/><b>Type:</b> For Sale<br/><b>Status:</b> Active<br/><b>Property Type:</b> Office<br/><b>Size:</b> 2.59 Acres<br/><b>Agent:</b> Wil Kacos<br/><b>Listing:</b> <a href="http://www.jordantrotter.com/properties/1309428-sale/">http://www.jordantrotter.com/properties/1309428-sale/</a>]]></description>
      <styleUrl>#Jordan_Trotter</styleUrl>
      <Point>
        <coordinates>-81.9535125,33.5468722,0</coordinates>
      </Point>
    </Placemark>
    <Placemark>
      <name> Expedition Drive, North Augusta, SC  29841</name>
      <description><![CDATA[<b>Address:</b>  Expedition Drive, North Augusta, SC  29841, North Augusta, SC 29841<br/><b>Type:</b> For Sale<br/><b>Status:</b> Active<br/><b>Property Type:</b> Office<br/><b>Size:</b> 2.59 Acres<br/><b>Agent:</b> Wil Kacos<br/><b>Listing:</b> <a href="http://www.jordantrotter.com/properties/expedition-drive-north-augusta-sc/">http://www.jordantrotter.com/properties/expedition-drive-north-augusta-sc/</a>]]></description>
      <styleUrl>#Jordan_Trotter</styleUrl>
      <Point>
        <coordinates>-81.9535125,33.5468722,0</coordinates>
      </Point>
    </Placemark>
    <Placemark>
      <name>0 Edgefield Road, North Augusta, SC  29860</name>
      <description><![CDATA[<b>Address:</b> 0 Edgefield Road, North Augusta, SC  29860, North Augusta, SC 29860<br/><b>Type:</b> For Sale<br/><b>Status:</b> Active<br/><b>Property Type:</b> Retail<br/><b>Size:</b> 2.39 Acres<br/><b>Agent:</b> Wil Kacos<br/><b>Listing:</b> <a href="http://www.jordantrotter.com/properties/?propertyId=1033381-sale">http://www.jordantrotter.com/properties/?propertyId=1033381-sale</a>]]></description>
      <styleUrl>#Jordan_Trotter</styleUrl>
      <Point>
        <coordinates>-81.9265535,33.6102186,0</coordinates>
      </Point>
    </Placemark>
    <Placemark>
      <name>0 Edgefield Road, North Augusta, SC  29860</name>
      <description><![CDATA[<b>Address:</b> 0 Edgefield Road, North Augusta, SC  29860, North Augusta, SC 29860<br/><b>Type:</b> For Sale<br/><b>Status:</b> Active<br/><b>Property Type:</b> Retail<br/><b>Size:</b> 2.39 Acres<br/><b>Agent:</b> Wil Kacos<br/><b>Listing:</b> <a href="http://www.jordantrotter.com/properties/1033381-sale/">http://www.jordantrotter.com/properties/1033381-sale/</a>]]></description>
      <styleUrl>#Jordan_Trotter</styleUrl>
      <Point>
        <coordinates>-81.9265535,33.6102186,0</coordinates>
      </Point>
    </Placemark>
    <Placemark>
      <name>0 Edgefield Road, North Augusta, SC  29860</name>
      <description><![CDATA[<b>Address:</b> 0 Edgefield Road, North Augusta, SC  29860, North Augusta, SC 29860<br/><b>Type:</b> For Sale<br/><b>Status:</b> Active<br/><b>Property Type:</b> Retail<br/><b>Size:</b> 2.39 Acres<br/><b>Agent:</b> Wil Kacos<br/><b>Listing:</b> <a href="http://www.jordantrotter.com/properties/0-edgefield-road-north-augusta-sc/">http://www.jordantrotter.com/properties/0-edgefield-road-north-augusta-sc/</a>]]></description>
      <styleUrl>#Jordan_Trotter</styleUrl>
      <Point>
        <coordinates>-81.9265535,33.6102186,0</coordinates>
      </Point>
    </Placemark>
    <Placemark>
      <name>0 Sweetwater Road, North Augusta, SC  29842</name>
      <description><![CDATA[<b>Address:</b> 0 Sweetwater Road, North Augusta, SC  29842, North Augusta, SC 29842<br/><b>Type:</b> For Sale<br/><b>Status:</b> Active<br/><b>Property Type:</b> Industrial<br/><b>Size:</b> 14.67 Acres<br/><b>Agent:</b> Liam Welch<br/><b>Listing:</b> <a href="http://www.jordantrotter.com/properties/?propertyId=1496789-sale">http://www.jordantrotter.com/properties/?propertyId=1496789-sale</a>]]></description>
      <styleUrl>#Jordan_Trotter</styleUrl>
      <Point>
        <coordinates>-81.9791205,33.6745821,0</coordinates>
      </Point>
    </Placemark>
    <Placemark>
      <name>0 Sweetwater Road, North Augusta, SC  29842</name>
      <description><![CDATA[<b>Address:</b> 0 Sweetwater Road, North Augusta, SC  29842, North Augusta, SC 29842<br/><b>Type:</b> For Sale<br/><b>Status:</b> Active<br/><b>Property Type:</b> Industrial<br/><b>Size:</b> 14.67 Acres<br/><b>Agent:</b> Liam Welch<br/><b>Listing:</b> <a href="http://www.jordantrotter.com/properties/1496789-sale/">http://www.jordantrotter.com/properties/1496789-sale/</a>]]></description>
      <styleUrl>#Jordan_Trotter</styleUrl>
      <Point>
        <coordinates>-81.9791205,33.6745821,0</coordinates>
      </Point>
    </Placemark>
    <Placemark>
      <name>0 Sweetwater Road, North Augusta, SC  29842</name>
      <description><![CDATA[<b>Address:</b> 0 Sweetwater Road, North Augusta, SC  29842, North Augusta, SC 29842<br/><b>Type:</b> For Sale<br/><b>Status:</b> Active<br/><b>Property Type:</b> Industrial<br/><b>Size:</b> 14.67 Acres<br/><b>Agent:</b> Liam Welch<br/><b>Listing:</b> <a href="http://www.jordantrotter.com/properties/0-Sweetwater-Road-North-Augusta-SC/">http://www.jordantrotter.com/properties/0-Sweetwater-Road-North-Augusta-SC/</a>]]></description>
      <styleUrl>#Jordan_Trotter</styleUrl>
      <Point>
        <coordinates>-81.9791205,33.6745821,0</coordinates>
      </Point>
    </Placemark>
    <Placemark>
      <name>00 sweetwater Rd, North Augusta, SC  29824</name>
      <description><![CDATA[<b>Address:</b> 00 sweetwater Rd, North Augusta, SC  29824, North Augusta, SC 29824<br/><b>Type:</b> For Sale<br/><b>Status:</b> Active<br/><b>Property Type:</b> Retail<br/><b>Size:</b> 6.56 Acres<br/><b>Agent:</b> Liam Welch<br/><b>Listing:</b> <a href="http://www.jordantrotter.com/properties/?propertyId=1496815-sale">http://www.jordantrotter.com/properties/?propertyId=1496815-sale</a>]]></description>
      <styleUrl>#Jordan_Trotter</styleUrl>
      <Point>
        <coordinates>-81.9791205,33.6745821,0</coordinates>
      </Point>
    </Placemark>
    <Placemark>
      <name>00 sweetwater Rd, North Augusta, SC  29824</name>
      <description><![CDATA[<b>Address:</b> 00 sweetwater Rd, North Augusta, SC  29824, North Augusta, SC 29824<br/><b>Type:</b> For Sale<br/><b>Status:</b> Active<br/><b>Property Type:</b> Retail<br/><b>Size:</b> 6.56 Acres<br/><b>Agent:</b> Liam Welch<br/><b>Listing:</b> <a href="http://www.jordantrotter.com/properties/1496815-sale/">http://www.jordantrotter.com/properties/1496815-sale/</a>]]></description>
      <styleUrl>#Jordan_Trotter</styleUrl>
      <Point>
        <coordinates>-81.9791205,33.6745821,0</coordinates>
      </Point>
    </Placemark>
    <Placemark>
      <name>00 sweetwater Rd, North Augusta, SC  29824</name>
      <description><![CDATA[<b>Address:</b> 00 sweetwater Rd, North Augusta, SC  29824, North Augusta, SC 29824<br/><b>Type:</b> For Sale<br/><b>Status:</b> Active<br/><b>Property Type:</b> Retail<br/><b>Size:</b> 6.56 Acres<br/><b>Agent:</b> Liam Welch<br/><b>Listing:</b> <a href="http://www.jordantrotter.com/properties/00-Sweetwater-Road-North-Augusta-SC/">http://www.jordantrotter.com/properties/00-Sweetwater-Road-North-Augusta-SC/</a>]]></description>
      <styleUrl>#Jordan_Trotter</styleUrl>
      <Point>
        <coordinates>-81.9791205,33.6745821,0</coordinates>
      </Point>
    </Placemark>
    <Placemark>
      <name>107 Bergen Rd, North Augusta, SC  29841</name>
      <description><![CDATA[<b>Address:</b> 107 Bergen Rd, North Augusta, SC  29841, North Augusta, SC 29841<br/><b>Type:</b> For Sale<br/><b>Status:</b> Active<br/><b>Property Type:</b> Retail<br/><b>Size:</b> 10.73 Acres<br/><b>Agent:</b> Robert McCrary<br/><b>Listing:</b> <a href="http://www.jordantrotter.com/properties/?propertyId=1592739-sale">http://www.jordantrotter.com/properties/?propertyId=1592739-sale</a>]]></description>
      <styleUrl>#Jordan_Trotter</styleUrl>
      <Point>
        <coordinates>-81.99497099999999,33.540806,0</coordinates>
      </Point>
    </Placemark>
    <Placemark>
      <name>107 Bergen Rd, North Augusta, SC  29841</name>
      <description><![CDATA[<b>Address:</b> 107 Bergen Rd, North Augusta, SC  29841, North Augusta, SC 29841<br/><b>Type:</b> For Sale<br/><b>Status:</b> Active<br/><b>Property Type:</b> Retail<br/><b>Size:</b> 10.73 Acres<br/><b>Agent:</b> Robert McCrary<br/><b>Listing:</b> <a href="http://www.jordantrotter.com/properties/1592739-sale/">http://www.jordantrotter.com/properties/1592739-sale/</a>]]></description>
      <styleUrl>#Jordan_Trotter</styleUrl>
      <Point>
        <coordinates>-81.99497099999999,33.540806,0</coordinates>
      </Point>
    </Placemark>
    <Placemark>
      <name>107 Bergen Rd, North Augusta, SC  29841</name>
      <description><![CDATA[<b>Address:</b> 107 Bergen Rd, North Augusta, SC  29841, North Augusta, SC 29841<br/><b>Type:</b> For Sale<br/><b>Status:</b> Active<br/><b>Property Type:</b> Retail<br/><b>Size:</b> 10.73 Acres<br/><b>Agent:</b> Robert McCrary<br/><b>Listing:</b> <a href="http://www.jordantrotter.com/properties/107-Bergen-Road-North-Augusta-SC/">http://www.jordantrotter.com/properties/107-Bergen-Road-North-Augusta-SC/</a>]]></description>
      <styleUrl>#Jordan_Trotter</styleUrl>
      <Point>
        <coordinates>-81.99497099999999,33.540806,0</coordinates>
      </Point>
    </Placemark>
    <Placemark>
      <name>11147 Atomic Road, North Augusta, SC  29841</name>
      <description><![CDATA[<b>Address:</b> 11147 Atomic Road, North Augusta, SC  29841, North Augusta, SC 29841<br/><b>Type:</b> For Lease<br/><b>Status:</b> Active<br/><b>Property Type:</b> Other<br/><b>Size:</b> 1.02 Acres<br/><b>Agent:</b> Robert McCrary<br/><b>Listing:</b> <a href="http://www.jordantrotter.com/properties/?propertyId=1540314-lease">http://www.jordantrotter.com/properties/?propertyId=1540314-lease</a>]]></description>
      <styleUrl>#Jordan_Trotter</styleUrl>
      <Point>
        <coordinates>-81.9245737,33.4923628,0</coordinates>
      </Point>
    </Placemark>
    <Placemark>
      <name>11147 Atomic Road, North Augusta, SC  29841</name>
      <description><![CDATA[<b>Address:</b> 11147 Atomic Road, North Augusta, SC  29841, North Augusta, SC 29841<br/><b>Type:</b> For Lease<br/><b>Status:</b> Active<br/><b>Property Type:</b> Other<br/><b>Size:</b> 1.02 Acres<br/><b>Agent:</b> Robert McCrary<br/><b>Listing:</b> <a href="http://www.jordantrotter.com/properties/1540314-lease/">http://www.jordantrotter.com/properties/1540314-lease/</a>]]></description>
      <styleUrl>#Jordan_Trotter</styleUrl>
      <Point>
        <coordinates>-81.9245737,33.4923628,0</coordinates>
      </Point>
    </Placemark>
    <Placemark>
      <name>11147 Atomic Road, North Augusta, SC  29841</name>
      <description><![CDATA[<b>Address:</b> 11147 Atomic Road, North Augusta, SC  29841, North Augusta, SC 29841<br/><b>Type:</b> For Lease<br/><b>Status:</b> Active<br/><b>Property Type:</b> Other<br/><b>Size:</b> 1.02 Acres<br/><b>Agent:</b> Robert McCrary<br/><b>Listing:</b> <a href="http://www.jordantrotter.com/properties/11147-atomic-road-north-augusta-lease/">http://www.jordantrotter.com/properties/11147-atomic-road-north-augusta-lease/</a>]]></description>
      <styleUrl>#Jordan_Trotter</styleUrl>
      <Point>
        <coordinates>-81.9245737,33.4923628,0</coordinates>
      </Point>
    </Placemark>
    <Placemark>
      <name>1202 Edgefield Rd, North Augusta, SC  29860</name>
      <description><![CDATA[<b>Address:</b> 1202 Edgefield Rd, North Augusta, SC  29860, North Augusta, SC 29860<br/><b>Type:</b> For Sale<br/><b>Status:</b> Active<br/><b>Property Type:</b> Retail-Pad<br/><b>Size:</b> 0.87 Acres<br/><b>Agent:</b> Liam Welch<br/><b>Listing:</b> <a href="http://www.jordantrotter.com/properties/?propertyId=1464563-sale">http://www.jordantrotter.com/properties/?propertyId=1464563-sale</a>]]></description>
      <styleUrl>#Jordan_Trotter</styleUrl>
      <Point>
        <coordinates>-81.9408617,33.5859512,0</coordinates>
      </Point>
    </Placemark>
    <Placemark>
      <name>1202 Edgefield Rd, North Augusta, SC  29860</name>
      <description><![CDATA[<b>Address:</b> 1202 Edgefield Rd, North Augusta, SC  29860, North Augusta, SC 29860<br/><b>Type:</b> For Lease<br/><b>Status:</b> Active<br/><b>Property Type:</b> Retail-Pad<br/><b>Size:</b> 0.87 Acres<br/><b>Agent:</b> Liam Welch<br/><b>Listing:</b> <a href="http://www.jordantrotter.com/properties/?propertyId=1464563-lease">http://www.jordantrotter.com/properties/?propertyId=1464563-lease</a>]]></description>
      <styleUrl>#Jordan_Trotter</styleUrl>
      <Point>
        <coordinates>-81.9408617,33.5859512,0</coordinates>
      </Point>
    </Placemark>
    <Placemark>
      <name>1202 Edgefield Rd, North Augusta, SC  29860</name>
      <description><![CDATA[<b>Address:</b> 1202 Edgefield Rd, North Augusta, SC  29860, North Augusta, SC 29860<br/><b>Type:</b> For Sale<br/><b>Status:</b> Active<br/><b>Property Type:</b> Retail-Pad<br/><b>Size:</b> 0.87 Acres<br/><b>Agent:</b> Liam Welch<br/><b>Listing:</b> <a href="http://www.jordantrotter.com/properties/1464563-sale/">http://www.jordantrotter.com/properties/1464563-sale/</a>]]></description>
      <styleUrl>#Jordan_Trotter</styleUrl>
      <Point>
        <coordinates>-81.9408617,33.5859512,0</coordinates>
      </Point>
    </Placemark>
    <Placemark>
      <name>1202 Edgefield Rd, North Augusta, SC  29860</name>
      <description><![CDATA[<b>Address:</b> 1202 Edgefield Rd, North Augusta, SC  29860, North Augusta, SC 29860<br/><b>Type:</b> For Lease<br/><b>Status:</b> Active<br/><b>Property Type:</b> Retail-Pad<br/><b>Size:</b> 0.87 Acres<br/><b>Agent:</b> Liam Welch<br/><b>Listing:</b> <a href="http://www.jordantrotter.com/properties/1464563-lease/">http://www.jordantrotter.com/properties/1464563-lease/</a>]]></description>
      <styleUrl>#Jordan_Trotter</styleUrl>
      <Point>
        <coordinates>-81.9408617,33.5859512,0</coordinates>
      </Point>
    </Placemark>
    <Placemark>
      <name>1202 Edgefield Rd, North Augusta, SC  29860</name>
      <description><![CDATA[<b>Address:</b> 1202 Edgefield Rd, North Augusta, SC  29860, North Augusta, SC 29860<br/><b>Type:</b> For Sale<br/><b>Status:</b> Active<br/><b>Property Type:</b> Retail-Pad<br/><b>Size:</b> 0.87 Acres<br/><b>Agent:</b> Liam Welch<br/><b>Listing:</b> <a href="http://www.jordantrotter.com/properties/1202-edgefield-road-north-augusta-sc/">http://www.jordantrotter.com/properties/1202-edgefield-road-north-augusta-sc/</a>]]></description>
      <styleUrl>#Jordan_Trotter</styleUrl>
      <Point>
        <coordinates>-81.9408617,33.5859512,0</coordinates>
      </Point>
    </Placemark>
    <Placemark>
      <name>1202 Edgefield Rd, North Augusta, SC  29860</name>
      <description><![CDATA[<b>Address:</b> 1202 Edgefield Rd, North Augusta, SC  29860, North Augusta, SC 29860<br/><b>Type:</b> For Lease<br/><b>Status:</b> Active<br/><b>Property Type:</b> Retail-Pad<br/><b>Size:</b> 0.87 Acres<br/><b>Agent:</b> Liam Welch<br/><b>Listing:</b> <a href="http://www.jordantrotter.com/properties/1202-edgefield-rd-north-augusta-lease/">http://www.jordantrotter.com/properties/1202-edgefield-rd-north-augusta-lease/</a>]]></description>
      <styleUrl>#Jordan_Trotter</styleUrl>
      <Point>
        <coordinates>-81.9408617,33.5859512,0</coordinates>
      </Point>
    </Placemark>
    <Placemark>
      <name>1210 Edgefield Rd, North Augusta, SC  29841</name>
      <description><![CDATA[<b>Address:</b> 1210 Edgefield Rd, North Augusta, SC  29841, North Augusta, SC 29841<br/><b>Type:</b> For Sale<br/><b>Status:</b> Active<br/><b>Property Type:</b> Retail<br/><b>Size:</b> 14.75 Acres<br/><b>Agent:</b> Liam Welch<br/><b>Listing:</b> <a href="http://www.jordantrotter.com/properties/?propertyId=1495214-sale">http://www.jordantrotter.com/properties/?propertyId=1495214-sale</a>]]></description>
      <styleUrl>#Jordan_Trotter</styleUrl>
      <Point>
        <coordinates>-81.94104449999999,33.5868305,0</coordinates>
      </Point>
    </Placemark>
    <Placemark>
      <name>1210 Edgefield Rd, North Augusta, SC  29841</name>
      <description><![CDATA[<b>Address:</b> 1210 Edgefield Rd, North Augusta, SC  29841, North Augusta, SC 29841<br/><b>Type:</b> For Sale<br/><b>Status:</b> Active<br/><b>Property Type:</b> Retail<br/><b>Size:</b> 14.75 Acres<br/><b>Agent:</b> Liam Welch<br/><b>Listing:</b> <a href="http://www.jordantrotter.com/properties/1495214-sale/">http://www.jordantrotter.com/properties/1495214-sale/</a>]]></description>
      <styleUrl>#Jordan_Trotter</styleUrl>
      <Point>
        <coordinates>-81.94104449999999,33.5868305,0</coordinates>
      </Point>
    </Placemark>
    <Placemark>
      <name>1210 Edgefield Rd, North Augusta, SC  29841</name>
      <description><![CDATA[<b>Address:</b> 1210 Edgefield Rd, North Augusta, SC  29841, North Augusta, SC 29841<br/><b>Type:</b> For Sale<br/><b>Status:</b> Active<br/><b>Property Type:</b> Retail<br/><b>Size:</b> 14.75 Acres<br/><b>Agent:</b> Liam Welch<br/><b>Listing:</b> <a href="http://www.jordantrotter.com/properties/1210-edgefield-road-north-augusta-sc/">http://www.jordantrotter.com/properties/1210-edgefield-road-north-augusta-sc/</a>]]></description>
      <styleUrl>#Jordan_Trotter</styleUrl>
      <Point>
        <coordinates>-81.94104449999999,33.5868305,0</coordinates>
      </Point>
    </Placemark>
    <Placemark>
      <name>1339 West Martintown Road, North Augusta, SC  29860</name>
      <description><![CDATA[<b>Address:</b> 1339 West Martintown Road, North Augusta, SC  29860, North Augusta, SC 29860<br/><b>Type:</b> For Sale<br/><b>Status:</b> Active<br/><b>Property Type:</b> Retail<br/><b>Size:</b> 11.69 Acres<br/><b>Agent:</b> Ryan Martin<br/><b>Listing:</b> <a href="http://www.jordantrotter.com/properties/?propertyId=839238-sale">http://www.jordantrotter.com/properties/?propertyId=839238-sale</a>]]></description>
      <styleUrl>#Jordan_Trotter</styleUrl>
      <Point>
        <coordinates>-82.0005312,33.5485088,0</coordinates>
      </Point>
    </Placemark>
    <Placemark>
      <name>1339 West Martintown Road, North Augusta, SC  29860</name>
      <description><![CDATA[<b>Address:</b> 1339 West Martintown Road, North Augusta, SC  29860, North Augusta, SC 29860<br/><b>Type:</b> For Sale<br/><b>Status:</b> Active<br/><b>Property Type:</b> Retail<br/><b>Size:</b> 11.69 Acres<br/><b>Agent:</b> Ryan Martin<br/><b>Listing:</b> <a href="http://www.jordantrotter.com/properties/839238-sale/">http://www.jordantrotter.com/properties/839238-sale/</a>]]></description>
      <styleUrl>#Jordan_Trotter</styleUrl>
      <Point>
        <coordinates>-82.0005312,33.5485088,0</coordinates>
      </Point>
    </Placemark>
    <Placemark>
      <name>1339 West Martintown Road, North Augusta, SC  29860</name>
      <description><![CDATA[<b>Address:</b> 1339 West Martintown Road, North Augusta, SC  29860, North Augusta, SC 29860<br/><b>Type:</b> For Sale<br/><b>Status:</b> Active<br/><b>Property Type:</b> Retail<br/><b>Size:</b> 11.69 Acres<br/><b>Agent:</b> Ryan Martin<br/><b>Listing:</b> <a href="http://www.jordantrotter.com/properties/1339-West-Martintown-Road/">http://www.jordantrotter.com/properties/1339-West-Martintown-Road/</a>]]></description>
      <styleUrl>#Jordan_Trotter</styleUrl>
      <Point>
        <coordinates>-82.0005312,33.5485088,0</coordinates>
      </Point>
    </Placemark>
    <Placemark>
      <name>1589 Edgefield Road, North Augusta, SC  29860</name>
      <description><![CDATA[<b>Address:</b> 1589 Edgefield Road, North Augusta, SC  29860, North Augusta, SC 29860<br/><b>Type:</b> For Sale<br/><b>Status:</b> Active<br/><b>Property Type:</b> Warehouse/Distribution<br/><b>Size:</b> 30,715 SF<br/><b>Agent:</b> Wil Kacos<br/><b>Listing:</b> <a href="http://www.jordantrotter.com/properties/?propertyId=1571646-sale">http://www.jordantrotter.com/properties/?propertyId=1571646-sale</a>]]></description>
      <styleUrl>#Jordan_Trotter</styleUrl>
      <Point>
        <coordinates>-81.9245055,33.6181373,0</coordinates>
      </Point>
    </Placemark>
    <Placemark>
      <name>1589 Edgefield Road, North Augusta, SC  29860</name>
      <description><![CDATA[<b>Address:</b> 1589 Edgefield Road, North Augusta, SC  29860, North Augusta, SC 29860<br/><b>Type:</b> For Sale<br/><b>Status:</b> Active<br/><b>Property Type:</b> Warehouse/Distribution<br/><b>Size:</b> 30,715 SF<br/><b>Agent:</b> Wil Kacos<br/><b>Listing:</b> <a href="http://www.jordantrotter.com/properties/1571646-sale/">http://www.jordantrotter.com/properties/1571646-sale/</a>]]></description>
      <styleUrl>#Jordan_Trotter</styleUrl>
      <Point>
        <coordinates>-81.9245055,33.6181373,0</coordinates>
      </Point>
    </Placemark>
    <Placemark>
      <name>1589 Edgefield Road, North Augusta, SC  29860</name>
      <description><![CDATA[<b>Address:</b> 1589 Edgefield Road, North Augusta, SC  29860, North Augusta, SC 29860<br/><b>Type:</b> For Sale<br/><b>Status:</b> Active<br/><b>Property Type:</b> Warehouse/Distribution<br/><b>Size:</b> 30,715 SF<br/><b>Agent:</b> Wil Kacos<br/><b>Listing:</b> <a href="http://www.jordantrotter.com/properties/1589-edgefield-road-north-augusta-sale/">http://www.jordantrotter.com/properties/1589-edgefield-road-north-augusta-sale/</a>]]></description>
      <styleUrl>#Jordan_Trotter</styleUrl>
      <Point>
        <coordinates>-81.9245055,33.6181373,0</coordinates>
      </Point>
    </Placemark>
    <Placemark>
      <name>1751 Knox Avenue, North Augusta, SC  29841</name>
      <description><![CDATA[<b>Address:</b> 1751 Knox Avenue, North Augusta, SC  29841, North Augusta, SC 29841<br/><b>Type:</b> For Sale<br/><b>Status:</b> Active<br/><b>Property Type:</b> Retail-Pad<br/><b>Size:</b> 0.96 Acres<br/><b>Agent:</b> Holton Brinson<br/><b>Listing:</b> <a href="http://www.jordantrotter.com/properties/?propertyId=166950-sale">http://www.jordantrotter.com/properties/?propertyId=166950-sale</a>]]></description>
      <styleUrl>#Jordan_Trotter</styleUrl>
      <Point>
        <coordinates>-81.95565510000002,33.5160607,0</coordinates>
      </Point>
    </Placemark>
    <Placemark>
      <name>1751 Knox Avenue, North Augusta, SC  29841</name>
      <description><![CDATA[<b>Address:</b> 1751 Knox Avenue, North Augusta, SC  29841, North Augusta, SC 29841<br/><b>Type:</b> For Lease<br/><b>Status:</b> Active<br/><b>Property Type:</b> Retail-Pad<br/><b>Size:</b> 5,000 SF<br/><b>Agent:</b> Holton Brinson<br/><b>Listing:</b> <a href="http://www.jordantrotter.com/properties/?propertyId=166950-lease">http://www.jordantrotter.com/properties/?propertyId=166950-lease</a>]]></description>
      <styleUrl>#Jordan_Trotter</styleUrl>
      <Point>
        <coordinates>-81.95565510000002,33.5160607,0</coordinates>
      </Point>
    </Placemark>
    <Placemark>
      <name>1751 Knox Avenue, North Augusta, SC  29841</name>
      <description><![CDATA[<b>Address:</b> 1751 Knox Avenue, North Augusta, SC  29841, North Augusta, SC 29841<br/><b>Type:</b> For Sale<br/><b>Status:</b> Active<br/><b>Property Type:</b> Retail-Pad<br/><b>Size:</b> 0.96 Acres<br/><b>Agent:</b> Holton Brinson<br/><b>Listing:</b> <a href="http://www.jordantrotter.com/properties/166950-sale/">http://www.jordantrotter.com/properties/166950-sale/</a>]]></description>
      <styleUrl>#Jordan_Trotter</styleUrl>
      <Point>
        <coordinates>-81.95565510000002,33.5160607,0</coordinates>
      </Point>
    </Placemark>
    <Placemark>
      <name>1751 Knox Avenue, North Augusta, SC  29841</name>
      <description><![CDATA[<b>Address:</b> 1751 Knox Avenue, North Augusta, SC  29841, North Augusta, SC 29841<br/><b>Type:</b> For Lease<br/><b>Status:</b> Active<br/><b>Property Type:</b> Retail-Pad<br/><b>Size:</b> 5,000 SF<br/><b>Agent:</b> Holton Brinson<br/><b>Listing:</b> <a href="http://www.jordantrotter.com/properties/166950-lease/">http://www.jordantrotter.com/properties/166950-lease/</a>]]></description>
      <styleUrl>#Jordan_Trotter</styleUrl>
      <Point>
        <coordinates>-81.95565510000002,33.5160607,0</coordinates>
      </Point>
    </Placemark>
    <Placemark>
      <name>1751 Knox Avenue, North Augusta, SC  29841</name>
      <description><![CDATA[<b>Address:</b> 1751 Knox Avenue, North Augusta, SC  29841, North Augusta, SC 29841<br/><b>Type:</b> For Sale<br/><b>Status:</b> Active<br/><b>Property Type:</b> Retail-Pad<br/><b>Size:</b> 0.96 Acres<br/><b>Agent:</b> Holton Brinson<br/><b>Listing:</b> <a href="http://www.jordantrotter.com/properties/1751-knox-avenue-north-augusta-sc/">http://www.jordantrotter.com/properties/1751-knox-avenue-north-augusta-sc/</a>]]></description>
      <styleUrl>#Jordan_Trotter</styleUrl>
      <Point>
        <coordinates>-81.95565510000002,33.5160607,0</coordinates>
      </Point>
    </Placemark>
    <Placemark>
      <name>216 E. Martintown Road, North Augusta, SC  29841</name>
      <description><![CDATA[<b>Address:</b> 216 E. Martintown Road, North Augusta, SC  29841, North Augusta, SC 29841<br/><b>Type:</b> For Sale<br/><b>Status:</b> Active<br/><b>Property Type:</b> Office<br/><b>Size:</b> 0.47 Acres<br/><b>Agent:</b> Ryan Martin<br/><b>Listing:</b> <a href="http://www.jordantrotter.com/properties/?propertyId=835045-sale">http://www.jordantrotter.com/properties/?propertyId=835045-sale</a>]]></description>
      <styleUrl>#Jordan_Trotter</styleUrl>
      <Point>
        <coordinates>-81.9634325,33.4999362,0</coordinates>
      </Point>
    </Placemark>
    <Placemark>
      <name>216 E. Martintown Road, North Augusta, SC  29841</name>
      <description><![CDATA[<b>Address:</b> 216 E. Martintown Road, North Augusta, SC  29841, North Augusta, SC 29841<br/><b>Type:</b> For Sale<br/><b>Status:</b> Active<br/><b>Property Type:</b> Office<br/><b>Size:</b> 0.47 Acres<br/><b>Agent:</b> Ryan Martin<br/><b>Listing:</b> <a href="http://www.jordantrotter.com/properties/835045-sale/">http://www.jordantrotter.com/properties/835045-sale/</a>]]></description>
      <styleUrl>#Jordan_Trotter</styleUrl>
      <Point>
        <coordinates>-81.9634325,33.4999362,0</coordinates>
      </Point>
    </Placemark>
    <Placemark>
      <name>216 E. Martintown Road, North Augusta, SC  29841</name>
      <description><![CDATA[<b>Address:</b> 216 E. Martintown Road, North Augusta, SC  29841, North Augusta, SC 29841<br/><b>Type:</b> For Sale<br/><b>Status:</b> Active<br/><b>Property Type:</b> Office<br/><b>Size:</b> 0.47 Acres<br/><b>Agent:</b> Ryan Martin<br/><b>Listing:</b> <a href="http://www.jordantrotter.com/properties/216-e-martintown-road-north-augusta-sc/">http://www.jordantrotter.com/properties/216-e-martintown-road-north-augusta-sc/</a>]]></description>
      <styleUrl>#Jordan_Trotter</styleUrl>
      <Point>
        <coordinates>-81.9634325,33.4999362,0</coordinates>
      </Point>
    </Placemark>
    <Placemark>
      <name>222 Old Sudlow Lake Road, North Augusta, SC  29841</name>
      <description><![CDATA[<b>Address:</b> 222 Old Sudlow Lake Road, North Augusta, SC  29841, North Augusta, SC 29841<br/><b>Type:</b> For Sale<br/><b>Status:</b> Active<br/><b>Property Type:</b> Other<br/><b>Size:</b> 33.07 Acres<br/><b>Agent:</b> Robert McCrary<br/><b>Listing:</b> <a href="http://www.jordantrotter.com/properties/?propertyId=1523150-sale">http://www.jordantrotter.com/properties/?propertyId=1523150-sale</a>]]></description>
      <styleUrl>#Jordan_Trotter</styleUrl>
      <Point>
        <coordinates>-81.909069,33.5247901,0</coordinates>
      </Point>
    </Placemark>
    <Placemark>
      <name>222 Old Sudlow Lake Road, North Augusta, SC  29841</name>
      <description><![CDATA[<b>Address:</b> 222 Old Sudlow Lake Road, North Augusta, SC  29841, North Augusta, SC 29841<br/><b>Type:</b> For Sale<br/><b>Status:</b> Active<br/><b>Property Type:</b> Other<br/><b>Size:</b> 33.07 Acres<br/><b>Agent:</b> Robert McCrary<br/><b>Listing:</b> <a href="http://www.jordantrotter.com/properties/1523150-sale/">http://www.jordantrotter.com/properties/1523150-sale/</a>]]></description>
      <styleUrl>#Jordan_Trotter</styleUrl>
      <Point>
        <coordinates>-81.909069,33.5247901,0</coordinates>
      </Point>
    </Placemark>
    <Placemark>
      <name>222 Old Sudlow Lake Road, North Augusta, SC  29841</name>
      <description><![CDATA[<b>Address:</b> 222 Old Sudlow Lake Road, North Augusta, SC  29841, North Augusta, SC 29841<br/><b>Type:</b> For Sale<br/><b>Status:</b> Active<br/><b>Property Type:</b> Other<br/><b>Size:</b> 33.07 Acres<br/><b>Agent:</b> Robert McCrary<br/><b>Listing:</b> <a href="http://www.jordantrotter.com/properties/22-old-sudlow-lake-road-north-augusta-sc/">http://www.jordantrotter.com/properties/22-old-sudlow-lake-road-north-augusta-sc/</a>]]></description>
      <styleUrl>#Jordan_Trotter</styleUrl>
      <Point>
        <coordinates>-81.909069,33.5247901,0</coordinates>
      </Point>
    </Placemark>
    <Placemark>
      <name>302 E. Martintown Road, North Augusta, SC  29841</name>
      <description><![CDATA[<b>Address:</b> 302 E. Martintown Road, North Augusta, SC  29841, North Augusta, SC 29841<br/><b>Type:</b> For Sale<br/><b>Status:</b> Active<br/><b>Property Type:</b> Retail<br/><b>Size:</b> 0.65 Acres<br/><b>Agent:</b> Liam Welch<br/><b>Listing:</b> <a href="http://www.jordantrotter.com/properties/?propertyId=1102156-sale">http://www.jordantrotter.com/properties/?propertyId=1102156-sale</a>]]></description>
      <styleUrl>#Jordan_Trotter</styleUrl>
      <Point>
        <coordinates>-81.9628146,33.499396,0</coordinates>
      </Point>
    </Placemark>
    <Placemark>
      <name>302 E. Martintown Road, North Augusta, SC  29841</name>
      <description><![CDATA[<b>Address:</b> 302 E. Martintown Road, North Augusta, SC  29841, North Augusta, SC 29841<br/><b>Type:</b> For Sale<br/><b>Status:</b> Active<br/><b>Property Type:</b> Retail<br/><b>Size:</b> 0.65 Acres<br/><b>Agent:</b> Liam Welch<br/><b>Listing:</b> <a href="http://www.jordantrotter.com/properties/1102156-sale/">http://www.jordantrotter.com/properties/1102156-sale/</a>]]></description>
      <styleUrl>#Jordan_Trotter</styleUrl>
      <Point>
        <coordinates>-81.9628146,33.499396,0</coordinates>
      </Point>
    </Placemark>
    <Placemark>
      <name>302 E. Martintown Road, North Augusta, SC  29841</name>
      <description><![CDATA[<b>Address:</b> 302 E. Martintown Road, North Augusta, SC  29841, North Augusta, SC 29841<br/><b>Type:</b> For Sale<br/><b>Status:</b> Active<br/><b>Property Type:</b> Retail<br/><b>Size:</b> 0.65 Acres<br/><b>Agent:</b> Liam Welch<br/><b>Listing:</b> <a href="http://www.jordantrotter.com/properties/302-e-martintown-road-north-augusta-sale/">http://www.jordantrotter.com/properties/302-e-martintown-road-north-augusta-sale/</a>]]></description>
      <styleUrl>#Jordan_Trotter</styleUrl>
      <Point>
        <coordinates>-81.9628146,33.499396,0</coordinates>
      </Point>
    </Placemark>
    <Placemark>
      <name>404 East Martintown Road, North Augusta, SC  29841</name>
      <description><![CDATA[<b>Address:</b> 404 East Martintown Road, North Augusta, SC  29841, North Augusta, SC 29841<br/><b>Type:</b> For Lease<br/><b>Status:</b> Active<br/><b>Property Type:</b> Neighborhood Center<br/><b>Size:</b> 15,000 - 34,848 SF<br/><b>Agent:</b> Charlie Davis<br/><b>Listing:</b> <a href="http://www.jordantrotter.com/properties/?propertyId=1345391-lease">http://www.jordantrotter.com/properties/?propertyId=1345391-lease</a>]]></description>
      <styleUrl>#Jordan_Trotter</styleUrl>
      <Point>
        <coordinates>-81.9603856,33.4952812,0</coordinates>
      </Point>
    </Placemark>
    <Placemark>
      <name>404 East Martintown Road, North Augusta, SC  29841</name>
      <description><![CDATA[<b>Address:</b> 404 East Martintown Road, North Augusta, SC  29841, North Augusta, SC 29841<br/><b>Type:</b> For Lease<br/><b>Status:</b> Active<br/><b>Property Type:</b> Neighborhood Center<br/><b>Size:</b> 15,000 - 34,848 SF<br/><b>Agent:</b> Charlie Davis<br/><b>Listing:</b> <a href="http://www.jordantrotter.com/properties/1345391-lease/">http://www.jordantrotter.com/properties/1345391-lease/</a>]]></description>
      <styleUrl>#Jordan_Trotter</styleUrl>
      <Point>
        <coordinates>-81.9603856,33.4952812,0</coordinates>
      </Point>
    </Placemark>
    <Placemark>
      <name>404 East Martintown Road, North Augusta, SC  29841</name>
      <description><![CDATA[<b>Address:</b> 404 East Martintown Road, North Augusta, SC  29841, North Augusta, SC 29841<br/><b>Type:</b> For Lease<br/><b>Status:</b> Active<br/><b>Property Type:</b> Neighborhood Center<br/><b>Size:</b> 15,000 - 34,848 SF<br/><b>Agent:</b> Charlie Davis<br/><b>Listing:</b> <a href="http://www.jordantrotter.com/properties/404-East-Martintown-Road/">http://www.jordantrotter.com/properties/404-East-Martintown-Road/</a>]]></description>
      <styleUrl>#Jordan_Trotter</styleUrl>
      <Point>
        <coordinates>-81.9603856,33.4952812,0</coordinates>
      </Point>
    </Placemark>
    <Placemark>
      <name>406 East Martintown Road, North Augusta, SC  29841</name>
      <description><![CDATA[<b>Address:</b> 406 East Martintown Road, North Augusta, SC  29841, North Augusta, SC 29841<br/><b>Type:</b> For Lease<br/><b>Status:</b> Active<br/><b>Property Type:</b> Neighborhood Center<br/><b>Size:</b> 15,000 SF<br/><b>Agent:</b> Charlie Davis<br/><b>Listing:</b> <a href="http://www.jordantrotter.com/properties/?propertyId=1629282-lease">http://www.jordantrotter.com/properties/?propertyId=1629282-lease</a>]]></description>
      <styleUrl>#Jordan_Trotter</styleUrl>
      <Point>
        <coordinates>-81.9603856,33.4951073,0</coordinates>
      </Point>
    </Placemark>
    <Placemark>
      <name>406 East Martintown Road, North Augusta, SC  29841</name>
      <description><![CDATA[<b>Address:</b> 406 East Martintown Road, North Augusta, SC  29841, North Augusta, SC 29841<br/><b>Type:</b> For Lease<br/><b>Status:</b> Active<br/><b>Property Type:</b> Neighborhood Center<br/><b>Size:</b> 15,000 SF<br/><b>Agent:</b> Charlie Davis<br/><b>Listing:</b> <a href="http://www.jordantrotter.com/properties/1629282-lease/">http://www.jordantrotter.com/properties/1629282-lease/</a>]]></description>
      <styleUrl>#Jordan_Trotter</styleUrl>
      <Point>
        <coordinates>-81.9603856,33.4951073,0</coordinates>
      </Point>
    </Placemark>
    <Placemark>
      <name>406 East Martintown Road, North Augusta, SC  29841</name>
      <description><![CDATA[<b>Address:</b> 406 East Martintown Road, North Augusta, SC  29841, North Augusta, SC 29841<br/><b>Type:</b> For Lease<br/><b>Status:</b> Active<br/><b>Property Type:</b> Neighborhood Center<br/><b>Size:</b> 15,000 SF<br/><b>Agent:</b> Charlie Davis<br/><b>Listing:</b> <a href="http://www.jordantrotter.com/properties/406-East-Martintown-Road-North-Augusta-SC/">http://www.jordantrotter.com/properties/406-East-Martintown-Road-North-Augusta-SC/</a>]]></description>
      <styleUrl>#Jordan_Trotter</styleUrl>
      <Point>
        <coordinates>-81.9603856,33.4951073,0</coordinates>
      </Point>
    </Placemark>
    <Placemark>
      <name>523 E Martintown Rd, North Augusta, SC  29841</name>
      <description><![CDATA[<b>Address:</b> 523 E Martintown Rd, North Augusta, SC  29841, North Augusta, SC 29841<br/><b>Type:</b> For Sale<br/><b>Status:</b> Active<br/><b>Property Type:</b> Free Standing Building<br/><b>Size:</b> 4,264 SF<br/><b>Agent:</b> Robert McCrary<br/><b>Listing:</b> <a href="http://www.jordantrotter.com/properties/?propertyId=1307573-sale">http://www.jordantrotter.com/properties/?propertyId=1307573-sale</a>]]></description>
      <styleUrl>#Jordan_Trotter</styleUrl>
      <Point>
        <coordinates>-81.9544382,33.4926578,0</coordinates>
      </Point>
    </Placemark>
    <Placemark>
      <name>523 E Martintown Rd, North Augusta, SC  29841</name>
      <description><![CDATA[<b>Address:</b> 523 E Martintown Rd, North Augusta, SC  29841, North Augusta, SC 29841<br/><b>Type:</b> For Sale<br/><b>Status:</b> Active<br/><b>Property Type:</b> Free Standing Building<br/><b>Size:</b> 4,264 SF<br/><b>Agent:</b> Robert McCrary<br/><b>Listing:</b> <a href="http://www.jordantrotter.com/properties/1307573-sale/">http://www.jordantrotter.com/properties/1307573-sale/</a>]]></description>
      <styleUrl>#Jordan_Trotter</styleUrl>
      <Point>
        <coordinates>-81.9544382,33.4926578,0</coordinates>
      </Point>
    </Placemark>
    <Placemark>
      <name>523 E Martintown Rd, North Augusta, SC  29841</name>
      <description><![CDATA[<b>Address:</b> 523 E Martintown Rd, North Augusta, SC  29841, North Augusta, SC 29841<br/><b>Type:</b> For Sale<br/><b>Status:</b> Active<br/><b>Property Type:</b> Free Standing Building<br/><b>Size:</b> 4,264 SF<br/><b>Agent:</b> Robert McCrary<br/><b>Listing:</b> <a href="http://www.jordantrotter.com/properties/523-E-Martintown-Road-North-Augusta-SC/">http://www.jordantrotter.com/properties/523-E-Martintown-Road-North-Augusta-SC/</a>]]></description>
      <styleUrl>#Jordan_Trotter</styleUrl>
      <Point>
        <coordinates>-81.9544382,33.4926578,0</coordinates>
      </Point>
    </Placemark>
    <Placemark>
      <name>7 Rest Master Lane, North Augusta, SC  29860</name>
      <description><![CDATA[<b>Address:</b> 7 Rest Master Lane, North Augusta, SC  29860, North Augusta, SC 29860<br/><b>Type:</b> For Sale<br/><b>Status:</b> Active<br/><b>Property Type:</b> Retail<br/><b>Size:</b> 22.9 Acres<br/><b>Agent:</b> Liam Welch<br/><b>Listing:</b> <a href="http://www.jordantrotter.com/properties/?propertyId=1496943-sale">http://www.jordantrotter.com/properties/?propertyId=1496943-sale</a>]]></description>
      <styleUrl>#Jordan_Trotter</styleUrl>
      <Point>
        <coordinates>-81.9474846,33.589838,0</coordinates>
      </Point>
    </Placemark>
    <Placemark>
      <name>7 Rest Master Lane, North Augusta, SC  29860</name>
      <description><![CDATA[<b>Address:</b> 7 Rest Master Lane, North Augusta, SC  29860, North Augusta, SC 29860<br/><b>Type:</b> For Sale<br/><b>Status:</b> Active<br/><b>Property Type:</b> Retail<br/><b>Size:</b> 22.9 Acres<br/><b>Agent:</b> Liam Welch<br/><b>Listing:</b> <a href="http://www.jordantrotter.com/properties/1496943-sale/">http://www.jordantrotter.com/properties/1496943-sale/</a>]]></description>
      <styleUrl>#Jordan_Trotter</styleUrl>
      <Point>
        <coordinates>-81.9474846,33.589838,0</coordinates>
      </Point>
    </Placemark>
    <Placemark>
      <name>7 Rest Master Lane, North Augusta, SC  29860</name>
      <description><![CDATA[<b>Address:</b> 7 Rest Master Lane, North Augusta, SC  29860, North Augusta, SC 29860<br/><b>Type:</b> For Sale<br/><b>Status:</b> Active<br/><b>Property Type:</b> Retail<br/><b>Size:</b> 22.9 Acres<br/><b>Agent:</b> Liam Welch<br/><b>Listing:</b> <a href="http://www.jordantrotter.com/properties/7-rest-master-lane-north-augusta-sc/">http://www.jordantrotter.com/properties/7-rest-master-lane-north-augusta-sc/</a>]]></description>
      <styleUrl>#Jordan_Trotter</styleUrl>
      <Point>
        <coordinates>-81.9474846,33.589838,0</coordinates>
      </Point>
    </Placemark>
    <Placemark>
      <name>935 Edgefield Road, North Augusta, SC  29841</name>
      <description><![CDATA[<b>Address:</b> 935 Edgefield Road, North Augusta, SC  29841, North Augusta, SC 29841<br/><b>Type:</b> For Lease<br/><b>Status:</b> Active<br/><b>Property Type:</b> Retail<br/><b>Size:</b> 18.41 Acres<br/><b>Agent:</b> Holton Brinson<br/><b>Listing:</b> <a href="http://www.jordantrotter.com/properties/?propertyId=124471-lease">http://www.jordantrotter.com/properties/?propertyId=124471-lease</a>]]></description>
      <styleUrl>#Jordan_Trotter</styleUrl>
      <Point>
        <coordinates>-81.9341723,33.5609051,0</coordinates>
      </Point>
    </Placemark>
    <Placemark>
      <name>935 Edgefield Road, North Augusta, SC  29841</name>
      <description><![CDATA[<b>Address:</b> 935 Edgefield Road, North Augusta, SC  29841, North Augusta, SC 29841<br/><b>Type:</b> For Lease<br/><b>Status:</b> Active<br/><b>Property Type:</b> Retail<br/><b>Size:</b> 18.41 Acres<br/><b>Agent:</b> Holton Brinson<br/><b>Listing:</b> <a href="http://www.jordantrotter.com/properties/124471-lease/">http://www.jordantrotter.com/properties/124471-lease/</a>]]></description>
      <styleUrl>#Jordan_Trotter</styleUrl>
      <Point>
        <coordinates>-81.9341723,33.5609051,0</coordinates>
      </Point>
    </Placemark>
    <Placemark>
      <name>935 Edgefield Road, North Augusta, SC  29841</name>
      <description><![CDATA[<b>Address:</b> 935 Edgefield Road, North Augusta, SC  29841, North Augusta, SC 29841<br/><b>Type:</b> For Lease<br/><b>Status:</b> Active<br/><b>Property Type:</b> Retail<br/><b>Size:</b> 18.41 Acres<br/><b>Agent:</b> Holton Brinson<br/><b>Listing:</b> <a href="http://www.jordantrotter.com/properties/935-edgefield-road-north-augusta-sc/">http://www.jordantrotter.com/properties/935-edgefield-road-north-augusta-sc/</a>]]></description>
      <styleUrl>#Jordan_Trotter</styleUrl>
      <Point>
        <coordinates>-81.9341723,33.5609051,0</coordinates>
      </Point>
    </Placemark>
    <Placemark>
      <name>Center Street, North Augusta, SC  29841</name>
      <description><![CDATA[<b>Address:</b> Center Street, North Augusta, SC  29841, North Augusta, SC 29841<br/><b>Type:</b> For Lease<br/><b>Status:</b> Active<br/><b>Property Type:</b> Street Retail<br/><b>Size:</b> 860 - 4,000 SF<br/><b>Agent:</b> Holton Brinson<br/><b>Listing:</b> <a href="http://www.jordantrotter.com/properties/?propertyId=1495114-lease">http://www.jordantrotter.com/properties/?propertyId=1495114-lease</a>]]></description>
      <styleUrl>#Jordan_Trotter</styleUrl>
      <Point>
        <coordinates>-81.9754816,33.4847784,0</coordinates>
      </Point>
    </Placemark>
    <Placemark>
      <name>Center Street, North Augusta, SC  29841</name>
      <description><![CDATA[<b>Address:</b> Center Street, North Augusta, SC  29841, North Augusta, SC 29841<br/><b>Type:</b> For Lease<br/><b>Status:</b> Active<br/><b>Property Type:</b> Street Retail<br/><b>Size:</b> 860 - 4,000 SF<br/><b>Agent:</b> Holton Brinson<br/><b>Listing:</b> <a href="http://www.jordantrotter.com/properties/1495114-lease/">http://www.jordantrotter.com/properties/1495114-lease/</a>]]></description>
      <styleUrl>#Jordan_Trotter</styleUrl>
      <Point>
        <coordinates>-81.9754816,33.4847784,0</coordinates>
      </Point>
    </Placemark>
    <Placemark>
      <name>Center Street, North Augusta, SC  29841</name>
      <description><![CDATA[<b>Address:</b> Center Street, North Augusta, SC  29841, North Augusta, SC 29841<br/><b>Type:</b> For Lease<br/><b>Status:</b> Active<br/><b>Property Type:</b> Street Retail<br/><b>Size:</b> 860 - 4,000 SF<br/><b>Agent:</b> Holton Brinson<br/><b>Listing:</b> <a href="http://www.jordantrotter.com/properties/center-street-north-augusta-lease/">http://www.jordantrotter.com/properties/center-street-north-augusta-lease/</a>]]></description>
      <styleUrl>#Jordan_Trotter</styleUrl>
      <Point>
        <coordinates>-81.9754816,33.4847784,0</coordinates>
      </Point>
    </Placemark>
    <Placemark>
      <name>Knox Ave, North Augusta, SC  29841</name>
      <description><![CDATA[<b>Address:</b> Knox Ave, North Augusta, SC  29841, North Augusta, SC 29841<br/><b>Type:</b> For Lease<br/><b>Status:</b> Active<br/><b>Property Type:</b> Retail<br/><b>Size:</b> 2,380 - 3,230 SF<br/><b>Agent:</b> Liam Welch<br/><b>Listing:</b> <a href="http://www.jordantrotter.com/properties/?propertyId=1454661-lease">http://www.jordantrotter.com/properties/?propertyId=1454661-lease</a>]]></description>
      <styleUrl>#Jordan_Trotter</styleUrl>
      <Point>
        <coordinates>-81.9583294,33.5077009,0</coordinates>
      </Point>
    </Placemark>
    <Placemark>
      <name>Knox Ave, North Augusta, SC  29841</name>
      <description><![CDATA[<b>Address:</b> Knox Ave, North Augusta, SC  29841, North Augusta, SC 29841<br/><b>Type:</b> For Lease<br/><b>Status:</b> Active<br/><b>Property Type:</b> Retail<br/><b>Size:</b> 2,380 - 3,230 SF<br/><b>Agent:</b> Liam Welch<br/><b>Listing:</b> <a href="http://www.jordantrotter.com/properties/1454661-lease/">http://www.jordantrotter.com/properties/1454661-lease/</a>]]></description>
      <styleUrl>#Jordan_Trotter</styleUrl>
      <Point>
        <coordinates>-81.9583294,33.5077009,0</coordinates>
      </Point>
    </Placemark>
    <Placemark>
      <name>Knox Ave, North Augusta, SC  29841</name>
      <description><![CDATA[<b>Address:</b> Knox Ave, North Augusta, SC  29841, North Augusta, SC 29841<br/><b>Type:</b> For Lease<br/><b>Status:</b> Active<br/><b>Property Type:</b> Retail<br/><b>Size:</b> 2,380 - 3,230 SF<br/><b>Agent:</b> Liam Welch<br/><b>Listing:</b> <a href="http://www.jordantrotter.com/properties/knox-avenue-north-augusta-sc/">http://www.jordantrotter.com/properties/knox-avenue-north-augusta-sc/</a>]]></description>
      <styleUrl>#Jordan_Trotter</styleUrl>
      <Point>
        <coordinates>-81.9583294,33.5077009,0</coordinates>
      </Point>
    </Placemark>
    <Placemark>
      <name>Knox Avenue, North Augusta, SC  29841</name>
      <description><![CDATA[<b>Address:</b> Knox Avenue, North Augusta, SC  29841, North Augusta, SC 29841<br/><b>Type:</b> For Sale<br/><b>Status:</b> Active<br/><b>Property Type:</b> Retail<br/><b>Size:</b> 3.97 Acres<br/><b>Agent:</b> Liam Welch<br/><b>Listing:</b> <a href="http://www.jordantrotter.com/properties/?propertyId=1117816-sale">http://www.jordantrotter.com/properties/?propertyId=1117816-sale</a>]]></description>
      <styleUrl>#Jordan_Trotter</styleUrl>
      <Point>
        <coordinates>-81.9583294,33.5077009,0</coordinates>
      </Point>
    </Placemark>
    <Placemark>
      <name>Knox Avenue, North Augusta, SC  29841</name>
      <description><![CDATA[<b>Address:</b> Knox Avenue, North Augusta, SC  29841, North Augusta, SC 29841<br/><b>Type:</b> For Sale<br/><b>Status:</b> Active<br/><b>Property Type:</b> Retail<br/><b>Size:</b> 3.97 Acres<br/><b>Agent:</b> Liam Welch<br/><b>Listing:</b> <a href="http://www.jordantrotter.com/properties/1117816-sale/">http://www.jordantrotter.com/properties/1117816-sale/</a>]]></description>
      <styleUrl>#Jordan_Trotter</styleUrl>
      <Point>
        <coordinates>-81.9583294,33.5077009,0</coordinates>
      </Point>
    </Placemark>
    <Placemark>
      <name>Knox Avenue, North Augusta, SC  29841</name>
      <description><![CDATA[<b>Address:</b> Knox Avenue, North Augusta, SC  29841, North Augusta, SC 29841<br/><b>Type:</b> For Sale<br/><b>Status:</b> Active<br/><b>Property Type:</b> Retail<br/><b>Size:</b> 3.97 Acres<br/><b>Agent:</b> Liam Welch<br/><b>Listing:</b> <a href="http://www.jordantrotter.com/properties/Knox-Avenue-North-Augusta-GA/">http://www.jordantrotter.com/properties/Knox-Avenue-North-Augusta-GA/</a>]]></description>
      <styleUrl>#Jordan_Trotter</styleUrl>
      <Point>
        <coordinates>-81.9583294,33.5077009,0</coordinates>
      </Point>
    </Placemark>
    <Placemark>
      <name>West Martintown Road, North Augusta, SC  29841</name>
      <description><![CDATA[<b>Address:</b> West Martintown Road, North Augusta, SC  29841, North Augusta, SC 29841<br/><b>Type:</b> For Sale<br/><b>Status:</b> Active<br/><b>Property Type:</b> Retail<br/><b>Size:</b> 1.33 Acres<br/><b>Agent:</b> Liam Welch<br/><b>Listing:</b> <a href="http://www.jordantrotter.com/properties/?propertyId=1618811-sale">http://www.jordantrotter.com/properties/?propertyId=1618811-sale</a>]]></description>
      <styleUrl>#Jordan_Trotter</styleUrl>
      <Point>
        <coordinates>-81.9794324,33.5227715,0</coordinates>
      </Point>
    </Placemark>
    <Placemark>
      <name>West Martintown Road, North Augusta, SC  29841</name>
      <description><![CDATA[<b>Address:</b> West Martintown Road, North Augusta, SC  29841, North Augusta, SC 29841<br/><b>Type:</b> For Sale<br/><b>Status:</b> Active<br/><b>Property Type:</b> Retail<br/><b>Size:</b> 1.33 Acres<br/><b>Agent:</b> Liam Welch<br/><b>Listing:</b> <a href="http://www.jordantrotter.com/properties/1618811-sale/">http://www.jordantrotter.com/properties/1618811-sale/</a>]]></description>
      <styleUrl>#Jordan_Trotter</styleUrl>
      <Point>
        <coordinates>-81.9794324,33.5227715,0</coordinates>
      </Point>
    </Placemark>
    <Placemark>
      <name>West Martintown Road, North Augusta, SC  29841</name>
      <description><![CDATA[<b>Address:</b> West Martintown Road, North Augusta, SC  29841, North Augusta, SC 29841<br/><b>Type:</b> For Sale<br/><b>Status:</b> Active<br/><b>Property Type:</b> Retail<br/><b>Size:</b> 1.33 Acres<br/><b>Agent:</b> Liam Welch<br/><b>Listing:</b> <a href="http://www.jordantrotter.com/properties/West-Martintown-Road-North-Augusta-SC/">http://www.jordantrotter.com/properties/West-Martintown-Road-North-Augusta-SC/</a>]]></description>
      <styleUrl>#Jordan_Trotter</styleUrl>
      <Point>
        <coordinates>-81.9794324,33.5227715,0</coordinates>
      </Point>
    </Placemark>
    <Placemark>
      <name>Saddle Club Rd, Plum Branch, SC  29845</name>
      <description><![CDATA[<b>Address:</b> Saddle Club Rd, Plum Branch, SC  29845, Plum Branch, SC 29845<br/><b>Type:</b> For Sale<br/><b>Status:</b> Active<br/><b>Property Type:</b> Other<br/><b>Size:</b> 35.06 Acres<br/><b>Agent:</b> Trey Hargrove<br/><b>Listing:</b> <a href="http://www.jordantrotter.com/properties/?propertyId=1242237-sale">http://www.jordantrotter.com/properties/?propertyId=1242237-sale</a>]]></description>
      <styleUrl>#Jordan_Trotter</styleUrl>
      <Point>
        <coordinates>-82.2873287,33.8363707,0</coordinates>
      </Point>
    </Placemark>
    <Placemark>
      <name>Saddle Club Rd, Plum Branch, SC  29845</name>
      <description><![CDATA[<b>Address:</b> Saddle Club Rd, Plum Branch, SC  29845, Plum Branch, SC 29845<br/><b>Type:</b> For Sale<br/><b>Status:</b> Active<br/><b>Property Type:</b> Other<br/><b>Size:</b> 35.06 Acres<br/><b>Agent:</b> Trey Hargrove<br/><b>Listing:</b> <a href="http://www.jordantrotter.com/properties/1242237-sale/">http://www.jordantrotter.com/properties/1242237-sale/</a>]]></description>
      <styleUrl>#Jordan_Trotter</styleUrl>
      <Point>
        <coordinates>-82.2873287,33.8363707,0</coordinates>
      </Point>
    </Placemark>
    <Placemark>
      <name>Saddle Club Rd, Plum Branch, SC  29845</name>
      <description><![CDATA[<b>Address:</b> Saddle Club Rd, Plum Branch, SC  29845, Plum Branch, SC 29845<br/><b>Type:</b> For Sale<br/><b>Status:</b> Active<br/><b>Property Type:</b> Other<br/><b>Size:</b> 35.06 Acres<br/><b>Agent:</b> Trey Hargrove<br/><b>Listing:</b> <a href="http://www.jordantrotter.com/properties/saddle-club-road-plum-branch-sc/">http://www.jordantrotter.com/properties/saddle-club-road-plum-branch-sc/</a>]]></description>
      <styleUrl>#Jordan_Trotter</styleUrl>
      <Point>
        <coordinates>-82.2873287,33.8363707,0</coordinates>
      </Point>
    </Placemark>
    <Placemark>
      <name>1848 Northside Dr East, Statesboro, GA  30458</name>
      <description><![CDATA[<b>Address:</b> 1848 Northside Dr East, Statesboro, GA  30458, Statesboro, GA 30458<br/><b>Type:</b> For Lease<br/><b>Status:</b> Active<br/><b>Property Type:</b> Neighborhood Center<br/><b>Size:</b> 15,124 SF<br/><b>Agent:</b> Liam Welch<br/><b>Listing:</b> <a href="http://www.jordantrotter.com/properties/?propertyId=1249018-lease">http://www.jordantrotter.com/properties/?propertyId=1249018-lease</a>]]></description>
      <styleUrl>#Jordan_Trotter</styleUrl>
      <Point>
        <coordinates>-81.7755059,32.455546,0</coordinates>
      </Point>
    </Placemark>
    <Placemark>
      <name>1848 Northside Dr East, Statesboro, GA  30458</name>
      <description><![CDATA[<b>Address:</b> 1848 Northside Dr East, Statesboro, GA  30458, Statesboro, GA 30458<br/><b>Type:</b> For Lease<br/><b>Status:</b> Active<br/><b>Property Type:</b> Neighborhood Center<br/><b>Size:</b> 15,124 SF<br/><b>Agent:</b> Liam Welch<br/><b>Listing:</b> <a href="http://www.jordantrotter.com/properties/1249018-lease/">http://www.jordantrotter.com/properties/1249018-lease/</a>]]></description>
      <styleUrl>#Jordan_Trotter</styleUrl>
      <Point>
        <coordinates>-81.7755059,32.455546,0</coordinates>
      </Point>
    </Placemark>
    <Placemark>
      <name>1848 Northside Dr East, Statesboro, GA  30458</name>
      <description><![CDATA[<b>Address:</b> 1848 Northside Dr East, Statesboro, GA  30458, Statesboro, GA 30458<br/><b>Type:</b> For Lease<br/><b>Status:</b> Active<br/><b>Property Type:</b> Neighborhood Center<br/><b>Size:</b> 15,124 SF<br/><b>Agent:</b> Liam Welch<br/><b>Listing:</b> <a href="http://www.jordantrotter.com/properties/1848-Northside-Drive-East-Statesboro-GA/">http://www.jordantrotter.com/properties/1848-Northside-Drive-East-Statesboro-GA/</a>]]></description>
      <styleUrl>#Jordan_Trotter</styleUrl>
      <Point>
        <coordinates>-81.7755059,32.455546,0</coordinates>
      </Point>
    </Placemark>
    <Placemark>
      <name>0 Dallas Drive, Thomson, GA  30824</name>
      <description><![CDATA[<b>Address:</b> 0 Dallas Drive, Thomson, GA  30824, Thomson, GA 30824<br/><b>Type:</b> For Sale<br/><b>Status:</b> Active<br/><b>Property Type:</b> Other<br/><b>Size:</b> 102.5 Acres<br/><b>Agent:</b> Wil Kacos<br/><b>Listing:</b> <a href="http://www.jordantrotter.com/properties/?propertyId=1595854-sale">http://www.jordantrotter.com/properties/?propertyId=1595854-sale</a>]]></description>
      <styleUrl>#Jordan_Trotter</styleUrl>
      <Point>
        <coordinates>-82.5007612,33.4917268,0</coordinates>
      </Point>
    </Placemark>
    <Placemark>
      <name>0 Dallas Drive, Thomson, GA  30824</name>
      <description><![CDATA[<b>Address:</b> 0 Dallas Drive, Thomson, GA  30824, Thomson, GA 30824<br/><b>Type:</b> For Sale<br/><b>Status:</b> Active<br/><b>Property Type:</b> Other<br/><b>Size:</b> 102.5 Acres<br/><b>Agent:</b> Wil Kacos<br/><b>Listing:</b> <a href="http://www.jordantrotter.com/properties/1595854-sale/">http://www.jordantrotter.com/properties/1595854-sale/</a>]]></description>
      <styleUrl>#Jordan_Trotter</styleUrl>
      <Point>
        <coordinates>-82.5007612,33.4917268,0</coordinates>
      </Point>
    </Placemark>
    <Placemark>
      <name>0 Dallas Drive, Thomson, GA  30824</name>
      <description><![CDATA[<b>Address:</b> 0 Dallas Drive, Thomson, GA  30824, Thomson, GA 30824<br/><b>Type:</b> For Sale<br/><b>Status:</b> Active<br/><b>Property Type:</b> Other<br/><b>Size:</b> 102.5 Acres<br/><b>Agent:</b> Wil Kacos<br/><b>Listing:</b> <a href="http://www.jordantrotter.com/properties/0-Dallas-Drive-Thomson-GA/">http://www.jordantrotter.com/properties/0-Dallas-Drive-Thomson-GA/</a>]]></description>
      <styleUrl>#Jordan_Trotter</styleUrl>
      <Point>
        <coordinates>-82.5007612,33.4917268,0</coordinates>
      </Point>
    </Placemark>
    <Placemark>
      <name>1059 Superior Way, Thomson, GA  30824</name>
      <description><![CDATA[<b>Address:</b> 1059 Superior Way, Thomson, GA  30824, Thomson, GA 30824<br/><b>Type:</b> For Lease<br/><b>Status:</b> Active<br/><b>Property Type:</b> Warehouse/Distribution<br/><b>Size:</b> 20,000 SF<br/><b>Agent:</b> Ryan Martin<br/><b>Listing:</b> <a href="http://www.jordantrotter.com/properties/?propertyId=914555-lease">http://www.jordantrotter.com/properties/?propertyId=914555-lease</a>]]></description>
      <styleUrl>#Jordan_Trotter</styleUrl>
      <Point>
        <coordinates>-82.5181609,33.4477516,0</coordinates>
      </Point>
    </Placemark>
    <Placemark>
      <name>1059 Superior Way, Thomson, GA  30824</name>
      <description><![CDATA[<b>Address:</b> 1059 Superior Way, Thomson, GA  30824, Thomson, GA 30824<br/><b>Type:</b> For Lease<br/><b>Status:</b> Active<br/><b>Property Type:</b> Warehouse/Distribution<br/><b>Size:</b> 20,000 SF<br/><b>Agent:</b> Ryan Martin<br/><b>Listing:</b> <a href="http://www.jordantrotter.com/properties/914555-lease/">http://www.jordantrotter.com/properties/914555-lease/</a>]]></description>
      <styleUrl>#Jordan_Trotter</styleUrl>
      <Point>
        <coordinates>-82.5181609,33.4477516,0</coordinates>
      </Point>
    </Placemark>
    <Placemark>
      <name>1059 Superior Way, Thomson, GA  30824</name>
      <description><![CDATA[<b>Address:</b> 1059 Superior Way, Thomson, GA  30824, Thomson, GA 30824<br/><b>Type:</b> For Lease<br/><b>Status:</b> Active<br/><b>Property Type:</b> Warehouse/Distribution<br/><b>Size:</b> 20,000 SF<br/><b>Agent:</b> Ryan Martin<br/><b>Listing:</b> <a href="http://www.jordantrotter.com/properties/1059-superior-way-thomson-lease/">http://www.jordantrotter.com/properties/1059-superior-way-thomson-lease/</a>]]></description>
      <styleUrl>#Jordan_Trotter</styleUrl>
      <Point>
        <coordinates>-82.5181609,33.4477516,0</coordinates>
      </Point>
    </Placemark>
    <Placemark>
      <name>1350 Washington Road, Thomson, GA  30824</name>
      <description><![CDATA[<b>Address:</b> 1350 Washington Road, Thomson, GA  30824, Thomson, GA 30824<br/><b>Type:</b> For Lease<br/><b>Status:</b> Active<br/><b>Property Type:</b> Office Building<br/><b>Size:</b> 4,000 - 6,000 SF<br/><b>Agent:</b> Robert McCrary<br/><b>Listing:</b> <a href="http://www.jordantrotter.com/properties/?propertyId=1417279-lease">http://www.jordantrotter.com/properties/?propertyId=1417279-lease</a>]]></description>
      <styleUrl>#Jordan_Trotter</styleUrl>
      <Point>
        <coordinates>-82.50323449999999,33.4930372,0</coordinates>
      </Point>
    </Placemark>
    <Placemark>
      <name>1350 Washington Road, Thomson, GA  30824</name>
      <description><![CDATA[<b>Address:</b> 1350 Washington Road, Thomson, GA  30824, Thomson, GA 30824<br/><b>Type:</b> For Lease<br/><b>Status:</b> Active<br/><b>Property Type:</b> Office Building<br/><b>Size:</b> 4,000 - 6,000 SF<br/><b>Agent:</b> Robert McCrary<br/><b>Listing:</b> <a href="http://www.jordantrotter.com/properties/1417279-lease/">http://www.jordantrotter.com/properties/1417279-lease/</a>]]></description>
      <styleUrl>#Jordan_Trotter</styleUrl>
      <Point>
        <coordinates>-82.50323449999999,33.4930372,0</coordinates>
      </Point>
    </Placemark>
    <Placemark>
      <name>1350 Washington Road, Thomson, GA  30824</name>
      <description><![CDATA[<b>Address:</b> 1350 Washington Road, Thomson, GA  30824, Thomson, GA 30824<br/><b>Type:</b> For Lease<br/><b>Status:</b> Active<br/><b>Property Type:</b> Office Building<br/><b>Size:</b> 4,000 - 6,000 SF<br/><b>Agent:</b> Robert McCrary<br/><b>Listing:</b> <a href="http://www.jordantrotter.com/properties/1350-washington-road-thomson-ga/">http://www.jordantrotter.com/properties/1350-washington-road-thomson-ga/</a>]]></description>
      <styleUrl>#Jordan_Trotter</styleUrl>
      <Point>
        <coordinates>-82.50323449999999,33.4930372,0</coordinates>
      </Point>
    </Placemark>
    <Placemark>
      <name>1729 Washington Rd, Thomson, GA  30824</name>
      <description><![CDATA[<b>Address:</b> 1729 Washington Rd, Thomson, GA  30824, Thomson, GA 30824<br/><b>Type:</b> For Lease<br/><b>Status:</b> Active<br/><b>Property Type:</b> Street Retail<br/><b>Size:</b> 3,402 SF<br/><b>Agent:</b> Charlie Davis<br/><b>Listing:</b> <a href="http://www.jordantrotter.com/properties/?propertyId=1606494-lease">http://www.jordantrotter.com/properties/?propertyId=1606494-lease</a>]]></description>
      <styleUrl>#Jordan_Trotter</styleUrl>
      <Point>
        <coordinates>-82.5036276,33.5033895,0</coordinates>
      </Point>
    </Placemark>
    <Placemark>
      <name>1729 Washington Rd, Thomson, GA  30824</name>
      <description><![CDATA[<b>Address:</b> 1729 Washington Rd, Thomson, GA  30824, Thomson, GA 30824<br/><b>Type:</b> For Lease<br/><b>Status:</b> Active<br/><b>Property Type:</b> Street Retail<br/><b>Size:</b> 3,402 SF<br/><b>Agent:</b> Charlie Davis<br/><b>Listing:</b> <a href="http://www.jordantrotter.com/properties/1606494-lease/">http://www.jordantrotter.com/properties/1606494-lease/</a>]]></description>
      <styleUrl>#Jordan_Trotter</styleUrl>
      <Point>
        <coordinates>-82.5036276,33.5033895,0</coordinates>
      </Point>
    </Placemark>
    <Placemark>
      <name>1729 Washington Rd, Thomson, GA  30824</name>
      <description><![CDATA[<b>Address:</b> 1729 Washington Rd, Thomson, GA  30824, Thomson, GA 30824<br/><b>Type:</b> For Lease<br/><b>Status:</b> Active<br/><b>Property Type:</b> Street Retail<br/><b>Size:</b> 3,402 SF<br/><b>Agent:</b> Charlie Davis<br/><b>Listing:</b> <a href="http://www.jordantrotter.com/properties/1729-Washington-Road-Thomson-GA/">http://www.jordantrotter.com/properties/1729-Washington-Road-Thomson-GA/</a>]]></description>
      <styleUrl>#Jordan_Trotter</styleUrl>
      <Point>
        <coordinates>-82.5036276,33.5033895,0</coordinates>
      </Point>
    </Placemark>
    <Placemark>
      <name>1758 Washington Road, Thomson, GA  30824</name>
      <description><![CDATA[<b>Address:</b> 1758 Washington Road, Thomson, GA  30824, Thomson, GA 30824<br/><b>Type:</b> For Sale<br/><b>Status:</b> Active<br/><b>Property Type:</b> Street Retail<br/><b>Size:</b> 2,518 SF<br/><b>Agent:</b> Liam Welch<br/><b>Listing:</b> <a href="http://www.jordantrotter.com/properties/?propertyId=1620137-sale">http://www.jordantrotter.com/properties/?propertyId=1620137-sale</a>]]></description>
      <styleUrl>#Jordan_Trotter</styleUrl>
      <Point>
        <coordinates>-82.5025709,33.504155,0</coordinates>
      </Point>
    </Placemark>
    <Placemark>
      <name>1758 Washington Road, Thomson, GA  30824</name>
      <description><![CDATA[<b>Address:</b> 1758 Washington Road, Thomson, GA  30824, Thomson, GA 30824<br/><b>Type:</b> For Sale<br/><b>Status:</b> Active<br/><b>Property Type:</b> Street Retail<br/><b>Size:</b> 2,518 SF<br/><b>Agent:</b> Liam Welch<br/><b>Listing:</b> <a href="http://www.jordantrotter.com/properties/1620137-sale/">http://www.jordantrotter.com/properties/1620137-sale/</a>]]></description>
      <styleUrl>#Jordan_Trotter</styleUrl>
      <Point>
        <coordinates>-82.5025709,33.504155,0</coordinates>
      </Point>
    </Placemark>
    <Placemark>
      <name>1758 Washington Road, Thomson, GA  30824</name>
      <description><![CDATA[<b>Address:</b> 1758 Washington Road, Thomson, GA  30824, Thomson, GA 30824<br/><b>Type:</b> For Sale<br/><b>Status:</b> Active<br/><b>Property Type:</b> Street Retail<br/><b>Size:</b> 2,518 SF<br/><b>Agent:</b> Liam Welch<br/><b>Listing:</b> <a href="http://www.jordantrotter.com/properties/1758-Washington-Road/">http://www.jordantrotter.com/properties/1758-Washington-Road/</a>]]></description>
      <styleUrl>#Jordan_Trotter</styleUrl>
      <Point>
        <coordinates>-82.5025709,33.504155,0</coordinates>
      </Point>
    </Placemark>
    <Placemark>
      <name>1767 Washington Rd, Thomson, GA  30824</name>
      <description><![CDATA[<b>Address:</b> 1767 Washington Rd, Thomson, GA  30824, Thomson, GA 30824<br/><b>Type:</b> For Lease<br/><b>Status:</b> Active<br/><b>Property Type:</b> Strip Center<br/><b>Size:</b> 1,647 - 1,779 SF<br/><b>Agent:</b> Liam Welch<br/><b>Listing:</b> <a href="http://www.jordantrotter.com/properties/?propertyId=1461899-lease">http://www.jordantrotter.com/properties/?propertyId=1461899-lease</a>]]></description>
      <styleUrl>#Jordan_Trotter</styleUrl>
      <Point>
        <coordinates>-82.50335609999999,33.5042889,0</coordinates>
      </Point>
    </Placemark>
    <Placemark>
      <name>1767 Washington Rd, Thomson, GA  30824</name>
      <description><![CDATA[<b>Address:</b> 1767 Washington Rd, Thomson, GA  30824, Thomson, GA 30824<br/><b>Type:</b> For Lease<br/><b>Status:</b> Active<br/><b>Property Type:</b> Strip Center<br/><b>Size:</b> 1,647 - 1,779 SF<br/><b>Agent:</b> Liam Welch<br/><b>Listing:</b> <a href="http://www.jordantrotter.com/properties/1461899-lease/">http://www.jordantrotter.com/properties/1461899-lease/</a>]]></description>
      <styleUrl>#Jordan_Trotter</styleUrl>
      <Point>
        <coordinates>-82.50335609999999,33.5042889,0</coordinates>
      </Point>
    </Placemark>
    <Placemark>
      <name>1767 Washington Rd, Thomson, GA  30824</name>
      <description><![CDATA[<b>Address:</b> 1767 Washington Rd, Thomson, GA  30824, Thomson, GA 30824<br/><b>Type:</b> For Lease<br/><b>Status:</b> Active<br/><b>Property Type:</b> Strip Center<br/><b>Size:</b> 1,647 - 1,779 SF<br/><b>Agent:</b> Liam Welch<br/><b>Listing:</b> <a href="http://www.jordantrotter.com/properties/1767-washington-road-thomson-ga/">http://www.jordantrotter.com/properties/1767-washington-road-thomson-ga/</a>]]></description>
      <styleUrl>#Jordan_Trotter</styleUrl>
      <Point>
        <coordinates>-82.50335609999999,33.5042889,0</coordinates>
      </Point>
    </Placemark>
    <Placemark>
      <name>2208 Harrison Road, Thomson, GA  30824</name>
      <description><![CDATA[<b>Address:</b> 2208 Harrison Road, Thomson, GA  30824, Thomson, GA 30824<br/><b>Type:</b> For Sale<br/><b>Status:</b> Active<br/><b>Property Type:</b> Retail<br/><b>Size:</b> 8.3 Acres<br/><b>Agent:</b> Wil Kacos<br/><b>Listing:</b> <a href="http://www.jordantrotter.com/properties/?propertyId=1143191-sale">http://www.jordantrotter.com/properties/?propertyId=1143191-sale</a>]]></description>
      <styleUrl>#Jordan_Trotter</styleUrl>
      <Point>
        <coordinates>-82.5006588,33.4826411,0</coordinates>
      </Point>
    </Placemark>
    <Placemark>
      <name>2208 Harrison Road, Thomson, GA  30824</name>
      <description><![CDATA[<b>Address:</b> 2208 Harrison Road, Thomson, GA  30824, Thomson, GA 30824<br/><b>Type:</b> For Sale<br/><b>Status:</b> Active<br/><b>Property Type:</b> Retail<br/><b>Size:</b> 8.3 Acres<br/><b>Agent:</b> Wil Kacos<br/><b>Listing:</b> <a href="http://www.jordantrotter.com/properties/1143191-sale/">http://www.jordantrotter.com/properties/1143191-sale/</a>]]></description>
      <styleUrl>#Jordan_Trotter</styleUrl>
      <Point>
        <coordinates>-82.5006588,33.4826411,0</coordinates>
      </Point>
    </Placemark>
    <Placemark>
      <name>2208 Harrison Road, Thomson, GA  30824</name>
      <description><![CDATA[<b>Address:</b> 2208 Harrison Road, Thomson, GA  30824, Thomson, GA 30824<br/><b>Type:</b> For Sale<br/><b>Status:</b> Active<br/><b>Property Type:</b> Retail<br/><b>Size:</b> 8.3 Acres<br/><b>Agent:</b> Wil Kacos<br/><b>Listing:</b> <a href="http://www.jordantrotter.com/properties/2208-Harrison-road-thomson-ga/">http://www.jordantrotter.com/properties/2208-Harrison-road-thomson-ga/</a>]]></description>
      <styleUrl>#Jordan_Trotter</styleUrl>
      <Point>
        <coordinates>-82.5006588,33.4826411,0</coordinates>
      </Point>
    </Placemark>
    <Placemark>
      <name>510 W Hill St, Thomson, GA  30824</name>
      <description><![CDATA[<b>Address:</b> 510 W Hill St, Thomson, GA  30824, Thomson, GA 30824<br/><b>Type:</b> For Lease<br/><b>Status:</b> Active<br/><b>Property Type:</b> Street Retail<br/><b>Size:</b> 9,000 SF<br/><b>Agent:</b> Charlie Davis<br/><b>Listing:</b> <a href="http://www.jordantrotter.com/properties/?propertyId=1606497-lease">http://www.jordantrotter.com/properties/?propertyId=1606497-lease</a>]]></description>
      <styleUrl>#Jordan_Trotter</styleUrl>
      <Point>
        <coordinates>-82.50781549999999,33.46105,0</coordinates>
      </Point>
    </Placemark>
    <Placemark>
      <name>510 W Hill St, Thomson, GA  30824</name>
      <description><![CDATA[<b>Address:</b> 510 W Hill St, Thomson, GA  30824, Thomson, GA 30824<br/><b>Type:</b> For Lease<br/><b>Status:</b> Active<br/><b>Property Type:</b> Street Retail<br/><b>Size:</b> 9,000 SF<br/><b>Agent:</b> Charlie Davis<br/><b>Listing:</b> <a href="http://www.jordantrotter.com/properties/1606497-lease/">http://www.jordantrotter.com/properties/1606497-lease/</a>]]></description>
      <styleUrl>#Jordan_Trotter</styleUrl>
      <Point>
        <coordinates>-82.50781549999999,33.46105,0</coordinates>
      </Point>
    </Placemark>
    <Placemark>
      <name>510 W Hill St, Thomson, GA  30824</name>
      <description><![CDATA[<b>Address:</b> 510 W Hill St, Thomson, GA  30824, Thomson, GA 30824<br/><b>Type:</b> For Lease<br/><b>Status:</b> Active<br/><b>Property Type:</b> Street Retail<br/><b>Size:</b> 9,000 SF<br/><b>Agent:</b> Charlie Davis<br/><b>Listing:</b> <a href="http://www.jordantrotter.com/properties/510-W-Hill-Street-Thomson-GA/">http://www.jordantrotter.com/properties/510-W-Hill-Street-Thomson-GA/</a>]]></description>
      <styleUrl>#Jordan_Trotter</styleUrl>
      <Point>
        <coordinates>-82.50781549999999,33.46105,0</coordinates>
      </Point>
    </Placemark>
    <Placemark>
      <name>521 W. Hill Street, Thomson, GA  30824</name>
      <description><![CDATA[<b>Address:</b> 521 W. Hill Street, Thomson, GA  30824, Thomson, GA 30824<br/><b>Type:</b> For Lease<br/><b>Status:</b> Active<br/><b>Property Type:</b> Office Building<br/><b>Size:</b> 5,200 SF<br/><b>Agent:</b> Parker Dye<br/><b>Listing:</b> <a href="http://www.jordantrotter.com/properties/?propertyId=728912-lease">http://www.jordantrotter.com/properties/?propertyId=728912-lease</a>]]></description>
      <styleUrl>#Jordan_Trotter</styleUrl>
      <Point>
        <coordinates>-82.5087741,33.4594627,0</coordinates>
      </Point>
    </Placemark>
    <Placemark>
      <name>521 W. Hill Street, Thomson, GA  30824</name>
      <description><![CDATA[<b>Address:</b> 521 W. Hill Street, Thomson, GA  30824, Thomson, GA 30824<br/><b>Type:</b> For Lease<br/><b>Status:</b> Active<br/><b>Property Type:</b> Office Building<br/><b>Size:</b> 5,200 SF<br/><b>Agent:</b> Parker Dye<br/><b>Listing:</b> <a href="http://www.jordantrotter.com/properties/728912-lease/">http://www.jordantrotter.com/properties/728912-lease/</a>]]></description>
      <styleUrl>#Jordan_Trotter</styleUrl>
      <Point>
        <coordinates>-82.5087741,33.4594627,0</coordinates>
      </Point>
    </Placemark>
    <Placemark>
      <name>521 W. Hill Street, Thomson, GA  30824</name>
      <description><![CDATA[<b>Address:</b> 521 W. Hill Street, Thomson, GA  30824, Thomson, GA 30824<br/><b>Type:</b> For Lease<br/><b>Status:</b> Active<br/><b>Property Type:</b> Office Building<br/><b>Size:</b> 5,200 SF<br/><b>Agent:</b> Parker Dye<br/><b>Listing:</b> <a href="http://www.jordantrotter.com/properties/521-W-Hill-Street-Thomson-GA/">http://www.jordantrotter.com/properties/521-W-Hill-Street-Thomson-GA/</a>]]></description>
      <styleUrl>#Jordan_Trotter</styleUrl>
      <Point>
        <coordinates>-82.5087741,33.4594627,0</coordinates>
      </Point>
    </Placemark>
    <Placemark>
      <name>540 W Hill St, Thomson, GA  30824</name>
      <description><![CDATA[<b>Address:</b> 540 W Hill St, Thomson, GA  30824, Thomson, GA 30824<br/><b>Type:</b> For Lease<br/><b>Status:</b> Active<br/><b>Property Type:</b> Medical<br/><b>Size:</b> 2,030 SF<br/><b>Agent:</b> Robert McCrary<br/><b>Listing:</b> <a href="http://www.jordantrotter.com/properties/?propertyId=1519332-lease">http://www.jordantrotter.com/properties/?propertyId=1519332-lease</a>]]></description>
      <styleUrl>#Jordan_Trotter</styleUrl>
      <Point>
        <coordinates>-82.50696839999999,33.4608827,0</coordinates>
      </Point>
    </Placemark>
    <Placemark>
      <name>540 W Hill St, Thomson, GA  30824</name>
      <description><![CDATA[<b>Address:</b> 540 W Hill St, Thomson, GA  30824, Thomson, GA 30824<br/><b>Type:</b> For Sale<br/><b>Status:</b> Active<br/><b>Property Type:</b> Medical<br/><b>Size:</b> 2,030 SF<br/><b>Agent:</b> Robert McCrary<br/><b>Listing:</b> <a href="http://www.jordantrotter.com/properties/?propertyId=1519332-sale">http://www.jordantrotter.com/properties/?propertyId=1519332-sale</a>]]></description>
      <styleUrl>#Jordan_Trotter</styleUrl>
      <Point>
        <coordinates>-82.50696839999999,33.4608827,0</coordinates>
      </Point>
    </Placemark>
    <Placemark>
      <name>540 W Hill St, Thomson, GA  30824</name>
      <description><![CDATA[<b>Address:</b> 540 W Hill St, Thomson, GA  30824, Thomson, GA 30824<br/><b>Type:</b> For Lease<br/><b>Status:</b> Active<br/><b>Property Type:</b> Medical<br/><b>Size:</b> 2,030 SF<br/><b>Agent:</b> Robert McCrary<br/><b>Listing:</b> <a href="http://www.jordantrotter.com/properties/1519332-lease/">http://www.jordantrotter.com/properties/1519332-lease/</a>]]></description>
      <styleUrl>#Jordan_Trotter</styleUrl>
      <Point>
        <coordinates>-82.50696839999999,33.4608827,0</coordinates>
      </Point>
    </Placemark>
    <Placemark>
      <name>540 W Hill St, Thomson, GA  30824</name>
      <description><![CDATA[<b>Address:</b> 540 W Hill St, Thomson, GA  30824, Thomson, GA 30824<br/><b>Type:</b> For Sale<br/><b>Status:</b> Active<br/><b>Property Type:</b> Medical<br/><b>Size:</b> 2,030 SF<br/><b>Agent:</b> Robert McCrary<br/><b>Listing:</b> <a href="http://www.jordantrotter.com/properties/1519332-sale/">http://www.jordantrotter.com/properties/1519332-sale/</a>]]></description>
      <styleUrl>#Jordan_Trotter</styleUrl>
      <Point>
        <coordinates>-82.50696839999999,33.4608827,0</coordinates>
      </Point>
    </Placemark>
    <Placemark>
      <name>540 W Hill St, Thomson, GA  30824</name>
      <description><![CDATA[<b>Address:</b> 540 W Hill St, Thomson, GA  30824, Thomson, GA 30824<br/><b>Type:</b> For Sale<br/><b>Status:</b> Active<br/><b>Property Type:</b> Medical<br/><b>Size:</b> 2,030 SF<br/><b>Agent:</b> Robert McCrary<br/><b>Listing:</b> <a href="http://www.jordantrotter.com/properties/540-W-Hill-Street-Thomson-GA/">http://www.jordantrotter.com/properties/540-W-Hill-Street-Thomson-GA/</a>]]></description>
      <styleUrl>#Jordan_Trotter</styleUrl>
      <Point>
        <coordinates>-82.50696839999999,33.4608827,0</coordinates>
      </Point>
    </Placemark>
    <Placemark>
      <name>North Seymour Drive, Thomson, GA  30824</name>
      <description><![CDATA[<b>Address:</b> North Seymour Drive, Thomson, GA  30824, Thomson, GA 30824<br/><b>Type:</b> For Sale<br/><b>Status:</b> Active<br/><b>Property Type:</b> Industrial<br/><b>Size:</b> 18.78 Acres<br/><b>Agent:</b> Ryan Martin<br/><b>Listing:</b> <a href="http://www.jordantrotter.com/properties/?propertyId=1112958-sale">http://www.jordantrotter.com/properties/?propertyId=1112958-sale</a>]]></description>
      <styleUrl>#Jordan_Trotter</styleUrl>
      <Point>
        <coordinates>-82.5065621,33.509718,0</coordinates>
      </Point>
    </Placemark>
    <Placemark>
      <name>North Seymour Drive, Thomson, GA  30824</name>
      <description><![CDATA[<b>Address:</b> North Seymour Drive, Thomson, GA  30824, Thomson, GA 30824<br/><b>Type:</b> For Sale<br/><b>Status:</b> Active<br/><b>Property Type:</b> Industrial<br/><b>Size:</b> 18.78 Acres<br/><b>Agent:</b> Ryan Martin<br/><b>Listing:</b> <a href="http://www.jordantrotter.com/properties/1112958-sale/">http://www.jordantrotter.com/properties/1112958-sale/</a>]]></description>
      <styleUrl>#Jordan_Trotter</styleUrl>
      <Point>
        <coordinates>-82.5065621,33.509718,0</coordinates>
      </Point>
    </Placemark>
    <Placemark>
      <name>North Seymour Drive, Thomson, GA  30824</name>
      <description><![CDATA[<b>Address:</b> North Seymour Drive, Thomson, GA  30824, Thomson, GA 30824<br/><b>Type:</b> For Sale<br/><b>Status:</b> Active<br/><b>Property Type:</b> Industrial<br/><b>Size:</b> 18.78 Acres<br/><b>Agent:</b> Ryan Martin<br/><b>Listing:</b> <a href="http://www.jordantrotter.com/properties/north-seymour-drive-thomson-sale/">http://www.jordantrotter.com/properties/north-seymour-drive-thomson-sale/</a>]]></description>
      <styleUrl>#Jordan_Trotter</styleUrl>
      <Point>
        <coordinates>-82.5065621,33.509718,0</coordinates>
      </Point>
    </Placemark>
    <Placemark>
      <name>Thomson Byp, Thomson, GA  30824</name>
      <description><![CDATA[<b>Address:</b> Thomson Byp, Thomson, GA  30824, Thomson, GA 30824<br/><b>Type:</b> For Sale<br/><b>Status:</b> Active<br/><b>Property Type:</b> Residential<br/><b>Size:</b> 44.25 Acres<br/><b>Agent:</b> Wil Kacos<br/><b>Listing:</b> <a href="http://www.jordantrotter.com/properties/?propertyId=1335606-sale">http://www.jordantrotter.com/properties/?propertyId=1335606-sale</a>]]></description>
      <styleUrl>#Jordan_Trotter</styleUrl>
      <Point>
        <coordinates>-82.4740043,33.4634804,0</coordinates>
      </Point>
    </Placemark>
    <Placemark>
      <name>Thomson Byp, Thomson, GA  30824</name>
      <description><![CDATA[<b>Address:</b> Thomson Byp, Thomson, GA  30824, Thomson, GA 30824<br/><b>Type:</b> For Sale<br/><b>Status:</b> Active<br/><b>Property Type:</b> Residential<br/><b>Size:</b> 44.25 Acres<br/><b>Agent:</b> Wil Kacos<br/><b>Listing:</b> <a href="http://www.jordantrotter.com/properties/1335606-sale/">http://www.jordantrotter.com/properties/1335606-sale/</a>]]></description>
      <styleUrl>#Jordan_Trotter</styleUrl>
      <Point>
        <coordinates>-82.4740043,33.4634804,0</coordinates>
      </Point>
    </Placemark>
    <Placemark>
      <name>Thomson Byp, Thomson, GA  30824</name>
      <description><![CDATA[<b>Address:</b> Thomson Byp, Thomson, GA  30824, Thomson, GA 30824<br/><b>Type:</b> For Sale<br/><b>Status:</b> Active<br/><b>Property Type:</b> Residential<br/><b>Size:</b> 44.25 Acres<br/><b>Agent:</b> Wil Kacos<br/><b>Listing:</b> <a href="http://www.jordantrotter.com/properties/thomson-bypass-thomson-ga/">http://www.jordantrotter.com/properties/thomson-bypass-thomson-ga/</a>]]></description>
      <styleUrl>#Jordan_Trotter</styleUrl>
      <Point>
        <coordinates>-82.4740043,33.4634804,0</coordinates>
      </Point>
    </Placemark>
    <Placemark>
      <name>00 Edgefield Rd, Trenton, SC  29847</name>
      <description><![CDATA[<b>Address:</b> 00 Edgefield Rd, Trenton, SC  29847, Trenton, SC 29847<br/><b>Type:</b> For Sale<br/><b>Status:</b> Active<br/><b>Property Type:</b> Industrial<br/><b>Size:</b> 145.86 Acres<br/><b>Agent:</b> Wil Kacos<br/><b>Listing:</b> <a href="http://www.jordantrotter.com/properties/?propertyId=1229635-sale">http://www.jordantrotter.com/properties/?propertyId=1229635-sale</a>]]></description>
      <styleUrl>#Jordan_Trotter</styleUrl>
      <Point>
        <coordinates>-81.8714437,33.6842085,0</coordinates>
      </Point>
    </Placemark>
    <Placemark>
      <name>00 Edgefield Rd, Trenton, SC  29847</name>
      <description><![CDATA[<b>Address:</b> 00 Edgefield Rd, Trenton, SC  29847, Trenton, SC 29847<br/><b>Type:</b> For Sale<br/><b>Status:</b> Active<br/><b>Property Type:</b> Industrial<br/><b>Size:</b> 145.86 Acres<br/><b>Agent:</b> Wil Kacos<br/><b>Listing:</b> <a href="http://www.jordantrotter.com/properties/1229635-sale/">http://www.jordantrotter.com/properties/1229635-sale/</a>]]></description>
      <styleUrl>#Jordan_Trotter</styleUrl>
      <Point>
        <coordinates>-81.8714437,33.6842085,0</coordinates>
      </Point>
    </Placemark>
    <Placemark>
      <name>00 Edgefield Rd, Trenton, SC  29847</name>
      <description><![CDATA[<b>Address:</b> 00 Edgefield Rd, Trenton, SC  29847, Trenton, SC 29847<br/><b>Type:</b> For Sale<br/><b>Status:</b> Active<br/><b>Property Type:</b> Industrial<br/><b>Size:</b> 145.86 Acres<br/><b>Agent:</b> Wil Kacos<br/><b>Listing:</b> <a href="http://www.jordantrotter.com/properties/00-edgefield-road-trenton-sc/">http://www.jordantrotter.com/properties/00-edgefield-road-trenton-sc/</a>]]></description>
      <styleUrl>#Jordan_Trotter</styleUrl>
      <Point>
        <coordinates>-81.8714437,33.6842085,0</coordinates>
      </Point>
    </Placemark>
    <Placemark>
      <name>Highway 121 &amp; Highway 19, Trenton, SC  29847</name>
      <description><![CDATA[<b>Address:</b> Highway 121 &amp; Highway 19, Trenton, SC  29847, Trenton, SC 29847<br/><b>Type:</b> For Sale<br/><b>Status:</b> Active<br/><b>Property Type:</b> Office<br/><b>Size:</b> 2.31 Acres<br/><b>Agent:</b> Robert McCrary<br/><b>Listing:</b> <a href="http://www.jordantrotter.com/properties/?propertyId=1600052-sale">http://www.jordantrotter.com/properties/?propertyId=1600052-sale</a>]]></description>
      <styleUrl>#Jordan_Trotter</styleUrl>
      <Point>
        <coordinates>-81.855739,33.7354746,0</coordinates>
      </Point>
    </Placemark>
    <Placemark>
      <name>Highway 121 &amp; Highway 19, Trenton, SC  29847</name>
      <description><![CDATA[<b>Address:</b> Highway 121 &amp; Highway 19, Trenton, SC  29847, Trenton, SC 29847<br/><b>Type:</b> For Sale<br/><b>Status:</b> Active<br/><b>Property Type:</b> Office<br/><b>Size:</b> 2.31 Acres<br/><b>Agent:</b> Robert McCrary<br/><b>Listing:</b> <a href="http://www.jordantrotter.com/properties/1600052-sale/">http://www.jordantrotter.com/properties/1600052-sale/</a>]]></description>
      <styleUrl>#Jordan_Trotter</styleUrl>
      <Point>
        <coordinates>-81.855739,33.7354746,0</coordinates>
      </Point>
    </Placemark>
    <Placemark>
      <name>Highway 121 &amp; Highway 19, Trenton, SC  29847</name>
      <description><![CDATA[<b>Address:</b> Highway 121 &amp; Highway 19, Trenton, SC  29847, Trenton, SC 29847<br/><b>Type:</b> For Sale<br/><b>Status:</b> Active<br/><b>Property Type:</b> Office<br/><b>Size:</b> 2.31 Acres<br/><b>Agent:</b> Robert McCrary<br/><b>Listing:</b> <a href="http://www.jordantrotter.com/properties/Highway-121-Highway-19-Trenton-SC/">http://www.jordantrotter.com/properties/Highway-121-Highway-19-Trenton-SC/</a>]]></description>
      <styleUrl>#Jordan_Trotter</styleUrl>
      <Point>
        <coordinates>-81.855739,33.7354746,0</coordinates>
      </Point>
    </Placemark>
    <Placemark>
      <name>261 S Liberty Street, Waynesboro, GA  30830</name>
      <description><![CDATA[<b>Address:</b> 261 S Liberty Street, Waynesboro, GA  30830, Waynesboro, GA 30830<br/><b>Type:</b> For Lease<br/><b>Status:</b> Active<br/><b>Property Type:</b> Strip Center<br/><b>Size:</b> 8,427 - 32,959 SF<br/><b>Agent:</b> Liam Welch<br/><b>Listing:</b> <a href="http://www.jordantrotter.com/properties/?propertyId=1100089-lease">http://www.jordantrotter.com/properties/?propertyId=1100089-lease</a>]]></description>
      <styleUrl>#Jordan_Trotter</styleUrl>
      <Point>
        <coordinates>-82.0089751,33.0811934,0</coordinates>
      </Point>
    </Placemark>
    <Placemark>
      <name>261 S Liberty Street, Waynesboro, GA  30830</name>
      <description><![CDATA[<b>Address:</b> 261 S Liberty Street, Waynesboro, GA  30830, Waynesboro, GA 30830<br/><b>Type:</b> For Lease<br/><b>Status:</b> Active<br/><b>Property Type:</b> Strip Center<br/><b>Size:</b> 8,427 - 32,959 SF<br/><b>Agent:</b> Liam Welch<br/><b>Listing:</b> <a href="http://www.jordantrotter.com/properties/1100089-lease/">http://www.jordantrotter.com/properties/1100089-lease/</a>]]></description>
      <styleUrl>#Jordan_Trotter</styleUrl>
      <Point>
        <coordinates>-82.0089751,33.0811934,0</coordinates>
      </Point>
    </Placemark>
    <Placemark>
      <name>261 S Liberty Street, Waynesboro, GA  30830</name>
      <description><![CDATA[<b>Address:</b> 261 S Liberty Street, Waynesboro, GA  30830, Waynesboro, GA 30830<br/><b>Type:</b> For Lease<br/><b>Status:</b> Active<br/><b>Property Type:</b> Strip Center<br/><b>Size:</b> 8,427 - 32,959 SF<br/><b>Agent:</b> Liam Welch<br/><b>Listing:</b> <a href="http://www.jordantrotter.com/properties/261-S-Liberty-Street-Waynesboro-GA/">http://www.jordantrotter.com/properties/261-S-Liberty-Street-Waynesboro-GA/</a>]]></description>
      <styleUrl>#Jordan_Trotter</styleUrl>
      <Point>
        <coordinates>-82.0089751,33.0811934,0</coordinates>
      </Point>
    </Placemark>
    <Placemark>
      <name>Liberty Street, Waynesboro, GA  30830</name>
      <description><![CDATA[<b>Address:</b> Liberty Street, Waynesboro, GA  30830, Waynesboro, GA 30830<br/><b>Type:</b> For Sale<br/><b>Status:</b> Active<br/><b>Property Type:</b> Retail<br/><b>Size:</b> 8.13 Acres<br/><b>Agent:</b> Liam Welch<br/><b>Listing:</b> <a href="http://www.jordantrotter.com/properties/?propertyId=1102097-sale">http://www.jordantrotter.com/properties/?propertyId=1102097-sale</a>]]></description>
      <styleUrl>#Jordan_Trotter</styleUrl>
      <Point>
        <coordinates>-82.01649,33.0909543,0</coordinates>
      </Point>
    </Placemark>
    <Placemark>
      <name>Liberty Street, Waynesboro, GA  30830</name>
      <description><![CDATA[<b>Address:</b> Liberty Street, Waynesboro, GA  30830, Waynesboro, GA 30830<br/><b>Type:</b> For Sale<br/><b>Status:</b> Active<br/><b>Property Type:</b> Retail<br/><b>Size:</b> 8.13 Acres<br/><b>Agent:</b> Liam Welch<br/><b>Listing:</b> <a href="http://www.jordantrotter.com/properties/1102097-sale/">http://www.jordantrotter.com/properties/1102097-sale/</a>]]></description>
      <styleUrl>#Jordan_Trotter</styleUrl>
      <Point>
        <coordinates>-82.01649,33.0909543,0</coordinates>
      </Point>
    </Placemark>
    <Placemark>
      <name>Liberty Street, Waynesboro, GA  30830</name>
      <description><![CDATA[<b>Address:</b> Liberty Street, Waynesboro, GA  30830, Waynesboro, GA 30830<br/><b>Type:</b> For Sale<br/><b>Status:</b> Active<br/><b>Property Type:</b> Retail<br/><b>Size:</b> 8.13 Acres<br/><b>Agent:</b> Liam Welch<br/><b>Listing:</b> <a href="http://www.jordantrotter.com/properties/liberty-street-waynesboro-ga/">http://www.jordantrotter.com/properties/liberty-street-waynesboro-ga/</a>]]></description>
      <styleUrl>#Jordan_Trotter</styleUrl>
      <Point>
        <coordinates>-82.01649,33.0909543,0</coordinates>
      </Point>
    </Placemark>
  </Folder>
  <Folder>
    <name>Meybohm (186)</name>
    <open>0</open>
    <Placemark>
      <name>00 Columbia Hwy</name>
      <description><![CDATA[<b>Address:</b> 00 Columbia Hwy, AIken, SC 29805<br/><b>Type:</b> For Sale<br/><b>Status:</b> Active<br/><b>Property Type:</b> Multifamily<br/><b>Price:</b> $578,860<br/><b>Agent:</b> Jonathan Aceves, CCIM, MBA, Dustin Wright, John Eckley, MBA, Civil Eng.<br/><b>Listing:</b> <a href="https://meybohmcre.com/property-search?propertyId=1510740">https://meybohmcre.com/property-search?propertyId=1510740</a>]]></description>
      <styleUrl>#Meybohm</styleUrl>
      <Point>
        <coordinates>-81.6737604,33.668787,0</coordinates>
      </Point>
    </Placemark>
    <Placemark>
      <name>00 Chucker Creek Rd</name>
      <description><![CDATA[<b>Address:</b> 00 Chucker Creek Rd, Aiken, SC 29803<br/><b>Type:</b> For Sale<br/><b>Status:</b> Active<br/><b>Property Type:</b> Multifamily<br/><b>Price:</b> $890,000<br/><b>Agent:</b> Jonathan Aceves, CCIM, MBA, John Eckley, MBA, Civil Eng., Dustin Wright<br/><b>Listing:</b> <a href="https://meybohmcre.com/property-search?propertyId=1164318">https://meybohmcre.com/property-search?propertyId=1164318</a>]]></description>
      <styleUrl>#Meybohm</styleUrl>
      <Point>
        <coordinates>-81.699196,33.48823,0</coordinates>
      </Point>
    </Placemark>
    <Placemark>
      <name>00 Edgefield Hwy</name>
      <description><![CDATA[<b>Address:</b> 00 Edgefield Hwy, Aiken, SC 29801<br/><b>Type:</b> For Sale<br/><b>Status:</b> Active<br/><b>Property Type:</b> Multifamily<br/><b>Price:</b> $799,000<br/><b>Agent:</b> John Eckley, MBA, Civil Eng., Jonathan Aceves, CCIM, MBA, Dustin Wright<br/><b>Listing:</b> <a href="https://meybohmcre.com/property-search?propertyId=1179809">https://meybohmcre.com/property-search?propertyId=1179809</a>]]></description>
      <styleUrl>#Meybohm</styleUrl>
      <Point>
        <coordinates>-81.744579,33.635533,0</coordinates>
      </Point>
    </Placemark>
    <Placemark>
      <name>00 Rutland Avenue</name>
      <description><![CDATA[<b>Address:</b> 00 Rutland Avenue, Aiken, SC 29801<br/><b>Type:</b> For Sale<br/><b>Status:</b> Active<br/><b>Property Type:</b> Multifamily<br/><b>Price:</b> $499,999<br/><b>Agent:</b> Jonathan Aceves, CCIM, MBA, Dustin Wright, John Eckley, MBA, Civil Eng.<br/><b>Listing:</b> <a href="https://meybohmcre.com/property-search?propertyId=1386934">https://meybohmcre.com/property-search?propertyId=1386934</a>]]></description>
      <styleUrl>#Meybohm</styleUrl>
      <Point>
        <coordinates>-82.90712300000001,32.1574351,0</coordinates>
      </Point>
    </Placemark>
    <Placemark>
      <name>00 Rutland Drive</name>
      <description><![CDATA[<b>Address:</b> 00 Rutland Drive, Aiken, SC 29801<br/><b>Type:</b> For Sale<br/><b>Status:</b> Active<br/><b>Property Type:</b> Multifamily<br/><b>Price:</b> $490,000<br/><b>Agent:</b> Jonathan Aceves, CCIM, MBA, John Eckley, MBA, Civil Eng., Dustin Wright<br/><b>Listing:</b> <a href="https://meybohmcre.com/property-search?propertyId=1101184">https://meybohmcre.com/property-search?propertyId=1101184</a>]]></description>
      <styleUrl>#Meybohm</styleUrl>
      <Point>
        <coordinates>-81.708713,33.580015,0</coordinates>
      </Point>
    </Placemark>
    <Placemark>
      <name>00 Whiskey Rd</name>
      <description><![CDATA[<b>Address:</b> 00 Whiskey Rd, Aiken, SC 29803<br/><b>Type:</b> For Sale / For Lease<br/><b>Status:</b> Active<br/><b>Property Type:</b> Multifamily<br/><b>Price:</b> $2,799,000<br/><b>Agent:</b> Jonathan Aceves, CCIM, MBA, John Eckley, MBA, Civil Eng., Dustin Wright<br/><b>Listing:</b> <a href="https://meybohmcre.com/property-search?propertyId=1169642">https://meybohmcre.com/property-search?propertyId=1169642</a>]]></description>
      <styleUrl>#Meybohm</styleUrl>
      <Point>
        <coordinates>-81.7129914,33.5110786,0</coordinates>
      </Point>
    </Placemark>
    <Placemark>
      <name>000 Rutland Drive</name>
      <description><![CDATA[<b>Address:</b> 000 Rutland Drive, Aiken, SC 29801<br/><b>Type:</b> For Sale<br/><b>Status:</b> Active<br/><b>Property Type:</b> Multifamily<br/><b>Price:</b> $1,451,400<br/><b>Agent:</b> Karen Daly, Travis Reed, CCIM<br/><b>Listing:</b> <a href="https://meybohmcre.com/property-search?propertyId=1479214">https://meybohmcre.com/property-search?propertyId=1479214</a>]]></description>
      <styleUrl>#Meybohm</styleUrl>
      <Point>
        <coordinates>-81.715816,33.580675,0</coordinates>
      </Point>
    </Placemark>
    <Placemark>
      <name>000 University Parkway</name>
      <description><![CDATA[<b>Address:</b> 000 University Parkway, Aiken, SC 29801<br/><b>Type:</b> For Sale<br/><b>Status:</b> Active<br/><b>Property Type:</b> Multifamily<br/><b>Price:</b> $249,900<br/><b>Agent:</b> Curt Hanna<br/><b>Listing:</b> <a href="https://meybohmcre.com/property-search?propertyId=1626132">https://meybohmcre.com/property-search?propertyId=1626132</a>]]></description>
      <styleUrl>#Meybohm</styleUrl>
      <Point>
        <coordinates>-81.750314,33.590551,0</coordinates>
      </Point>
    </Placemark>
    <Placemark>
      <name>000 Wagener Road</name>
      <description><![CDATA[<b>Address:</b> 000 Wagener Road, Aiken, SC 29801<br/><b>Type:</b> For Sale<br/><b>Status:</b> Active<br/><b>Property Type:</b> Multifamily<br/><b>Price:</b> $1,020,000<br/><b>Agent:</b> Karen Daly<br/><b>Listing:</b> <a href="https://meybohmcre.com/property-search?propertyId=1399724">https://meybohmcre.com/property-search?propertyId=1399724</a>]]></description>
      <styleUrl>#Meybohm</styleUrl>
      <Point>
        <coordinates>-81.6669404,33.5474222,0</coordinates>
      </Point>
    </Placemark>
    <Placemark>
      <name>105 Lancaster St SW</name>
      <description><![CDATA[<b>Address:</b> 105 Lancaster St SW, Aiken, SC 29801<br/><b>Type:</b> For Sale / For Lease<br/><b>Status:</b> Active<br/><b>Property Type:</b> Office<br/><b>Size:</b> 4,961 SF<br/><b>Price:</b> $700,000<br/><b>Agent:</b> Curt Hanna<br/><b>Listing:</b> <a href="https://meybohmcre.com/property-search?propertyId=1390492">https://meybohmcre.com/property-search?propertyId=1390492</a>]]></description>
      <styleUrl>#Meybohm</styleUrl>
      <Point>
        <coordinates>-81.72847279999999,33.56322430000001,0</coordinates>
      </Point>
    </Placemark>
    <Placemark>
      <name>1080 Silver Bluff Rd</name>
      <description><![CDATA[<b>Address:</b> 1080 Silver Bluff Rd, Aiken, SC 29803<br/><b>Type:</b> For Lease<br/><b>Status:</b> Active<br/><b>Property Type:</b> Office<br/><b>Size:</b> 30,266 SF<br/><b>Agent:</b> Curt Hanna<br/><b>Listing:</b> <a href="https://meybohmcre.com/property-search?propertyId=1417474">https://meybohmcre.com/property-search?propertyId=1417474</a>]]></description>
      <styleUrl>#Meybohm</styleUrl>
      <Point>
        <coordinates>-81.7385754,33.51122,0</coordinates>
      </Point>
    </Placemark>
    <Placemark>
      <name>11.76 +/- acres - Harvey Court &amp; W Frontage Rd</name>
      <description><![CDATA[<b>Address:</b> 11.76 +/- acres - Harvey Court &amp; W Frontage Rd, Aiken, SC 29805<br/><b>Type:</b> For Sale<br/><b>Status:</b> Active<br/><b>Property Type:</b> Multifamily<br/><b>Price:</b> $1,117,200<br/><b>Agent:</b> Karen Daly<br/><b>Listing:</b> <a href="https://meybohmcre.com/property-search?propertyId=1185711">https://meybohmcre.com/property-search?propertyId=1185711</a>]]></description>
      <styleUrl>#Meybohm</styleUrl>
      <Point>
        <coordinates>-81.6761466,33.6616449,0</coordinates>
      </Point>
    </Placemark>
    <Placemark>
      <name>124 Laurens St NW</name>
      <description><![CDATA[<b>Address:</b> 124 Laurens St NW, Aiken, SC 29801<br/><b>Type:</b> For Lease<br/><b>Status:</b> Active<br/><b>Property Type:</b> Retail<br/><b>Size:</b> 1,786 SF<br/><b>Agent:</b> Curt Hanna<br/><b>Listing:</b> <a href="https://meybohmcre.com/property-search?propertyId=1598719">https://meybohmcre.com/property-search?propertyId=1598719</a>]]></description>
      <styleUrl>#Meybohm</styleUrl>
      <Point>
        <coordinates>-81.72166779999999,33.5624214,0</coordinates>
      </Point>
    </Placemark>
    <Placemark>
      <name>126 Laurens Street Northwest</name>
      <description><![CDATA[<b>Address:</b> 126 Laurens Street Northwest, Aiken, SC 29801<br/><b>Type:</b> For Lease<br/><b>Status:</b> Active<br/><b>Property Type:</b> Retail<br/><b>Size:</b> 1,861 SF<br/><b>Agent:</b> Curt Hanna<br/><b>Listing:</b> <a href="https://meybohmcre.com/property-search?propertyId=1611695">https://meybohmcre.com/property-search?propertyId=1611695</a>]]></description>
      <styleUrl>#Meybohm</styleUrl>
      <Point>
        <coordinates>-81.7216785,33.5624547,0</coordinates>
      </Point>
    </Placemark>
    <Placemark>
      <name>126 Pendleton St SW</name>
      <description><![CDATA[<b>Address:</b> 126 Pendleton St SW, Aiken, SC 29801<br/><b>Type:</b> For Lease<br/><b>Status:</b> Active<br/><b>Property Type:</b> Retail<br/><b>Size:</b> 1,632 SF<br/><b>Agent:</b> Karen Daly<br/><b>Listing:</b> <a href="https://meybohmcre.com/property-search?propertyId=892657">https://meybohmcre.com/property-search?propertyId=892657</a>]]></description>
      <styleUrl>#Meybohm</styleUrl>
      <Point>
        <coordinates>-81.7238483,33.5610908,0</coordinates>
      </Point>
    </Placemark>
    <Placemark>
      <name>132 Chesterfield Street South</name>
      <description><![CDATA[<b>Address:</b> 132 Chesterfield Street South, Aiken, SC 29801<br/><b>Type:</b> For Sale<br/><b>Status:</b> Active<br/><b>Property Type:</b> Office<br/><b>Size:</b> 2,163 SF<br/><b>Price:</b> $749,900<br/><b>Agent:</b> Curt Hanna<br/><b>Listing:</b> <a href="https://meybohmcre.com/property-search?propertyId=1635673">https://meybohmcre.com/property-search?propertyId=1635673</a>]]></description>
      <styleUrl>#Meybohm</styleUrl>
      <Point>
        <coordinates>-81.7193921,33.55949,0</coordinates>
      </Point>
    </Placemark>
    <Placemark>
      <name>135 York St SE</name>
      <description><![CDATA[<b>Address:</b> 135 York St SE, Aiken, SC 29801<br/><b>Type:</b> For Lease<br/><b>Status:</b> Active<br/><b>Property Type:</b> Retail<br/><b>Size:</b> 3,450 SF<br/><b>Agent:</b> Charlie Moye, Brian Sweeting<br/><b>Listing:</b> <a href="https://meybohmcre.com/property-search?propertyId=1639899">https://meybohmcre.com/property-search?propertyId=1639899</a>]]></description>
      <styleUrl>#Meybohm</styleUrl>
      <Point>
        <coordinates>-81.7188749,33.5591538,0</coordinates>
      </Point>
    </Placemark>
    <Placemark>
      <name>139 Waterloo St SW</name>
      <description><![CDATA[<b>Address:</b> 139 Waterloo St SW, Aiken, SC 29801<br/><b>Type:</b> For Lease<br/><b>Status:</b> Active<br/><b>Property Type:</b> Office<br/><b>Size:</b> 3,781 SF<br/><b>Agent:</b> Curt Hanna<br/><b>Listing:</b> <a href="https://meybohmcre.com/property-search?propertyId=1276421">https://meybohmcre.com/property-search?propertyId=1276421</a>]]></description>
      <styleUrl>#Meybohm</styleUrl>
      <Point>
        <coordinates>-81.73216339999999,33.5635371,0</coordinates>
      </Point>
    </Placemark>
    <Placemark>
      <name>140 Jefferson Davis Hwy</name>
      <description><![CDATA[<b>Address:</b> 140 Jefferson Davis Hwy, Aiken, SC 29801<br/><b>Type:</b> For Sale / For Lease<br/><b>Status:</b> Active<br/><b>Property Type:</b> Multifamily<br/><b>Size:</b> 24,506 SF<br/><b>Price:</b> $1,050,000<br/><b>Agent:</b> Jonathan Aceves, CCIM, MBA, Dustin Wright, John Eckley, MBA, Civil Eng.<br/><b>Listing:</b> <a href="https://meybohmcre.com/property-search?propertyId=1535403">https://meybohmcre.com/property-search?propertyId=1535403</a>]]></description>
      <styleUrl>#Meybohm</styleUrl>
      <Point>
        <coordinates>-81.7796515,33.5621803,0</coordinates>
      </Point>
    </Placemark>
    <Placemark>
      <name>1466 Columbia Highway North</name>
      <description><![CDATA[<b>Address:</b> 1466 Columbia Highway North, Aiken, SC 29801<br/><b>Type:</b> For Sale<br/><b>Status:</b> Active<br/><b>Property Type:</b> Office<br/><b>Size:</b> 4,044 SF<br/><b>Price:</b> $1,200,000<br/><b>Agent:</b> Karen Daly<br/><b>Listing:</b> <a href="https://meybohmcre.com/property-search?propertyId=1642069">https://meybohmcre.com/property-search?propertyId=1642069</a>]]></description>
      <styleUrl>#Meybohm</styleUrl>
      <Point>
        <coordinates>-81.697732,33.5866306,0</coordinates>
      </Point>
    </Placemark>
    <Placemark>
      <name>147 Laurens Street</name>
      <description><![CDATA[<b>Address:</b> 147 Laurens Street, Aiken, SC 29801<br/><b>Type:</b> For Lease<br/><b>Status:</b> Active<br/><b>Property Type:</b> Office<br/><b>Size:</b> 11,292 SF<br/><b>Agent:</b> Curt Hanna<br/><b>Listing:</b> <a href="https://meybohmcre.com/property-search?propertyId=1525795">https://meybohmcre.com/property-search?propertyId=1525795</a>]]></description>
      <styleUrl>#Meybohm</styleUrl>
      <Point>
        <coordinates>-81.7235804,33.5604856,0</coordinates>
      </Point>
    </Placemark>
    <Placemark>
      <name>1520 Richland Avenue</name>
      <description><![CDATA[<b>Address:</b> 1520 Richland Avenue, Aiken, SC 29801<br/><b>Type:</b> For Lease<br/><b>Status:</b> Active<br/><b>Property Type:</b> Retail<br/><b>Size:</b> 215,626 SF<br/><b>Agent:</b> Mark Pritchett<br/><b>Listing:</b> <a href="https://meybohmcre.com/property-search?propertyId=500082">https://meybohmcre.com/property-search?propertyId=500082</a>]]></description>
      <styleUrl>#Meybohm</styleUrl>
      <Point>
        <coordinates>-81.7403279,33.56647239999999,0</coordinates>
      </Point>
    </Placemark>
    <Placemark>
      <name>1573 Whiskey Road</name>
      <description><![CDATA[<b>Address:</b> 1573 Whiskey Road, Aiken, SC 29803<br/><b>Type:</b> For Lease<br/><b>Status:</b> Active<br/><b>Property Type:</b> Retail<br/><b>Size:</b> 95,079 SF<br/><b>Price:</b> $5,385,000<br/><b>Cap Rate:</b> 6.69%<br/><b>Agent:</b> Charlie Moye, Brian Sweeting<br/><b>Listing:</b> <a href="https://meybohmcre.com/property-search?propertyId=797160">https://meybohmcre.com/property-search?propertyId=797160</a>]]></description>
      <styleUrl>#Meybohm</styleUrl>
      <Point>
        <coordinates>-81.7247973,33.5317967,0</coordinates>
      </Point>
    </Placemark>
    <Placemark>
      <name>1619 Hampton Avenue Northwest</name>
      <description><![CDATA[<b>Address:</b> 1619 Hampton Avenue Northwest, Aiken, SC 29801<br/><b>Type:</b> For Lease<br/><b>Status:</b> Active<br/><b>Property Type:</b> Office<br/><b>Size:</b> 1,680 SF<br/><b>Agent:</b> Curt Hanna<br/><b>Listing:</b> <a href="https://meybohmcre.com/property-search?propertyId=1570810">https://meybohmcre.com/property-search?propertyId=1570810</a>]]></description>
      <styleUrl>#Meybohm</styleUrl>
      <Point>
        <coordinates>-81.7426729,33.5751281,0</coordinates>
      </Point>
    </Placemark>
    <Placemark>
      <name>1748 Carolina Drive</name>
      <description><![CDATA[<b>Address:</b> 1748 Carolina Drive, Aiken, SC 29401<br/><b>Type:</b> For Sale<br/><b>Status:</b> Active<br/><b>Property Type:</b> Multifamily<br/><b>Price:</b> $120,000<br/><b>Agent:</b> Jonathan Aceves, CCIM, MBA, Dustin Wright, John Eckley, MBA, Civil Eng.<br/><b>Listing:</b> <a href="https://meybohmcre.com/property-search?propertyId=1035464">https://meybohmcre.com/property-search?propertyId=1035464</a>]]></description>
      <styleUrl>#Meybohm</styleUrl>
      <Point>
        <coordinates>-81.7470017,33.5643302,0</coordinates>
      </Point>
    </Placemark>
    <Placemark>
      <name>180 Rutland Dr</name>
      <description><![CDATA[<b>Address:</b> 180 Rutland Dr, Aiken, SC 29801<br/><b>Type:</b> For Sale<br/><b>Status:</b> Active<br/><b>Property Type:</b> Multifamily<br/><b>Price:</b> $165,000<br/><b>Agent:</b> Matt Rogers<br/><b>Listing:</b> <a href="https://meybohmcre.com/property-search?propertyId=1025172">https://meybohmcre.com/property-search?propertyId=1025172</a>]]></description>
      <styleUrl>#Meybohm</styleUrl>
      <Point>
        <coordinates>-81.7053665,33.5782647,0</coordinates>
      </Point>
    </Placemark>
    <Placemark>
      <name>200 The Alley</name>
      <description><![CDATA[<b>Address:</b> 200 The Alley, Aiken, SC 29801<br/><b>Type:</b> For Lease<br/><b>Status:</b> Active<br/><b>Property Type:</b> Office<br/><b>Size:</b> 3,100 SF<br/><b>Agent:</b> Curt Hanna<br/><b>Listing:</b> <a href="https://meybohmcre.com/property-search?propertyId=1546962">https://meybohmcre.com/property-search?propertyId=1546962</a>]]></description>
      <styleUrl>#Meybohm</styleUrl>
      <Point>
        <coordinates>-81.7213884,33.5600956,0</coordinates>
      </Point>
    </Placemark>
    <Placemark>
      <name>2063 University Parkway</name>
      <description><![CDATA[<b>Address:</b> 2063 University Parkway, Aiken, SC 29801<br/><b>Type:</b> For Lease<br/><b>Status:</b> Active<br/><b>Property Type:</b> Industrial<br/><b>Size:</b> 154,000 SF<br/><b>Agent:</b> John Eckley, MBA, Civil Eng., Jonathan Aceves, CCIM, MBA, Dustin Wright<br/><b>Listing:</b> <a href="https://meybohmcre.com/property-search?propertyId=1007798">https://meybohmcre.com/property-search?propertyId=1007798</a>]]></description>
      <styleUrl>#Meybohm</styleUrl>
      <Point>
        <coordinates>-81.72314279999999,33.5820861,0</coordinates>
      </Point>
    </Placemark>
    <Placemark>
      <name>22 Gunter Rd</name>
      <description><![CDATA[<b>Address:</b> 22 Gunter Rd, Aiken, SC 29803<br/><b>Type:</b> For Sale<br/><b>Status:</b> Active<br/><b>Property Type:</b> Multifamily<br/><b>Price:</b> $749,900<br/><b>Agent:</b> Karen Daly<br/><b>Listing:</b> <a href="https://meybohmcre.com/property-search?propertyId=1554402">https://meybohmcre.com/property-search?propertyId=1554402</a>]]></description>
      <styleUrl>#Meybohm</styleUrl>
      <Point>
        <coordinates>-81.6908625,33.4752038,0</coordinates>
      </Point>
    </Placemark>
    <Placemark>
      <name>225 Chesterfield Street North</name>
      <description><![CDATA[<b>Address:</b> 225 Chesterfield Street North, Aiken, SC 29801<br/><b>Type:</b> For Lease<br/><b>Status:</b> Active<br/><b>Property Type:</b> Office<br/><b>Size:</b> 1,774 SF<br/><b>Agent:</b> Curt Hanna<br/><b>Listing:</b> <a href="https://meybohmcre.com/property-search?propertyId=1512724">https://meybohmcre.com/property-search?propertyId=1512724</a>]]></description>
      <styleUrl>#Meybohm</styleUrl>
      <Point>
        <coordinates>-81.7183652,33.5635496,0</coordinates>
      </Point>
    </Placemark>
    <Placemark>
      <name>228 Richland Avenue West</name>
      <description><![CDATA[<b>Address:</b> 228 Richland Avenue West, Aiken, SC 29801<br/><b>Type:</b> For Lease<br/><b>Status:</b> Active<br/><b>Property Type:</b> Office<br/><b>Size:</b> 9,605 SF<br/><b>Agent:</b> Curt Hanna<br/><b>Listing:</b> <a href="https://meybohmcre.com/property-search?propertyId=1558887">https://meybohmcre.com/property-search?propertyId=1558887</a>]]></description>
      <styleUrl>#Meybohm</styleUrl>
      <Point>
        <coordinates>-81.7216491,33.5618267,0</coordinates>
      </Point>
    </Placemark>
    <Placemark>
      <name>231 Marlboro Street Southeast</name>
      <description><![CDATA[<b>Address:</b> 231 Marlboro Street Southeast, Aiken, SC 29801<br/><b>Type:</b> For Lease<br/><b>Status:</b> Active<br/><b>Property Type:</b> Industrial<br/><b>Size:</b> 6,960 SF<br/><b>Agent:</b> Curt Hanna<br/><b>Listing:</b> <a href="https://meybohmcre.com/property-search?propertyId=1583669">https://meybohmcre.com/property-search?propertyId=1583669</a>]]></description>
      <styleUrl>#Meybohm</styleUrl>
      <Point>
        <coordinates>-81.7087336,33.5538037,0</coordinates>
      </Point>
    </Placemark>
    <Placemark>
      <name>233 Jefferson Davis Highway</name>
      <description><![CDATA[<b>Address:</b> 233 Jefferson Davis Highway, Aiken, SC 29801<br/><b>Type:</b> For Sale<br/><b>Status:</b> Active<br/><b>Property Type:</b> Multifamily<br/><b>Price:</b> $1,700,000<br/><b>Agent:</b> Curt Hanna<br/><b>Listing:</b> <a href="https://meybohmcre.com/property-search?propertyId=1417889">https://meybohmcre.com/property-search?propertyId=1417889</a>]]></description>
      <styleUrl>#Meybohm</styleUrl>
      <Point>
        <coordinates>-81.7818309,33.5603947,0</coordinates>
      </Point>
    </Placemark>
    <Placemark>
      <name>2523 Williston Rd</name>
      <description><![CDATA[<b>Address:</b> 2523 Williston Rd, Aiken, SC 29803<br/><b>Type:</b> For Sale<br/><b>Status:</b> Active<br/><b>Property Type:</b> Multifamily<br/><b>Size:</b> 3,642 SF<br/><b>Price:</b> $190,000<br/><b>Cap Rate:</b> 3.16%<br/><b>Agent:</b> Curt Hanna, Alex Hendry<br/><b>Listing:</b> <a href="https://meybohmcre.com/property-search?propertyId=1585350">https://meybohmcre.com/property-search?propertyId=1585350</a>]]></description>
      <styleUrl>#Meybohm</styleUrl>
      <Point>
        <coordinates>-81.68497699999999,33.392468,0</coordinates>
      </Point>
    </Placemark>
    <Placemark>
      <name>2556 Wagener Rd</name>
      <description><![CDATA[<b>Address:</b> 2556 Wagener Rd, Aiken, SC 29801<br/><b>Type:</b> For Sale<br/><b>Status:</b> Active<br/><b>Property Type:</b> Multifamily<br/><b>Size:</b> 37,828 SF<br/><b>Price:</b> $613,700<br/><b>Agent:</b> Karen Daly<br/><b>Listing:</b> <a href="https://meybohmcre.com/property-search?propertyId=1399700">https://meybohmcre.com/property-search?propertyId=1399700</a>]]></description>
      <styleUrl>#Meybohm</styleUrl>
      <Point>
        <coordinates>-81.67027999999999,33.5450014,0</coordinates>
      </Point>
    </Placemark>
    <Placemark>
      <name>2744 Columbia Hwy N</name>
      <description><![CDATA[<b>Address:</b> 2744 Columbia Hwy N, Aiken, SC 29805<br/><b>Type:</b> For Sale<br/><b>Status:</b> Active<br/><b>Property Type:</b> Multifamily<br/><b>Size:</b> 512 SF<br/><b>Price:</b> $1,400,000<br/><b>Agent:</b> Curt Hanna<br/><b>Listing:</b> <a href="https://meybohmcre.com/property-search?propertyId=1370184">https://meybohmcre.com/property-search?propertyId=1370184</a>]]></description>
      <styleUrl>#Meybohm</styleUrl>
      <Point>
        <coordinates>-81.67438899999999,33.67146900000001,0</coordinates>
      </Point>
    </Placemark>
    <Placemark>
      <name>302 Park Avenue Southeast</name>
      <description><![CDATA[<b>Address:</b> 302 Park Avenue Southeast, Aiken, SC 29801<br/><b>Type:</b> For Sale<br/><b>Status:</b> Active<br/><b>Property Type:</b> Office<br/><b>Size:</b> 8,070 SF<br/><b>Price:</b> $2,500,000<br/><b>Agent:</b> Karen Daly<br/><b>Listing:</b> <a href="https://meybohmcre.com/property-search?propertyId=1644998">https://meybohmcre.com/property-search?propertyId=1644998</a>]]></description>
      <styleUrl>#Meybohm</styleUrl>
      <Point>
        <coordinates>-81.7169887,33.5579793,0</coordinates>
      </Point>
    </Placemark>
    <Placemark>
      <name>312 Silver Bluff</name>
      <description><![CDATA[<b>Address:</b> 312 Silver Bluff, Aiken, SC 29801<br/><b>Type:</b> For Sale<br/><b>Status:</b> Active<br/><b>Property Type:</b> Multifamily<br/><b>Price:</b> $3,240,000<br/><b>Agent:</b> Jonathan Aceves, CCIM, MBA, John Eckley, MBA, Civil Eng., Dustin Wright<br/><b>Listing:</b> <a href="https://meybohmcre.com/property-search?propertyId=993207">https://meybohmcre.com/property-search?propertyId=993207</a>]]></description>
      <styleUrl>#Meybohm</styleUrl>
      <Point>
        <coordinates>-81.72803619999999,33.5232174,0</coordinates>
      </Point>
    </Placemark>
    <Placemark>
      <name>312 Silver Bluff Rd</name>
      <description><![CDATA[<b>Address:</b> 312 Silver Bluff Rd, Aiken, SC 29803<br/><b>Type:</b> For Sale<br/><b>Status:</b> Active<br/><b>Property Type:</b> Multifamily<br/><b>Size:</b> 1,704 SF<br/><b>Agent:</b> Jonathan Aceves, CCIM, MBA, John Eckley, MBA, Civil Eng., Dustin Wright<br/><b>Listing:</b> <a href="https://meybohmcre.com/property-search?propertyId=1476283">https://meybohmcre.com/property-search?propertyId=1476283</a>]]></description>
      <styleUrl>#Meybohm</styleUrl>
      <Point>
        <coordinates>-81.7266272,33.5226974,0</coordinates>
      </Point>
    </Placemark>
    <Placemark>
      <name>312 Silver Bluff Rd</name>
      <description><![CDATA[<b>Address:</b> 312 Silver Bluff Rd, Aiken, SC 29803<br/><b>Type:</b> For Lease<br/><b>Status:</b> Active<br/><b>Property Type:</b> Multifamily<br/><b>Size:</b> 1,704 SF<br/><b>Agent:</b> Jonathan Aceves, CCIM, MBA, John Eckley, MBA, Civil Eng., Dustin Wright<br/><b>Listing:</b> <a href="https://meybohmcre.com/property-search?propertyId=1476261">https://meybohmcre.com/property-search?propertyId=1476261</a>]]></description>
      <styleUrl>#Meybohm</styleUrl>
      <Point>
        <coordinates>-81.7266272,33.5226974,0</coordinates>
      </Point>
    </Placemark>
    <Placemark>
      <name>3416 Seneca Ave</name>
      <description><![CDATA[<b>Address:</b> 3416 Seneca Ave, Aiken, SC 29801<br/><b>Type:</b> For Sale<br/><b>Status:</b> Active<br/><b>Property Type:</b> Multifamily<br/><b>Size:</b> 1,200 SF<br/><b>Price:</b> $129,000<br/><b>Cap Rate:</b> 9.70%<br/><b>Agent:</b> Curt Hanna<br/><b>Listing:</b> <a href="https://meybohmcre.com/property-search?propertyId=1508599">https://meybohmcre.com/property-search?propertyId=1508599</a>]]></description>
      <styleUrl>#Meybohm</styleUrl>
      <Point>
        <coordinates>-81.7468444,33.5744372,0</coordinates>
      </Point>
    </Placemark>
    <Placemark>
      <name>345 Hayne Ave SW</name>
      <description><![CDATA[<b>Address:</b> 345 Hayne Ave SW, Aiken, SC 29801<br/><b>Type:</b> For Lease<br/><b>Status:</b> Active<br/><b>Property Type:</b> Retail<br/><b>Size:</b> 1,770 SF<br/><b>Agent:</b> Curt Hanna<br/><b>Listing:</b> <a href="https://meybohmcre.com/property-search?propertyId=1521532">https://meybohmcre.com/property-search?propertyId=1521532</a>]]></description>
      <styleUrl>#Meybohm</styleUrl>
      <Point>
        <coordinates>-81.72434899999999,33.560318,0</coordinates>
      </Point>
    </Placemark>
    <Placemark>
      <name>3635 Whiskey Rd</name>
      <description><![CDATA[<b>Address:</b> 3635 Whiskey Rd, Aiken, SC 29803<br/><b>Type:</b> For Sale<br/><b>Status:</b> Active<br/><b>Property Type:</b> Multifamily<br/><b>Size:</b> 5,160 SF<br/><b>Price:</b> $1,700,000<br/><b>Agent:</b> Dustin Wright, Jonathan Aceves, CCIM, MBA, John Eckley, MBA, Civil Eng.<br/><b>Listing:</b> <a href="https://meybohmcre.com/property-search?propertyId=1633876">https://meybohmcre.com/property-search?propertyId=1633876</a>]]></description>
      <styleUrl>#Meybohm</styleUrl>
      <Point>
        <coordinates>-81.69442819999999,33.4789349,0</coordinates>
      </Point>
    </Placemark>
    <Placemark>
      <name>3720 Richland Ave W</name>
      <description><![CDATA[<b>Address:</b> 3720 Richland Ave W, Aiken, SC 29801<br/><b>Type:</b> For Sale<br/><b>Status:</b> Active<br/><b>Property Type:</b> Industrial<br/><b>Size:</b> 13,094 SF<br/><b>Price:</b> $2,250,000<br/><b>Cap Rate:</b> 6.93%<br/><b>Agent:</b> Luke Henderson, Brian Sweeting, Jordan Collier<br/><b>Listing:</b> <a href="https://meybohmcre.com/property-search?propertyId=1657007">https://meybohmcre.com/property-search?propertyId=1657007</a>]]></description>
      <styleUrl>#Meybohm</styleUrl>
      <Point>
        <coordinates>-81.7699863,33.5640217,0</coordinates>
      </Point>
    </Placemark>
    <Placemark>
      <name>4259 Whiskey Road</name>
      <description><![CDATA[<b>Address:</b> 4259 Whiskey Road, Aiken, SC 29803<br/><b>Type:</b> For Lease<br/><b>Status:</b> Active<br/><b>Property Type:</b> Office<br/><b>Size:</b> 1,500 SF<br/><b>Agent:</b> Karen Daly<br/><b>Listing:</b> <a href="https://meybohmcre.com/property-search?propertyId=1618962">https://meybohmcre.com/property-search?propertyId=1618962</a>]]></description>
      <styleUrl>#Meybohm</styleUrl>
      <Point>
        <coordinates>-81.68814429999999,33.4631578,0</coordinates>
      </Point>
    </Placemark>
    <Placemark>
      <name>4362 Whiskey Rd</name>
      <description><![CDATA[<b>Address:</b> 4362 Whiskey Rd, Aiken, SC 29803<br/><b>Type:</b> For Lease<br/><b>Status:</b> Active<br/><b>Property Type:</b> Office<br/><b>Size:</b> 2,226 SF<br/><b>Agent:</b> Curt Hanna<br/><b>Listing:</b> <a href="https://meybohmcre.com/property-search?propertyId=1228740">https://meybohmcre.com/property-search?propertyId=1228740</a>]]></description>
      <styleUrl>#Meybohm</styleUrl>
      <Point>
        <coordinates>-81.6860592,33.4603367,0</coordinates>
      </Point>
    </Placemark>
    <Placemark>
      <name>5000 Woodside Executive Ct</name>
      <description><![CDATA[<b>Address:</b> 5000 Woodside Executive Ct, Aiken, SC 29803<br/><b>Type:</b> For Lease<br/><b>Status:</b> Active<br/><b>Property Type:</b> Office<br/><b>Size:</b> 31,706 SF<br/><b>Agent:</b> Karen Daly<br/><b>Listing:</b> <a href="https://meybohmcre.com/property-search?propertyId=690677">https://meybohmcre.com/property-search?propertyId=690677</a>]]></description>
      <styleUrl>#Meybohm</styleUrl>
      <Point>
        <coordinates>-81.7374429,33.5067225,0</coordinates>
      </Point>
    </Placemark>
    <Placemark>
      <name>510 Smokey Cypress Loop</name>
      <description><![CDATA[<b>Address:</b> 510 Smokey Cypress Loop, Aiken, SC 29805<br/><b>Type:</b> For Sale<br/><b>Status:</b> Active<br/><b>Property Type:</b> Mixed Use<br/><b>Price:</b> $2,200,000<br/><b>Cap Rate:</b> 9.27%<br/><b>Agent:</b> Curt Hanna<br/><b>Listing:</b> <a href="https://meybohmcre.com/property-search?propertyId=1641831">https://meybohmcre.com/property-search?propertyId=1641831</a>]]></description>
      <styleUrl>#Meybohm</styleUrl>
      <Point>
        <coordinates>-81.5646963,33.7329741,0</coordinates>
      </Point>
    </Placemark>
    <Placemark>
      <name>513 Silver Bluff</name>
      <description><![CDATA[<b>Address:</b> 513 Silver Bluff, Aiken, SC 29803<br/><b>Type:</b> For Sale<br/><b>Status:</b> Active<br/><b>Property Type:</b> Retail<br/><b>Size:</b> 16,470 SF<br/><b>Price:</b> $2,230,000<br/><b>Cap Rate:</b> 6.98%<br/><b>Agent:</b> Jordan Collier, Luke Henderson, Will Owen<br/><b>Listing:</b> <a href="https://meybohmcre.com/property-search?propertyId=1663179">https://meybohmcre.com/property-search?propertyId=1663179</a>]]></description>
      <styleUrl>#Meybohm</styleUrl>
      <Point>
        <coordinates>-81.724853,33.5179072,0</coordinates>
      </Point>
    </Placemark>
    <Placemark>
      <name>551 East Gate Drive</name>
      <description><![CDATA[<b>Address:</b> 551 East Gate Drive, Aiken, SC 29803<br/><b>Type:</b> For Sale<br/><b>Status:</b> Active<br/><b>Property Type:</b> Multifamily<br/><b>Price:</b> $500,000<br/><b>Agent:</b> Dustin Wright, Jonathan Aceves, CCIM, MBA, John Eckley, MBA, Civil Eng.<br/><b>Listing:</b> <a href="https://meybohmcre.com/property-search?propertyId=1658989">https://meybohmcre.com/property-search?propertyId=1658989</a>]]></description>
      <styleUrl>#Meybohm</styleUrl>
      <Point>
        <coordinates>-81.71754790000001,33.50818,0</coordinates>
      </Point>
    </Placemark>
    <Placemark>
      <name>6000 Woodside Executive Ct</name>
      <description><![CDATA[<b>Address:</b> 6000 Woodside Executive Ct, Aiken, SC 29803<br/><b>Type:</b> For Lease<br/><b>Status:</b> Active<br/><b>Property Type:</b> Office<br/><b>Size:</b> 31,706 SF<br/><b>Agent:</b> Karen Daly<br/><b>Listing:</b> <a href="https://meybohmcre.com/property-search?propertyId=690692">https://meybohmcre.com/property-search?propertyId=690692</a>]]></description>
      <styleUrl>#Meybohm</styleUrl>
      <Point>
        <coordinates>-81.7386123,33.5072145,0</coordinates>
      </Point>
    </Placemark>
    <Placemark>
      <name>642 York Street Northeast</name>
      <description><![CDATA[<b>Address:</b> 642 York Street Northeast, Aiken, SC 29801<br/><b>Type:</b> For Sale<br/><b>Status:</b> Active<br/><b>Property Type:</b> Industrial<br/><b>Size:</b> 11,266 SF<br/><b>Price:</b> $600,000<br/><b>Agent:</b> Curt Hanna<br/><b>Listing:</b> <a href="https://meybohmcre.com/property-search?propertyId=1652711">https://meybohmcre.com/property-search?propertyId=1652711</a>]]></description>
      <styleUrl>#Meybohm</styleUrl>
      <Point>
        <coordinates>-81.7109962,33.5695375,0</coordinates>
      </Point>
    </Placemark>
    <Placemark>
      <name>642 York Street Northeast</name>
      <description><![CDATA[<b>Address:</b> 642 York Street Northeast, Aiken, SC 29801<br/><b>Type:</b> For Lease<br/><b>Status:</b> Active<br/><b>Property Type:</b> Industrial<br/><b>Size:</b> 11,266 SF<br/><b>Agent:</b> Curt Hanna<br/><b>Listing:</b> <a href="https://meybohmcre.com/property-search?propertyId=1651512">https://meybohmcre.com/property-search?propertyId=1651512</a>]]></description>
      <styleUrl>#Meybohm</styleUrl>
      <Point>
        <coordinates>-81.7109962,33.5695375,0</coordinates>
      </Point>
    </Placemark>
    <Placemark>
      <name>65 Windham Blvd</name>
      <description><![CDATA[<b>Address:</b> 65 Windham Blvd, Aiken, SC 29805<br/><b>Type:</b> For Sale<br/><b>Status:</b> Active<br/><b>Property Type:</b> Industrial<br/><b>Size:</b> 260,000 SF<br/><b>Price:</b> $8,500,000<br/><b>Agent:</b> George Lyles, Luke Henderson, Brian Sweeting<br/><b>Listing:</b> <a href="https://meybohmcre.com/property-search?propertyId=1412109">https://meybohmcre.com/property-search?propertyId=1412109</a>]]></description>
      <styleUrl>#Meybohm</styleUrl>
      <Point>
        <coordinates>-81.6992609,33.65056790000001,0</coordinates>
      </Point>
    </Placemark>
    <Placemark>
      <name>801 E Pine Log Rd.</name>
      <description><![CDATA[<b>Address:</b> 801 E Pine Log Rd., Aiken, SC 29803<br/><b>Type:</b> For Sale<br/><b>Status:</b> Active<br/><b>Property Type:</b> Multifamily<br/><b>Price:</b> $834,930<br/><b>Agent:</b> Jonathan Aceves, CCIM, MBA, John Eckley, MBA, Civil Eng., Dustin Wright<br/><b>Listing:</b> <a href="https://meybohmcre.com/property-search?propertyId=1092563">https://meybohmcre.com/property-search?propertyId=1092563</a>]]></description>
      <styleUrl>#Meybohm</styleUrl>
      <Point>
        <coordinates>-81.6991539,33.5326518,0</coordinates>
      </Point>
    </Placemark>
    <Placemark>
      <name>825 Neilson St</name>
      <description><![CDATA[<b>Address:</b> 825 Neilson St, Aiken, SC 29803<br/><b>Type:</b> For Sale<br/><b>Status:</b> Active<br/><b>Property Type:</b> Multifamily<br/><b>Size:</b> 1,762 SF<br/><b>Price:</b> $300,000<br/><b>Agent:</b> Jonathan Aceves, CCIM, MBA, Dustin Wright, John Eckley, MBA, Civil Eng.<br/><b>Listing:</b> <a href="https://meybohmcre.com/property-search?propertyId=1504999">https://meybohmcre.com/property-search?propertyId=1504999</a>]]></description>
      <styleUrl>#Meybohm</styleUrl>
      <Point>
        <coordinates>-81.7225148,33.5154182,0</coordinates>
      </Point>
    </Placemark>
    <Placemark>
      <name>906 Valley Rd</name>
      <description><![CDATA[<b>Address:</b> 906 Valley Rd, Aiken, SC 29801<br/><b>Type:</b> For Sale<br/><b>Status:</b> Active<br/><b>Property Type:</b> Multifamily<br/><b>Price:</b> $300,000<br/><b>Agent:</b> Jonathan Aceves, CCIM, MBA, Dustin Wright, John Eckley, MBA, Civil Eng.<br/><b>Listing:</b> <a href="https://meybohmcre.com/property-search?propertyId=1035418">https://meybohmcre.com/property-search?propertyId=1035418</a>]]></description>
      <styleUrl>#Meybohm</styleUrl>
      <Point>
        <coordinates>-81.7468979,33.5671026,0</coordinates>
      </Point>
    </Placemark>
    <Placemark>
      <name>910 Richland Avenue East</name>
      <description><![CDATA[<b>Address:</b> 910 Richland Avenue East, Aiken, SC 29801<br/><b>Type:</b> For Lease<br/><b>Status:</b> Active<br/><b>Property Type:</b> Retail<br/><b>Size:</b> 4,226 SF<br/><b>Agent:</b> Curt Hanna<br/><b>Listing:</b> <a href="https://meybohmcre.com/property-search?propertyId=1641882">https://meybohmcre.com/property-search?propertyId=1641882</a>]]></description>
      <styleUrl>#Meybohm</styleUrl>
      <Point>
        <coordinates>-81.7075607,33.5571552,0</coordinates>
      </Point>
    </Placemark>
    <Placemark>
      <name>Oak Grove Rd</name>
      <description><![CDATA[<b>Address:</b> Oak Grove Rd, Aiken, SC 29803<br/><b>Type:</b> For Lease<br/><b>Status:</b> Active<br/><b>Property Type:</b> Multifamily<br/><b>Agent:</b> Jonathan Aceves, CCIM, MBA, Jordan Collier, Brian Sweeting<br/><b>Listing:</b> <a href="https://meybohmcre.com/property-search?propertyId=1619067">https://meybohmcre.com/property-search?propertyId=1619067</a>]]></description>
      <styleUrl>#Meybohm</styleUrl>
      <Point>
        <coordinates>-81.7081983,33.5119443,0</coordinates>
      </Point>
    </Placemark>
    <Placemark>
      <name>Powderhouse Road</name>
      <description><![CDATA[<b>Address:</b> Powderhouse Road, Aiken, SC 29803<br/><b>Type:</b> For Sale<br/><b>Status:</b> Active<br/><b>Property Type:</b> Multifamily<br/><b>Price:</b> $3,400,000<br/><b>Agent:</b> Luke Henderson, Jordan Collier, Brian Sweeting<br/><b>Listing:</b> <a href="https://meybohmcre.com/property-search?propertyId=1620606">https://meybohmcre.com/property-search?propertyId=1620606</a>]]></description>
      <styleUrl>#Meybohm</styleUrl>
      <Point>
        <coordinates>-81.702101,33.5293793,0</coordinates>
      </Point>
    </Placemark>
    <Placemark>
      <name>TBD Bradley Mill Road - 13.75 Acres Undeveloped Land in North Aiken</name>
      <description><![CDATA[<b>Address:</b> TBD Bradley Mill Road - 13.75 Acres Undeveloped Land in North Aiken, Aiken, SC 29805<br/><b>Type:</b> For Sale<br/><b>Status:</b> Active<br/><b>Property Type:</b> Multifamily<br/><b>Price:</b> $205,000<br/><b>Agent:</b> Alex Hendry<br/><b>Listing:</b> <a href="https://meybohmcre.com/property-search?propertyId=1518767">https://meybohmcre.com/property-search?propertyId=1518767</a>]]></description>
      <styleUrl>#Meybohm</styleUrl>
      <Point>
        <coordinates>-81.672636,33.612751,0</coordinates>
      </Point>
    </Placemark>
    <Placemark>
      <name>Wagener Rd</name>
      <description><![CDATA[<b>Address:</b> Wagener Rd, Aiken, SC 29801<br/><b>Type:</b> For Sale<br/><b>Status:</b> Active<br/><b>Property Type:</b> Multifamily<br/><b>Price:</b> $195,000<br/><b>Agent:</b> Curt Hanna<br/><b>Listing:</b> <a href="https://meybohmcre.com/property-search?propertyId=1630870">https://meybohmcre.com/property-search?propertyId=1630870</a>]]></description>
      <styleUrl>#Meybohm</styleUrl>
      <Point>
        <coordinates>-81.61545,33.56493,0</coordinates>
      </Point>
    </Placemark>
    <Placemark>
      <name>1 George C. Wilson Court, Suite A</name>
      <description><![CDATA[<b>Address:</b> 1 George C. Wilson Court, Suite A, Augusta, GA 30909<br/><b>Type:</b> For Lease<br/><b>Status:</b> Active<br/><b>Property Type:</b> Office<br/><b>Size:</b> 861 SF<br/><b>Agent:</b> David Hogg<br/><b>Listing:</b> <a href="https://meybohmcre.com/property-search?propertyId=723411">https://meybohmcre.com/property-search?propertyId=723411</a>]]></description>
      <styleUrl>#Meybohm</styleUrl>
      <Point>
        <coordinates>-82.08688509999999,33.4819098,0</coordinates>
      </Point>
    </Placemark>
    <Placemark>
      <name>1030 &amp; 1040 Stevens Creek Road</name>
      <description><![CDATA[<b>Address:</b> 1030 &amp; 1040 Stevens Creek Road, Augusta, GA 30907<br/><b>Type:</b> For Sale / For Lease<br/><b>Status:</b> Active<br/><b>Property Type:</b> Office<br/><b>Size:</b> 80,073 SF<br/><b>Price:</b> $14,750,000<br/><b>Agent:</b> David Hogg<br/><b>Listing:</b> <a href="https://meybohmcre.com/property-search?propertyId=1514562">https://meybohmcre.com/property-search?propertyId=1514562</a>]]></description>
      <styleUrl>#Meybohm</styleUrl>
      <Point>
        <coordinates>-82.0424852,33.5173797,0</coordinates>
      </Point>
    </Placemark>
    <Placemark>
      <name>104 Williamsburg Dr.</name>
      <description><![CDATA[<b>Address:</b> 104 Williamsburg Dr., Augusta, GA 30815<br/><b>Type:</b> For Sale<br/><b>Status:</b> Active<br/><b>Property Type:</b> Multifamily<br/><b>Price:</b> $395,000<br/><b>Agent:</b> Jonathan Aceves, CCIM, MBA, John Eckley, MBA, Civil Eng., Dustin Wright<br/><b>Listing:</b> <a href="https://meybohmcre.com/property-search?propertyId=1041122">https://meybohmcre.com/property-search?propertyId=1041122</a>]]></description>
      <styleUrl>#Meybohm</styleUrl>
      <Point>
        <coordinates>-82.1142885,33.3916535,0</coordinates>
      </Point>
    </Placemark>
    <Placemark>
      <name>1046 Stevens Creek Road &amp; 1038 - 1048 Claussen Road</name>
      <description><![CDATA[<b>Address:</b> 1046 Stevens Creek Road &amp; 1038 - 1048 Claussen Road, Augusta, GA 30907<br/><b>Type:</b> For Sale<br/><b>Status:</b> Active<br/><b>Property Type:</b> Office<br/><b>Size:</b> 15,066 SF<br/><b>Price:</b> $2,750,000<br/><b>Cap Rate:</b> 7.00%<br/><b>Agent:</b> David Hogg<br/><b>Listing:</b> <a href="https://meybohmcre.com/property-search?propertyId=384421">https://meybohmcre.com/property-search?propertyId=384421</a>]]></description>
      <styleUrl>#Meybohm</styleUrl>
      <Point>
        <coordinates>-82.041443,33.515542,0</coordinates>
      </Point>
    </Placemark>
    <Placemark>
      <name>1115 Greene St</name>
      <description><![CDATA[<b>Address:</b> 1115 Greene St, Augusta, GA 30901<br/><b>Type:</b> For Sale<br/><b>Status:</b> Active<br/><b>Property Type:</b> Office<br/><b>Size:</b> 3,712 SF<br/><b>Price:</b> $625,000<br/><b>Agent:</b> David Hogg<br/><b>Listing:</b> <a href="https://meybohmcre.com/property-search?propertyId=1662212">https://meybohmcre.com/property-search?propertyId=1662212</a>]]></description>
      <styleUrl>#Meybohm</styleUrl>
      <Point>
        <coordinates>-81.9724535,33.4758001,0</coordinates>
      </Point>
    </Placemark>
    <Placemark>
      <name>115 Talbot Road</name>
      <description><![CDATA[<b>Address:</b> 115 Talbot Road, Augusta, GA 30815<br/><b>Type:</b> For Sale<br/><b>Status:</b> Active<br/><b>Property Type:</b> Multifamily<br/><b>Price:</b> $549,000<br/><b>Agent:</b> Travis Reed, CCIM<br/><b>Listing:</b> <a href="https://meybohmcre.com/property-search?propertyId=907361">https://meybohmcre.com/property-search?propertyId=907361</a>]]></description>
      <styleUrl>#Meybohm</styleUrl>
      <Point>
        <coordinates>-82.0744808,33.3782025,0</coordinates>
      </Point>
    </Placemark>
    <Placemark>
      <name>1212 Ellis St</name>
      <description><![CDATA[<b>Address:</b> 1212 Ellis St, Augusta, GA 30901<br/><b>Type:</b> For Sale<br/><b>Status:</b> Active<br/><b>Property Type:</b> Multifamily<br/><b>Price:</b> $178,125<br/><b>Agent:</b> Jonathan Aceves, CCIM, MBA, John Eckley, MBA, Civil Eng., Danielle Meikrantz<br/><b>Listing:</b> <a href="https://meybohmcre.com/property-search?propertyId=912831">https://meybohmcre.com/property-search?propertyId=912831</a>]]></description>
      <styleUrl>#Meybohm</styleUrl>
      <Point>
        <coordinates>-81.97383099999999,33.476751,0</coordinates>
      </Point>
    </Placemark>
    <Placemark>
      <name>1215 Roy Road</name>
      <description><![CDATA[<b>Address:</b> 1215 Roy Road, Augusta, GA 30909<br/><b>Type:</b> For Sale<br/><b>Status:</b> Active<br/><b>Property Type:</b> Multifamily<br/><b>Price:</b> $750,000<br/><b>Agent:</b> Charlie Moye, Danielle Meikrantz<br/><b>Listing:</b> <a href="https://meybohmcre.com/property-search?propertyId=1499995">https://meybohmcre.com/property-search?propertyId=1499995</a>]]></description>
      <styleUrl>#Meybohm</styleUrl>
      <Point>
        <coordinates>-82.100771,33.48233,0</coordinates>
      </Point>
    </Placemark>
    <Placemark>
      <name>1216 Broad Street</name>
      <description><![CDATA[<b>Address:</b> 1216 Broad Street, Augusta, GA 30901<br/><b>Type:</b> For Sale / For Lease<br/><b>Status:</b> Active<br/><b>Property Type:</b> Retail<br/><b>Size:</b> 20,478 SF<br/><b>Price:</b> $1,550,000<br/><b>Agent:</b> Jonathan Aceves, CCIM, MBA, Danielle Meikrantz, John Eckley, MBA, Civil Eng.<br/><b>Listing:</b> <a href="https://meybohmcre.com/property-search?propertyId=746436">https://meybohmcre.com/property-search?propertyId=746436</a>]]></description>
      <styleUrl>#Meybohm</styleUrl>
      <Point>
        <coordinates>-81.9733715,33.4774573,0</coordinates>
      </Point>
    </Placemark>
    <Placemark>
      <name>1219 New Savannah Rd</name>
      <description><![CDATA[<b>Address:</b> 1219 New Savannah Rd, Augusta, GA 30901<br/><b>Type:</b> For Sale / For Lease<br/><b>Status:</b> Active<br/><b>Property Type:</b> Industrial<br/><b>Size:</b> 33,200 SF<br/><b>Price:</b> $1,390,000<br/><b>Agent:</b> John Eckley, MBA, Civil Eng., Jonathan Aceves, CCIM, MBA, Dustin Wright<br/><b>Listing:</b> <a href="https://meybohmcre.com/property-search?propertyId=1518551">https://meybohmcre.com/property-search?propertyId=1518551</a>]]></description>
      <styleUrl>#Meybohm</styleUrl>
      <Point>
        <coordinates>-81.97299869999999,33.4573048,0</coordinates>
      </Point>
    </Placemark>
    <Placemark>
      <name>1221 W Wheeler Pkwy</name>
      <description><![CDATA[<b>Address:</b> 1221 W Wheeler Pkwy, Augusta, GA 30909<br/><b>Type:</b> For Sale<br/><b>Status:</b> Active<br/><b>Property Type:</b> Multifamily<br/><b>Price:</b> $200,000<br/><b>Agent:</b> John Eckley, MBA, Civil Eng., Jonathan Aceves, CCIM, MBA, Dustin Wright<br/><b>Listing:</b> <a href="https://meybohmcre.com/property-search?propertyId=1514381">https://meybohmcre.com/property-search?propertyId=1514381</a>]]></description>
      <styleUrl>#Meybohm</styleUrl>
      <Point>
        <coordinates>-82.098552,33.480987,0</coordinates>
      </Point>
    </Placemark>
    <Placemark>
      <name>1232 Ellis St</name>
      <description><![CDATA[<b>Address:</b> 1232 Ellis St, Augusta, GA 30901<br/><b>Type:</b> For Sale<br/><b>Status:</b> Active<br/><b>Property Type:</b> Multifamily<br/><b>Price:</b> $285,180<br/><b>Agent:</b> Jonathan Aceves, CCIM, MBA, John Eckley, MBA, Civil Eng., Danielle Meikrantz<br/><b>Listing:</b> <a href="https://meybohmcre.com/property-search?propertyId=913044">https://meybohmcre.com/property-search?propertyId=913044</a>]]></description>
      <styleUrl>#Meybohm</styleUrl>
      <Point>
        <coordinates>-81.97466,33.4769409,0</coordinates>
      </Point>
    </Placemark>
    <Placemark>
      <name>1345 Druid Park Ave</name>
      <description><![CDATA[<b>Address:</b> 1345 Druid Park Ave, Augusta, GA 30904<br/><b>Type:</b> For Sale<br/><b>Status:</b> Active<br/><b>Property Type:</b> Office<br/><b>Size:</b> 2,018 SF<br/><b>Price:</b> $225,000<br/><b>Agent:</b> Matt Rogers<br/><b>Listing:</b> <a href="https://meybohmcre.com/property-search?propertyId=880473">https://meybohmcre.com/property-search?propertyId=880473</a>]]></description>
      <styleUrl>#Meybohm</styleUrl>
      <Point>
        <coordinates>-81.9971747,33.46598300000001,0</coordinates>
      </Point>
    </Placemark>
    <Placemark>
      <name>1442 Broad St</name>
      <description><![CDATA[<b>Address:</b> 1442 Broad St, Augusta, GA 30901<br/><b>Type:</b> For Sale<br/><b>Status:</b> Active<br/><b>Property Type:</b> Multifamily<br/><b>Price:</b> $550,000<br/><b>Agent:</b> David Hogg<br/><b>Listing:</b> <a href="https://meybohmcre.com/property-search?propertyId=1633179">https://meybohmcre.com/property-search?propertyId=1633179</a>]]></description>
      <styleUrl>#Meybohm</styleUrl>
      <Point>
        <coordinates>-81.9801245,33.4797872,0</coordinates>
      </Point>
    </Placemark>
    <Placemark>
      <name>1484 Broad St</name>
      <description><![CDATA[<b>Address:</b> 1484 Broad St, Augusta, GA 30901<br/><b>Type:</b> For Sale<br/><b>Status:</b> Active<br/><b>Property Type:</b> Office<br/><b>Size:</b> 348 SF<br/><b>Price:</b> $125,000<br/><b>Agent:</b> Jonathan Aceves, CCIM, MBA, Dustin Wright, John Eckley, MBA, Civil Eng.<br/><b>Listing:</b> <a href="https://meybohmcre.com/property-search?propertyId=1660678">https://meybohmcre.com/property-search?propertyId=1660678</a>]]></description>
      <styleUrl>#Meybohm</styleUrl>
      <Point>
        <coordinates>-81.9813878,33.4803143,0</coordinates>
      </Point>
    </Placemark>
    <Placemark>
      <name>1501 North Leg Rd</name>
      <description><![CDATA[<b>Address:</b> 1501 North Leg Rd, Augusta, GA 30907<br/><b>Type:</b> For Sale / For Lease<br/><b>Status:</b> Active<br/><b>Property Type:</b> Multifamily<br/><b>Price:</b> $1,500,000<br/><b>Agent:</b> Jonathan Aceves, CCIM, MBA, Dustin Wright, John Eckley, MBA, Civil Eng.<br/><b>Listing:</b> <a href="https://meybohmcre.com/property-search?propertyId=1043700">https://meybohmcre.com/property-search?propertyId=1043700</a>]]></description>
      <styleUrl>#Meybohm</styleUrl>
      <Point>
        <coordinates>-82.0675052,33.4689889,0</coordinates>
      </Point>
    </Placemark>
    <Placemark>
      <name>1505 North Leg Rd</name>
      <description><![CDATA[<b>Address:</b> 1505 North Leg Rd, Augusta, GA 30909<br/><b>Type:</b> For Sale / For Lease<br/><b>Status:</b> Active<br/><b>Property Type:</b> Retail<br/><b>Size:</b> 23,160 SF<br/><b>Price:</b> $1,500,000<br/><b>Agent:</b> Dustin Wright, Jonathan Aceves, CCIM, MBA, John Eckley, MBA, Civil Eng.<br/><b>Listing:</b> <a href="https://meybohmcre.com/property-search?propertyId=1132114">https://meybohmcre.com/property-search?propertyId=1132114</a>]]></description>
      <styleUrl>#Meybohm</styleUrl>
      <Point>
        <coordinates>-82.0684449,33.4687148,0</coordinates>
      </Point>
    </Placemark>
    <Placemark>
      <name>1511 North Leg</name>
      <description><![CDATA[<b>Address:</b> 1511 North Leg, Augusta, GA 30909<br/><b>Type:</b> For Lease<br/><b>Status:</b> Active<br/><b>Property Type:</b> Retail<br/><b>Size:</b> 115,000 SF<br/><b>Agent:</b> Dustin Wright, John Eckley, MBA, Civil Eng., Jonathan Aceves, CCIM, MBA<br/><b>Listing:</b> <a href="https://meybohmcre.com/property-search?propertyId=1373693">https://meybohmcre.com/property-search?propertyId=1373693</a>]]></description>
      <styleUrl>#Meybohm</styleUrl>
      <Point>
        <coordinates>-82.0681853,33.4677229,0</coordinates>
      </Point>
    </Placemark>
    <Placemark>
      <name>1551 &amp; 1553 Laney Walker Blvd</name>
      <description><![CDATA[<b>Address:</b> 1551 &amp; 1553 Laney Walker Blvd, Augusta, GA 30904<br/><b>Type:</b> For Sale<br/><b>Status:</b> Active<br/><b>Property Type:</b> Multifamily<br/><b>Price:</b> $275,000<br/><b>Agent:</b> Matt Rogers<br/><b>Listing:</b> <a href="https://meybohmcre.com/property-search?propertyId=839884">https://meybohmcre.com/property-search?propertyId=839884</a>]]></description>
      <styleUrl>#Meybohm</styleUrl>
      <Point>
        <coordinates>-81.9947723,33.4716118,0</coordinates>
      </Point>
    </Placemark>
    <Placemark>
      <name>1600 Barton Chapel Rd</name>
      <description><![CDATA[<b>Address:</b> 1600 Barton Chapel Rd, Augusta, GA 30909<br/><b>Type:</b> For Sale<br/><b>Status:</b> Active<br/><b>Property Type:</b> Multifamily<br/><b>Price:</b> $500,000<br/><b>Agent:</b> Jonathan Aceves, CCIM, MBA, Dustin Wright, John Eckley, MBA, Civil Eng.<br/><b>Listing:</b> <a href="https://meybohmcre.com/property-search?propertyId=1387870">https://meybohmcre.com/property-search?propertyId=1387870</a>]]></description>
      <styleUrl>#Meybohm</styleUrl>
      <Point>
        <coordinates>-82.08693,33.465112,0</coordinates>
      </Point>
    </Placemark>
    <Placemark>
      <name>1631 Gordon Highway </name>
      <description><![CDATA[<b>Address:</b> 1631 Gordon Highway , Augusta, GA 30906<br/><b>Type:</b> For Lease<br/><b>Status:</b> Active<br/><b>Property Type:</b> Retail<br/><b>Size:</b> 298,671 SF<br/><b>Agent:</b> Mark Pritchett<br/><b>Listing:</b> <a href="https://meybohmcre.com/property-search?propertyId=503863">https://meybohmcre.com/property-search?propertyId=503863</a>]]></description>
      <styleUrl>#Meybohm</styleUrl>
      <Point>
        <coordinates>-82.014477,33.4404034,0</coordinates>
      </Point>
    </Placemark>
    <Placemark>
      <name>1632 Walton Way</name>
      <description><![CDATA[<b>Address:</b> 1632 Walton Way, Augusta, GA 30904<br/><b>Type:</b> For Sale<br/><b>Status:</b> Active<br/><b>Property Type:</b> Multifamily<br/><b>Price:</b> $1,000,000<br/><b>Agent:</b> David Hogg<br/><b>Listing:</b> <a href="https://meybohmcre.com/property-search?propertyId=1492678">https://meybohmcre.com/property-search?propertyId=1492678</a>]]></description>
      <styleUrl>#Meybohm</styleUrl>
      <Point>
        <coordinates>-81.9940727,33.4752422,0</coordinates>
      </Point>
    </Placemark>
    <Placemark>
      <name>1633 Gordon Hwy</name>
      <description><![CDATA[<b>Address:</b> 1633 Gordon Hwy, Augusta, GA 30906<br/><b>Type:</b> For Lease<br/><b>Status:</b> Active<br/><b>Property Type:</b> Retail<br/><b>Size:</b> 9,438 SF<br/><b>Agent:</b> Mark Pritchett<br/><b>Listing:</b> <a href="https://meybohmcre.com/property-search?propertyId=1517557">https://meybohmcre.com/property-search?propertyId=1517557</a>]]></description>
      <styleUrl>#Meybohm</styleUrl>
      <Point>
        <coordinates>-82.01759969999999,33.4400655,0</coordinates>
      </Point>
    </Placemark>
    <Placemark>
      <name>1634 Olive Rd</name>
      <description><![CDATA[<b>Address:</b> 1634 Olive Rd, Augusta, GA 30904<br/><b>Type:</b> For Sale<br/><b>Status:</b> Active<br/><b>Property Type:</b> Industrial<br/><b>Size:</b> 92,892 SF<br/><b>Cap Rate:</b> 27839700.00%<br/><b>Agent:</b> Jonathan Aceves, CCIM, MBA, John Eckley, MBA, Civil Eng., Dustin Wright<br/><b>Listing:</b> <a href="https://meybohmcre.com/property-search?propertyId=1417995">https://meybohmcre.com/property-search?propertyId=1417995</a>]]></description>
      <styleUrl>#Meybohm</styleUrl>
      <Point>
        <coordinates>-82.00711559999999,33.4589148,0</coordinates>
      </Point>
    </Placemark>
    <Placemark>
      <name>1706 Magnolia Way</name>
      <description><![CDATA[<b>Address:</b> 1706 Magnolia Way, Augusta, GA 30909<br/><b>Type:</b> For Sale / For Lease<br/><b>Status:</b> Active<br/><b>Property Type:</b> Office<br/><b>Size:</b> 30,512 SF<br/><b>Price:</b> $6,500,000<br/><b>Agent:</b> Jonathan Aceves, CCIM, MBA, Jordan Collier, Dustin Wright<br/><b>Listing:</b> <a href="https://meybohmcre.com/property-search?propertyId=1489380">https://meybohmcre.com/property-search?propertyId=1489380</a>]]></description>
      <styleUrl>#Meybohm</styleUrl>
      <Point>
        <coordinates>-82.1275849,33.4766321,0</coordinates>
      </Point>
    </Placemark>
    <Placemark>
      <name>1741 Doug Barnard Pkwy</name>
      <description><![CDATA[<b>Address:</b> 1741 Doug Barnard Pkwy, Augusta, GA 30906<br/><b>Type:</b> For Sale<br/><b>Status:</b> Active<br/><b>Property Type:</b> Multifamily<br/><b>Price:</b> $250,000<br/><b>Agent:</b> Jonathan Aceves, CCIM, MBA, John Eckley, MBA, Civil Eng., Dustin Wright<br/><b>Listing:</b> <a href="https://meybohmcre.com/property-search?propertyId=1100077">https://meybohmcre.com/property-search?propertyId=1100077</a>]]></description>
      <styleUrl>#Meybohm</styleUrl>
      <Point>
        <coordinates>-81.98332099999999,33.401492,0</coordinates>
      </Point>
    </Placemark>
    <Placemark>
      <name>1745 Barton Chapel Rd</name>
      <description><![CDATA[<b>Address:</b> 1745 Barton Chapel Rd, Augusta, GA 30909<br/><b>Type:</b> For Lease<br/><b>Status:</b> Active<br/><b>Property Type:</b> Industrial<br/><b>Size:</b> 2,000,000 SF<br/><b>Agent:</b> Jonathan Aceves, CCIM, MBA, John Eckley, MBA, Civil Eng., Dustin Wright<br/><b>Listing:</b> <a href="https://meybohmcre.com/property-search?propertyId=1447508">https://meybohmcre.com/property-search?propertyId=1447508</a>]]></description>
      <styleUrl>#Meybohm</styleUrl>
      <Point>
        <coordinates>-82.088925,33.452915,0</coordinates>
      </Point>
    </Placemark>
    <Placemark>
      <name>1745 Barton Chapel Rd</name>
      <description><![CDATA[<b>Address:</b> 1745 Barton Chapel Rd, Augusta, GA 30909<br/><b>Type:</b> For Sale<br/><b>Status:</b> Active<br/><b>Property Type:</b> Multifamily<br/><b>Price:</b> $27,680,000<br/><b>Agent:</b> Jonathan Aceves, CCIM, MBA, John Eckley, MBA, Civil Eng., Dustin Wright<br/><b>Listing:</b> <a href="https://meybohmcre.com/property-search?propertyId=1423482">https://meybohmcre.com/property-search?propertyId=1423482</a>]]></description>
      <styleUrl>#Meybohm</styleUrl>
      <Point>
        <coordinates>-82.088925,33.452915,0</coordinates>
      </Point>
    </Placemark>
    <Placemark>
      <name>1800-1810 Broad St, 205 Crawford Ave.</name>
      <description><![CDATA[<b>Address:</b> 1800-1810 Broad St, 205 Crawford Ave., Augusta, GA 30904<br/><b>Type:</b> For Sale<br/><b>Status:</b> Active<br/><b>Property Type:</b> Mixed Use<br/><b>Size:</b> 7,260 SF<br/><b>Price:</b> $565,500<br/><b>Agent:</b> Danielle Meikrantz, Charlie Moye<br/><b>Listing:</b> <a href="https://meybohmcre.com/property-search?propertyId=1526473">https://meybohmcre.com/property-search?propertyId=1526473</a>]]></description>
      <styleUrl>#Meybohm</styleUrl>
      <Point>
        <coordinates>-81.9937656,33.4843777,0</coordinates>
      </Point>
    </Placemark>
    <Placemark>
      <name>1810 Phinizy Rd</name>
      <description><![CDATA[<b>Address:</b> 1810 Phinizy Rd, Augusta, GA 30906<br/><b>Type:</b> For Sale<br/><b>Status:</b> Active<br/><b>Property Type:</b> Multifamily<br/><b>Price:</b> $240,000<br/><b>Agent:</b> Dustin Wright, Jonathan Aceves, CCIM, MBA, John Eckley, MBA, Civil Eng.<br/><b>Listing:</b> <a href="https://meybohmcre.com/property-search?propertyId=1241962">https://meybohmcre.com/property-search?propertyId=1241962</a>]]></description>
      <styleUrl>#Meybohm</styleUrl>
      <Point>
        <coordinates>-82.005584,33.384921,0</coordinates>
      </Point>
    </Placemark>
    <Placemark>
      <name>1827 Killingsworth Rd</name>
      <description><![CDATA[<b>Address:</b> 1827 Killingsworth Rd, Augusta, GA 30904<br/><b>Type:</b> For Lease<br/><b>Status:</b> Active<br/><b>Property Type:</b> Industrial<br/><b>Size:</b> 11,760 SF<br/><b>Agent:</b> Dustin Wright, John Eckley, MBA, Civil Eng., Jonathan Aceves, CCIM, MBA<br/><b>Listing:</b> <a href="https://meybohmcre.com/property-search?propertyId=1545417">https://meybohmcre.com/property-search?propertyId=1545417</a>]]></description>
      <styleUrl>#Meybohm</styleUrl>
      <Point>
        <coordinates>-82.03050809999999,33.4521129,0</coordinates>
      </Point>
    </Placemark>
    <Placemark>
      <name>1918 Central Ave</name>
      <description><![CDATA[<b>Address:</b> 1918 Central Ave, Augusta, GA 30904<br/><b>Type:</b> For Lease<br/><b>Status:</b> Active<br/><b>Property Type:</b> Office<br/><b>Size:</b> 1,448 SF<br/><b>Agent:</b> Charlie Moye, Danielle Meikrantz<br/><b>Listing:</b> <a href="https://meybohmcre.com/property-search?propertyId=1647429">https://meybohmcre.com/property-search?propertyId=1647429</a>]]></description>
      <styleUrl>#Meybohm</styleUrl>
      <Point>
        <coordinates>-82.00688629999999,33.4683742,0</coordinates>
      </Point>
    </Placemark>
    <Placemark>
      <name>2041 Forward Augusta Dr</name>
      <description><![CDATA[<b>Address:</b> 2041 Forward Augusta Dr, Augusta, GA 30906<br/><b>Type:</b> For Sale / For Lease<br/><b>Status:</b> Active<br/><b>Property Type:</b> Multifamily<br/><b>Price:</b> $1,828,000<br/><b>Agent:</b> Dustin Wright, John Eckley, MBA, Civil Eng., Jonathan Aceves, CCIM, MBA<br/><b>Listing:</b> <a href="https://meybohmcre.com/property-search?propertyId=1583954">https://meybohmcre.com/property-search?propertyId=1583954</a>]]></description>
      <styleUrl>#Meybohm</styleUrl>
      <Point>
        <coordinates>-82.004463,33.365013,0</coordinates>
      </Point>
    </Placemark>
    <Placemark>
      <name>206-208 Hudson Trace</name>
      <description><![CDATA[<b>Address:</b> 206-208 Hudson Trace, Augusta, GA 30907<br/><b>Type:</b> For Lease<br/><b>Status:</b> Active<br/><b>Property Type:</b> Office<br/><b>Size:</b> 6,238 SF<br/><b>Agent:</b> Charlie Moye<br/><b>Listing:</b> <a href="https://meybohmcre.com/property-search?propertyId=1486476">https://meybohmcre.com/property-search?propertyId=1486476</a>]]></description>
      <styleUrl>#Meybohm</styleUrl>
      <Point>
        <coordinates>-82.0429068,33.5158379,0</coordinates>
      </Point>
    </Placemark>
    <Placemark>
      <name>208 - 210 Bobby Jones Expressway</name>
      <description><![CDATA[<b>Address:</b> 208 - 210 Bobby Jones Expressway, Augusta, GA 30907<br/><b>Type:</b> For Lease<br/><b>Status:</b> Active<br/><b>Property Type:</b> Multifamily<br/><b>Agent:</b> Jonathan Aceves, CCIM, MBA, Dustin Wright, John Eckley, MBA, Civil Eng.<br/><b>Listing:</b> <a href="https://meybohmcre.com/property-search?propertyId=1532055">https://meybohmcre.com/property-search?propertyId=1532055</a>]]></description>
      <styleUrl>#Meybohm</styleUrl>
      <Point>
        <coordinates>-82.09336560000001,33.5088731,0</coordinates>
      </Point>
    </Placemark>
    <Placemark>
      <name>2101 Central Avenue</name>
      <description><![CDATA[<b>Address:</b> 2101 Central Avenue, Augusta, GA 30904<br/><b>Type:</b> For Sale / For Lease<br/><b>Status:</b> Active<br/><b>Property Type:</b> Office<br/><b>Size:</b> 4,656 SF<br/><b>Price:</b> $700,000<br/><b>Agent:</b> Dustin Wright, Jonathan Aceves, CCIM, MBA, John Eckley, MBA, Civil Eng.<br/><b>Listing:</b> <a href="https://meybohmcre.com/property-search?propertyId=1117574">https://meybohmcre.com/property-search?propertyId=1117574</a>]]></description>
      <styleUrl>#Meybohm</styleUrl>
      <Point>
        <coordinates>-82.0111235,33.4702539,0</coordinates>
      </Point>
    </Placemark>
    <Placemark>
      <name>2311 Windsor Spring Road</name>
      <description><![CDATA[<b>Address:</b> 2311 Windsor Spring Road, Augusta, GA 30906<br/><b>Type:</b> For Lease<br/><b>Status:</b> Active<br/><b>Property Type:</b> Multifamily<br/><b>Agent:</b> Charlie Moye, George Lyles<br/><b>Listing:</b> <a href="https://meybohmcre.com/property-search?propertyId=1634574">https://meybohmcre.com/property-search?propertyId=1634574</a>]]></description>
      <styleUrl>#Meybohm</styleUrl>
      <Point>
        <coordinates>-82.042183,33.403734,0</coordinates>
      </Point>
    </Placemark>
    <Placemark>
      <name>2364 Gordon Hwy</name>
      <description><![CDATA[<b>Address:</b> 2364 Gordon Hwy, Augusta, GA 30909<br/><b>Type:</b> For Sale<br/><b>Status:</b> Active<br/><b>Property Type:</b> Multifamily<br/><b>Size:</b> 1,400 SF<br/><b>Price:</b> $739,000<br/><b>Agent:</b> Charlie Moye, George Lyles<br/><b>Listing:</b> <a href="https://meybohmcre.com/property-search?propertyId=1584606">https://meybohmcre.com/property-search?propertyId=1584606</a>]]></description>
      <styleUrl>#Meybohm</styleUrl>
      <Point>
        <coordinates>-82.09943349999999,33.4425536,0</coordinates>
      </Point>
    </Placemark>
    <Placemark>
      <name>2385 Tobacco Road and 4202 White Pine Court</name>
      <description><![CDATA[<b>Address:</b> 2385 Tobacco Road and 4202 White Pine Court, Augusta, GA 30906<br/><b>Type:</b> For Sale<br/><b>Status:</b> Active<br/><b>Property Type:</b> Multifamily<br/><b>Price:</b> $290,000<br/><b>Agent:</b> David Hogg<br/><b>Listing:</b> <a href="https://meybohmcre.com/property-search?propertyId=1143796">https://meybohmcre.com/property-search?propertyId=1143796</a>]]></description>
      <styleUrl>#Meybohm</styleUrl>
      <Point>
        <coordinates>-82.0538998,33.3741704,0</coordinates>
      </Point>
    </Placemark>
    <Placemark>
      <name>2417 Doug Barnard Pkwy</name>
      <description><![CDATA[<b>Address:</b> 2417 Doug Barnard Pkwy, Augusta, GA 30906<br/><b>Type:</b> For Sale<br/><b>Status:</b> Active<br/><b>Property Type:</b> Multifamily<br/><b>Price:</b> $759,000<br/><b>Agent:</b> Rebecca Wall, CCIM<br/><b>Listing:</b> <a href="https://meybohmcre.com/property-search?propertyId=1410070">https://meybohmcre.com/property-search?propertyId=1410070</a>]]></description>
      <styleUrl>#Meybohm</styleUrl>
      <Point>
        <coordinates>-81.990009,33.423532,0</coordinates>
      </Point>
    </Placemark>
    <Placemark>
      <name>2440 Peach Orchard Rd</name>
      <description><![CDATA[<b>Address:</b> 2440 Peach Orchard Rd, Augusta, GA 30906<br/><b>Type:</b> For Sale<br/><b>Status:</b> Active<br/><b>Property Type:</b> Office<br/><b>Size:</b> 12,393 SF<br/><b>Price:</b> $389,000<br/><b>Agent:</b> Travis Reed, CCIM, Charlie Moye<br/><b>Listing:</b> <a href="https://meybohmcre.com/property-search?propertyId=1469501">https://meybohmcre.com/property-search?propertyId=1469501</a>]]></description>
      <styleUrl>#Meybohm</styleUrl>
      <Point>
        <coordinates>-82.014218,33.4306345,0</coordinates>
      </Point>
    </Placemark>
    <Placemark>
      <name>2501 Meadowbrook Drive</name>
      <description><![CDATA[<b>Address:</b> 2501 Meadowbrook Drive, Augusta, GA 30906<br/><b>Type:</b> For Sale<br/><b>Status:</b> Active<br/><b>Property Type:</b> Multifamily<br/><b>Price:</b> $275,000<br/><b>Agent:</b> Jonathan Aceves, CCIM, MBA, John Eckley, MBA, Civil Eng., Dustin Wright<br/><b>Listing:</b> <a href="https://meybohmcre.com/property-search?propertyId=1100028">https://meybohmcre.com/property-search?propertyId=1100028</a>]]></description>
      <styleUrl>#Meybohm</styleUrl>
      <Point>
        <coordinates>-82.05703799999999,33.397503,0</coordinates>
      </Point>
    </Placemark>
    <Placemark>
      <name>2522-2524 Mike Padgett Hwy</name>
      <description><![CDATA[<b>Address:</b> 2522-2524 Mike Padgett Hwy, Augusta, GA 30906<br/><b>Type:</b> For Sale<br/><b>Status:</b> Active<br/><b>Property Type:</b> Multifamily<br/><b>Price:</b> $200,000<br/><b>Agent:</b> Jonathan Aceves, CCIM, MBA, John Eckley, MBA, Civil Eng., Dustin Wright<br/><b>Listing:</b> <a href="https://meybohmcre.com/property-search?propertyId=1179780">https://meybohmcre.com/property-search?propertyId=1179780</a>]]></description>
      <styleUrl>#Meybohm</styleUrl>
      <Point>
        <coordinates>-82.00518699999999,33.426438,0</coordinates>
      </Point>
    </Placemark>
    <Placemark>
      <name>2557 Gordon Highway</name>
      <description><![CDATA[<b>Address:</b> 2557 Gordon Highway, Augusta, GA 30909<br/><b>Type:</b> For Sale<br/><b>Status:</b> Active<br/><b>Property Type:</b> Multifamily<br/><b>Price:</b> $2,400,000<br/><b>Agent:</b> Bobby Meybohm<br/><b>Listing:</b> <a href="https://meybohmcre.com/property-search?propertyId=516816">https://meybohmcre.com/property-search?propertyId=516816</a>]]></description>
      <styleUrl>#Meybohm</styleUrl>
      <Point>
        <coordinates>-82.115228,33.441981,0</coordinates>
      </Point>
    </Placemark>
    <Placemark>
      <name>2625 Deans Bridge Rd</name>
      <description><![CDATA[<b>Address:</b> 2625 Deans Bridge Rd, Augusta, GA 30906<br/><b>Type:</b> For Lease<br/><b>Status:</b> Active<br/><b>Property Type:</b> Retail<br/><b>Size:</b> 1,550 SF<br/><b>Agent:</b> Rebecca Wall, CCIM<br/><b>Listing:</b> <a href="https://meybohmcre.com/property-search?propertyId=639532">https://meybohmcre.com/property-search?propertyId=639532</a>]]></description>
      <styleUrl>#Meybohm</styleUrl>
      <Point>
        <coordinates>-82.0237696,33.4402256,0</coordinates>
      </Point>
    </Placemark>
    <Placemark>
      <name>3030 Washington Rd # A</name>
      <description><![CDATA[<b>Address:</b> 3030 Washington Rd # A, Augusta, GA 30907<br/><b>Type:</b> For Sale / For Lease<br/><b>Status:</b> Active<br/><b>Property Type:</b> Multifamily<br/><b>Price:</b> $825,490<br/><b>Agent:</b> Jonathan Aceves, CCIM, MBA, Dustin Wright, John Eckley, MBA, Civil Eng.<br/><b>Listing:</b> <a href="https://meybohmcre.com/property-search?propertyId=1501923">https://meybohmcre.com/property-search?propertyId=1501923</a>]]></description>
      <styleUrl>#Meybohm</styleUrl>
      <Point>
        <coordinates>-82.0477138,33.5115858,0</coordinates>
      </Point>
    </Placemark>
    <Placemark>
      <name>3047 &amp; 3038 Manchester Dr.</name>
      <description><![CDATA[<b>Address:</b> 3047 &amp; 3038 Manchester Dr., Augusta, GA 30815<br/><b>Type:</b> For Sale<br/><b>Status:</b> Active<br/><b>Property Type:</b> Multifamily<br/><b>Price:</b> $625,000<br/><b>Agent:</b> Jonathan Aceves, CCIM, MBA, Dustin Wright, John Eckley, MBA, Civil Eng.<br/><b>Listing:</b> <a href="https://meybohmcre.com/property-search?propertyId=1035692">https://meybohmcre.com/property-search?propertyId=1035692</a>]]></description>
      <styleUrl>#Meybohm</styleUrl>
      <Point>
        <coordinates>-82.055831,33.383437,0</coordinates>
      </Point>
    </Placemark>
    <Placemark>
      <name>305 8th St</name>
      <description><![CDATA[<b>Address:</b> 305 8th St, Augusta, GA 30901<br/><b>Type:</b> For Lease<br/><b>Status:</b> Active<br/><b>Property Type:</b> Retail<br/><b>Size:</b> 23,664 SF<br/><b>Agent:</b> George Lyles, Dustin Wright, Jonathan Aceves, CCIM, MBA<br/><b>Listing:</b> <a href="https://meybohmcre.com/property-search?propertyId=1615349">https://meybohmcre.com/property-search?propertyId=1615349</a>]]></description>
      <styleUrl>#Meybohm</styleUrl>
      <Point>
        <coordinates>-81.9663089,33.4741392,0</coordinates>
      </Point>
    </Placemark>
    <Placemark>
      <name>305 Eighth St.</name>
      <description><![CDATA[<b>Address:</b> 305 Eighth St., Augusta, GA 30901<br/><b>Type:</b> For Sale<br/><b>Status:</b> Active<br/><b>Property Type:</b> Retail<br/><b>Size:</b> 23,664 SF<br/><b>Price:</b> $1,200,000<br/><b>Agent:</b> Jonathan Aceves, CCIM, MBA, John Eckley, MBA, Civil Eng., Dustin Wright<br/><b>Listing:</b> <a href="https://meybohmcre.com/property-search?propertyId=894761">https://meybohmcre.com/property-search?propertyId=894761</a>]]></description>
      <styleUrl>#Meybohm</styleUrl>
      <Point>
        <coordinates>-81.9663089,33.4741392,0</coordinates>
      </Point>
    </Placemark>
    <Placemark>
      <name>3160-3162 Deans Bridge Rd &amp; 1010 Kipling Rd</name>
      <description><![CDATA[<b>Address:</b> 3160-3162 Deans Bridge Rd &amp; 1010 Kipling Rd, Augusta, GA 30906<br/><b>Type:</b> For Sale<br/><b>Status:</b> Active<br/><b>Property Type:</b> Multifamily<br/><b>Price:</b> $595,000<br/><b>Agent:</b> Luke Henderson, Jordan Collier, Brian Sweeting<br/><b>Listing:</b> <a href="https://meybohmcre.com/property-search?propertyId=1624196">https://meybohmcre.com/property-search?propertyId=1624196</a>]]></description>
      <styleUrl>#Meybohm</styleUrl>
      <Point>
        <coordinates>-82.060969,33.422145,0</coordinates>
      </Point>
    </Placemark>
    <Placemark>
      <name>3218 Mike Padgett Hwy</name>
      <description><![CDATA[<b>Address:</b> 3218 Mike Padgett Hwy, Augusta, GA 30906<br/><b>Type:</b> For Sale<br/><b>Status:</b> Active<br/><b>Property Type:</b> Multifamily<br/><b>Size:</b> 1,792 SF<br/><b>Price:</b> $1,500,000<br/><b>Agent:</b> Dustin Wright, Jonathan Aceves, CCIM, MBA, Jordan Collier<br/><b>Listing:</b> <a href="https://meybohmcre.com/property-search?propertyId=1572160">https://meybohmcre.com/property-search?propertyId=1572160</a>]]></description>
      <styleUrl>#Meybohm</styleUrl>
      <Point>
        <coordinates>-82.0052137,33.4060137,0</coordinates>
      </Point>
    </Placemark>
    <Placemark>
      <name>3221 Wrightsboro Rd</name>
      <description><![CDATA[<b>Address:</b> 3221 Wrightsboro Rd, Augusta, GA 30909<br/><b>Type:</b> For Lease<br/><b>Status:</b> Active<br/><b>Property Type:</b> Retail<br/><b>Size:</b> 6,280 SF<br/><b>Agent:</b> George Lyles, Dustin Wright, Jonathan Aceves, CCIM, MBA<br/><b>Listing:</b> <a href="https://meybohmcre.com/property-search?propertyId=1579546">https://meybohmcre.com/property-search?propertyId=1579546</a>]]></description>
      <styleUrl>#Meybohm</styleUrl>
      <Point>
        <coordinates>-82.0640371,33.4698759,0</coordinates>
      </Point>
    </Placemark>
    <Placemark>
      <name>3604 Verandah Dr</name>
      <description><![CDATA[<b>Address:</b> 3604 Verandah Dr, Augusta, GA 30909<br/><b>Type:</b> For Lease<br/><b>Status:</b> Active<br/><b>Property Type:</b> Retail<br/><b>Size:</b> 7,200 SF<br/><b>Agent:</b> Matt Rogers<br/><b>Listing:</b> <a href="https://meybohmcre.com/property-search?propertyId=1087975">https://meybohmcre.com/property-search?propertyId=1087975</a>]]></description>
      <styleUrl>#Meybohm</styleUrl>
      <Point>
        <coordinates>-82.0733985,33.4647333,0</coordinates>
      </Point>
    </Placemark>
    <Placemark>
      <name>3661 Mike Padgett Hwy</name>
      <description><![CDATA[<b>Address:</b> 3661 Mike Padgett Hwy, Augusta, GA 30906<br/><b>Type:</b> For Sale / For Lease<br/><b>Status:</b> Active<br/><b>Property Type:</b> Multifamily<br/><b>Size:</b> 5,250 SF<br/><b>Price:</b> $521,100<br/><b>Agent:</b> Jonathan Aceves, CCIM, MBA, Dustin Wright, John Eckley, MBA, Civil Eng.<br/><b>Listing:</b> <a href="https://meybohmcre.com/property-search?propertyId=1540574">https://meybohmcre.com/property-search?propertyId=1540574</a>]]></description>
      <styleUrl>#Meybohm</styleUrl>
      <Point>
        <coordinates>-81.998936,33.370049,0</coordinates>
      </Point>
    </Placemark>
    <Placemark>
      <name>3736 Mike Padgett Hwy</name>
      <description><![CDATA[<b>Address:</b> 3736 Mike Padgett Hwy, Augusta, GA 30906<br/><b>Type:</b> For Lease<br/><b>Status:</b> Active<br/><b>Property Type:</b> Retail<br/><b>Size:</b> 15,560 SF<br/><b>Agent:</b> Jonathan Aceves, CCIM, MBA, Dustin Wright, John Eckley, MBA, Civil Eng.<br/><b>Listing:</b> <a href="https://meybohmcre.com/property-search?propertyId=1503625">https://meybohmcre.com/property-search?propertyId=1503625</a>]]></description>
      <styleUrl>#Meybohm</styleUrl>
      <Point>
        <coordinates>-81.9945663,33.3659764,0</coordinates>
      </Point>
    </Placemark>
    <Placemark>
      <name>3970 Belair Road</name>
      <description><![CDATA[<b>Address:</b> 3970 Belair Road, Augusta, GA 30907<br/><b>Type:</b> For Sale<br/><b>Status:</b> Active<br/><b>Property Type:</b> Mixed Use<br/><b>Size:</b> 1,907 SF<br/><b>Price:</b> $250,000<br/><b>Agent:</b> Mark Pritchett<br/><b>Listing:</b> <a href="https://meybohmcre.com/property-search?propertyId=1600214">https://meybohmcre.com/property-search?propertyId=1600214</a>]]></description>
      <styleUrl>#Meybohm</styleUrl>
      <Point>
        <coordinates>-82.1266551,33.4647586,0</coordinates>
      </Point>
    </Placemark>
    <Placemark>
      <name>4049 Allen Station Rd</name>
      <description><![CDATA[<b>Address:</b> 4049 Allen Station Rd, Augusta, GA 30906<br/><b>Type:</b> For Lease<br/><b>Status:</b> Active<br/><b>Property Type:</b> Industrial<br/><b>Size:</b> 71,913 SF<br/><b>Agent:</b> John Eckley, MBA, Civil Eng., Jonathan Aceves, CCIM, MBA, Dustin Wright<br/><b>Listing:</b> <a href="https://meybohmcre.com/property-search?propertyId=1605893">https://meybohmcre.com/property-search?propertyId=1605893</a>]]></description>
      <styleUrl>#Meybohm</styleUrl>
      <Point>
        <coordinates>-81.965784,33.343428,0</coordinates>
      </Point>
    </Placemark>
    <Placemark>
      <name>4106 Columbia Road</name>
      <description><![CDATA[<b>Address:</b> 4106 Columbia Road, Augusta, GA 30907<br/><b>Type:</b> For Sale<br/><b>Status:</b> Active<br/><b>Property Type:</b> Office<br/><b>Size:</b> 25,282 SF<br/><b>Price:</b> $4,355,000<br/><b>Cap Rate:</b> 7.00%<br/><b>Agent:</b> Luke Henderson, Jordan Collier, Brian Sweeting<br/><b>Listing:</b> <a href="https://meybohmcre.com/property-search?propertyId=1615275">https://meybohmcre.com/property-search?propertyId=1615275</a>]]></description>
      <styleUrl>#Meybohm</styleUrl>
      <Point>
        <coordinates>-82.10638050000001,33.507548,0</coordinates>
      </Point>
    </Placemark>
    <Placemark>
      <name>431 Park West Dr</name>
      <description><![CDATA[<b>Address:</b> 431 Park West Dr, Augusta, GA 30909<br/><b>Type:</b> For Sale<br/><b>Status:</b> Active<br/><b>Property Type:</b> Multifamily<br/><b>Price:</b> $500,000<br/><b>Agent:</b> Bobby Meybohm<br/><b>Listing:</b> <a href="https://meybohmcre.com/property-search?propertyId=516890">https://meybohmcre.com/property-search?propertyId=516890</a>]]></description>
      <styleUrl>#Meybohm</styleUrl>
      <Point>
        <coordinates>-82.13471299999999,33.47937200000001,0</coordinates>
      </Point>
    </Placemark>
    <Placemark>
      <name>4310 Belair Frontage Rd</name>
      <description><![CDATA[<b>Address:</b> 4310 Belair Frontage Rd, Augusta, GA 30909<br/><b>Type:</b> For Lease<br/><b>Status:</b> Active<br/><b>Property Type:</b> Industrial<br/><b>Size:</b> 2,600 SF<br/><b>Agent:</b> Charlie Moye<br/><b>Listing:</b> <a href="https://meybohmcre.com/property-search?propertyId=1662767">https://meybohmcre.com/property-search?propertyId=1662767</a>]]></description>
      <styleUrl>#Meybohm</styleUrl>
      <Point>
        <coordinates>-82.1250219,33.4830018,0</coordinates>
      </Point>
    </Placemark>
    <Placemark>
      <name>4476 Columbia Rd</name>
      <description><![CDATA[<b>Address:</b> 4476 Columbia Rd, Augusta, GA 30907<br/><b>Type:</b> For Lease<br/><b>Status:</b> Active<br/><b>Property Type:</b> Retail<br/><b>Size:</b> 8,450 SF<br/><b>Agent:</b> Charlie Moye, Brian Sweeting<br/><b>Listing:</b> <a href="https://meybohmcre.com/property-search?propertyId=1545674">https://meybohmcre.com/property-search?propertyId=1545674</a>]]></description>
      <styleUrl>#Meybohm</styleUrl>
      <Point>
        <coordinates>-82.1426305,33.5059793,0</coordinates>
      </Point>
    </Placemark>
    <Placemark>
      <name>514 CDP Industrial Blvd</name>
      <description><![CDATA[<b>Address:</b> 514 CDP Industrial Blvd, Augusta, GA 30813<br/><b>Type:</b> For Sale<br/><b>Status:</b> Active<br/><b>Property Type:</b> Hospitality<br/><b>Price:</b> $3,400,000<br/><b>Agent:</b> Bobby Meybohm<br/><b>Listing:</b> <a href="https://meybohmcre.com/property-search?propertyId=516933">https://meybohmcre.com/property-search?propertyId=516933</a>]]></description>
      <styleUrl>#Meybohm</styleUrl>
      <Point>
        <coordinates>-82.133657,33.476722,0</coordinates>
      </Point>
    </Placemark>
    <Placemark>
      <name>567 Greene Street</name>
      <description><![CDATA[<b>Address:</b> 567 Greene Street, Augusta, GA 30901<br/><b>Type:</b> For Sale<br/><b>Status:</b> Active<br/><b>Property Type:</b> Multifamily<br/><b>Price:</b> $97,470<br/><b>Agent:</b> Jonathan Aceves, CCIM, MBA, John Eckley, MBA, Civil Eng., Danielle Meikrantz<br/><b>Listing:</b> <a href="https://meybohmcre.com/property-search?propertyId=911269">https://meybohmcre.com/property-search?propertyId=911269</a>]]></description>
      <styleUrl>#Meybohm</styleUrl>
      <Point>
        <coordinates>-81.962165,33.47224,0</coordinates>
      </Point>
    </Placemark>
    <Placemark>
      <name>602 3rd Street</name>
      <description><![CDATA[<b>Address:</b> 602 3rd Street, Augusta, GA 30901<br/><b>Type:</b> For Sale<br/><b>Status:</b> Active<br/><b>Property Type:</b> Hospitality<br/><b>Size:</b> 5,978 SF<br/><b>Price:</b> $1,000,000<br/><b>Cap Rate:</b> 8.77%<br/><b>Agent:</b> Danielle Meikrantz, Jonathan Aceves, CCIM, MBA, Dustin Wright<br/><b>Listing:</b> <a href="https://meybohmcre.com/property-search?propertyId=1340451">https://meybohmcre.com/property-search?propertyId=1340451</a>]]></description>
      <styleUrl>#Meybohm</styleUrl>
      <Point>
        <coordinates>-81.9560455,33.4669337,0</coordinates>
      </Point>
    </Placemark>
    <Placemark>
      <name>709 &amp; 711 Jefferson Dr.</name>
      <description><![CDATA[<b>Address:</b> 709 &amp; 711 Jefferson Dr., Augusta, GA 30909<br/><b>Type:</b> For Sale<br/><b>Status:</b> Active<br/><b>Property Type:</b> Multifamily<br/><b>Price:</b> $75,000<br/><b>Agent:</b> Matt Rogers<br/><b>Listing:</b> <a href="https://meybohmcre.com/property-search?propertyId=878308">https://meybohmcre.com/property-search?propertyId=878308</a>]]></description>
      <styleUrl>#Meybohm</styleUrl>
      <Point>
        <coordinates>-82.038753,33.48431000000001,0</coordinates>
      </Point>
    </Placemark>
    <Placemark>
      <name>909 15th St</name>
      <description><![CDATA[<b>Address:</b> 909 15th St, Augusta, GA 30901<br/><b>Type:</b> For Sale / For Lease<br/><b>Status:</b> Active<br/><b>Property Type:</b> Office<br/><b>Size:</b> 4,308 SF<br/><b>Price:</b> $1,500,000<br/><b>Agent:</b> Jonathan Aceves, CCIM, MBA, John Eckley, MBA, Civil Eng., Dustin Wright<br/><b>Listing:</b> <a href="https://meybohmcre.com/property-search?propertyId=1382099">https://meybohmcre.com/property-search?propertyId=1382099</a>]]></description>
      <styleUrl>#Meybohm</styleUrl>
      <Point>
        <coordinates>-81.9893824,33.47389190000001,0</coordinates>
      </Point>
    </Placemark>
    <Placemark>
      <name>971 Broad Street</name>
      <description><![CDATA[<b>Address:</b> 971 Broad Street, Augusta, GA 30901<br/><b>Type:</b> For Lease<br/><b>Status:</b> Active<br/><b>Property Type:</b> Office<br/><b>Size:</b> 5,158 SF<br/><b>Agent:</b> Charlie Moye, Brian Sweeting<br/><b>Listing:</b> <a href="https://meybohmcre.com/property-search?propertyId=1475188">https://meybohmcre.com/property-search?propertyId=1475188</a>]]></description>
      <styleUrl>#Meybohm</styleUrl>
      <Point>
        <coordinates>-81.9690724,33.4770439,0</coordinates>
      </Point>
    </Placemark>
    <Placemark>
      <name>0 Market View Pkwy</name>
      <description><![CDATA[<b>Address:</b> 0 Market View Pkwy, Evans, GA 30809<br/><b>Type:</b> For Sale<br/><b>Status:</b> Active<br/><b>Property Type:</b> Multifamily<br/><b>Price:</b> $850,000<br/><b>Agent:</b> Jonathan Aceves, CCIM, MBA, John Eckley, MBA, Civil Eng., Dustin Wright<br/><b>Listing:</b> <a href="https://meybohmcre.com/property-search?propertyId=1318665">https://meybohmcre.com/property-search?propertyId=1318665</a>]]></description>
      <styleUrl>#Meybohm</styleUrl>
      <Point>
        <coordinates>-82.1938476,33.5749014,0</coordinates>
      </Point>
    </Placemark>
    <Placemark>
      <name>00 Addison Square</name>
      <description><![CDATA[<b>Address:</b> 00 Addison Square, Evans, GA 30809<br/><b>Type:</b> For Sale<br/><b>Status:</b> Active<br/><b>Property Type:</b> Multifamily<br/><b>Price:</b> $325,000<br/><b>Agent:</b> Jonathan Aceves, CCIM, MBA, John Eckley, MBA, Civil Eng., Dustin Wright<br/><b>Listing:</b> <a href="https://meybohmcre.com/property-search?propertyId=871866">https://meybohmcre.com/property-search?propertyId=871866</a>]]></description>
      <styleUrl>#Meybohm</styleUrl>
      <Point>
        <coordinates>-82.1904025,33.575004,0</coordinates>
      </Point>
    </Placemark>
    <Placemark>
      <name>00 Evans to Locks Road</name>
      <description><![CDATA[<b>Address:</b> 00 Evans to Locks Road, Evans, GA 30809<br/><b>Type:</b> For Sale / For Lease<br/><b>Status:</b> Active<br/><b>Property Type:</b> Multifamily<br/><b>Price:</b> $1,951,168<br/><b>Agent:</b> Dustin Wright, John Eckley, MBA, Civil Eng., Jonathan Aceves, CCIM, MBA<br/><b>Listing:</b> <a href="https://meybohmcre.com/property-search?propertyId=1571437">https://meybohmcre.com/property-search?propertyId=1571437</a>]]></description>
      <styleUrl>#Meybohm</styleUrl>
      <Point>
        <coordinates>-82.1002522,33.5452822,0</coordinates>
      </Point>
    </Placemark>
    <Placemark>
      <name>00 Market View Pkwy</name>
      <description><![CDATA[<b>Address:</b> 00 Market View Pkwy, Evans, GA 30809<br/><b>Type:</b> For Sale / For Lease<br/><b>Status:</b> Active<br/><b>Property Type:</b> Multifamily<br/><b>Agent:</b> Jonathan Aceves, CCIM, MBA, Brian Sweeting, John Eckley, MBA, Civil Eng.<br/><b>Listing:</b> <a href="https://meybohmcre.com/property-search?propertyId=1545138">https://meybohmcre.com/property-search?propertyId=1545138</a>]]></description>
      <styleUrl>#Meybohm</styleUrl>
      <Point>
        <coordinates>-82.1938476,33.5749014,0</coordinates>
      </Point>
    </Placemark>
    <Placemark>
      <name>1 Market View Pkwy</name>
      <description><![CDATA[<b>Address:</b> 1 Market View Pkwy, Evans, GA 30809<br/><b>Type:</b> For Lease<br/><b>Status:</b> Active<br/><b>Property Type:</b> Retail<br/><b>Size:</b> 8,400 SF<br/><b>Agent:</b> Charlie Moye, Brian Sweeting<br/><b>Listing:</b> <a href="https://meybohmcre.com/property-search?propertyId=1570011">https://meybohmcre.com/property-search?propertyId=1570011</a>]]></description>
      <styleUrl>#Meybohm</styleUrl>
      <Point>
        <coordinates>-82.1938476,33.5749014,0</coordinates>
      </Point>
    </Placemark>
    <Placemark>
      <name>1 Randolph Court</name>
      <description><![CDATA[<b>Address:</b> 1 Randolph Court, Evans, GA 30809<br/><b>Type:</b> For Sale<br/><b>Status:</b> Active<br/><b>Property Type:</b> Industrial<br/><b>Size:</b> 10,400 SF<br/><b>Price:</b> $2,065,000<br/><b>Cap Rate:</b> 6.63%<br/><b>Agent:</b> Luke Henderson, Brian Sweeting, Jordan Collier<br/><b>Listing:</b> <a href="https://meybohmcre.com/property-search?propertyId=1653447">https://meybohmcre.com/property-search?propertyId=1653447</a>]]></description>
      <styleUrl>#Meybohm</styleUrl>
      <Point>
        <coordinates>-82.114903,33.5362297,0</coordinates>
      </Point>
    </Placemark>
    <Placemark>
      <name>116 N Belair Rd</name>
      <description><![CDATA[<b>Address:</b> 116 N Belair Rd, Evans, GA 30809<br/><b>Type:</b> For Lease<br/><b>Status:</b> Active<br/><b>Property Type:</b> Retail<br/><b>Size:</b> 2,701 SF<br/><b>Agent:</b> Rebecca Wall, CCIM<br/><b>Listing:</b> <a href="https://meybohmcre.com/property-search?propertyId=1599805">https://meybohmcre.com/property-search?propertyId=1599805</a>]]></description>
      <styleUrl>#Meybohm</styleUrl>
      <Point>
        <coordinates>-82.1426978,33.5093239,0</coordinates>
      </Point>
    </Placemark>
    <Placemark>
      <name>2012 Parkview Dr</name>
      <description><![CDATA[<b>Address:</b> 2012 Parkview Dr, Evans, GA 30809<br/><b>Type:</b> For Sale<br/><b>Status:</b> Active<br/><b>Property Type:</b> Multifamily<br/><b>Price:</b> $655,000<br/><b>Agent:</b> Matt Rogers<br/><b>Listing:</b> <a href="https://meybohmcre.com/property-search?propertyId=1025187">https://meybohmcre.com/property-search?propertyId=1025187</a>]]></description>
      <styleUrl>#Meybohm</styleUrl>
      <Point>
        <coordinates>-82.1364519,33.5324642,0</coordinates>
      </Point>
    </Placemark>
    <Placemark>
      <name>253 N Belair Rd</name>
      <description><![CDATA[<b>Address:</b> 253 N Belair Rd, Evans, GA 30809<br/><b>Type:</b> For Sale<br/><b>Status:</b> Active<br/><b>Property Type:</b> Multifamily<br/><b>Price:</b> $500,000<br/><b>Agent:</b> Jonathan Aceves, CCIM, MBA, Dustin Wright, John Eckley, MBA, Civil Eng.<br/><b>Listing:</b> <a href="https://meybohmcre.com/property-search?propertyId=1234221">https://meybohmcre.com/property-search?propertyId=1234221</a>]]></description>
      <styleUrl>#Meybohm</styleUrl>
      <Point>
        <coordinates>-82.14223,33.520149,0</coordinates>
      </Point>
    </Placemark>
    <Placemark>
      <name>3950 Evans to Locks Road</name>
      <description><![CDATA[<b>Address:</b> 3950 Evans to Locks Road, Evans, GA 30809<br/><b>Type:</b> For Sale / For Lease<br/><b>Status:</b> Active<br/><b>Property Type:</b> Multifamily<br/><b>Price:</b> $3,800,000<br/><b>Agent:</b> Jonathan Aceves, CCIM, MBA, Dustin Wright<br/><b>Listing:</b> <a href="https://meybohmcre.com/property-search?propertyId=1558527">https://meybohmcre.com/property-search?propertyId=1558527</a>]]></description>
      <styleUrl>#Meybohm</styleUrl>
      <Point>
        <coordinates>-82.092119,33.548997,0</coordinates>
      </Point>
    </Placemark>
    <Placemark>
      <name>422 Town Park Blvd</name>
      <description><![CDATA[<b>Address:</b> 422 Town Park Blvd, Evans, GA 30809<br/><b>Type:</b> For Sale<br/><b>Status:</b> Active<br/><b>Property Type:</b> Multifamily<br/><b>Price:</b> $295,000<br/><b>Agent:</b> Jonathan Aceves, CCIM, MBA, John Eckley, MBA, Civil Eng., Dustin Wright<br/><b>Listing:</b> <a href="https://meybohmcre.com/property-search?propertyId=872419">https://meybohmcre.com/property-search?propertyId=872419</a>]]></description>
      <styleUrl>#Meybohm</styleUrl>
      <Point>
        <coordinates>-82.134551,33.532745,0</coordinates>
      </Point>
    </Placemark>
    <Placemark>
      <name>425 N Belair Rd</name>
      <description><![CDATA[<b>Address:</b> 425 N Belair Rd, Evans, GA 30809<br/><b>Type:</b> For Lease<br/><b>Status:</b> Active<br/><b>Property Type:</b> Office<br/><b>Size:</b> 4,000 SF<br/><b>Agent:</b> David Hogg<br/><b>Listing:</b> <a href="https://meybohmcre.com/property-search?propertyId=1552853">https://meybohmcre.com/property-search?propertyId=1552853</a>]]></description>
      <styleUrl>#Meybohm</styleUrl>
      <Point>
        <coordinates>-82.1320704,33.5282403,0</coordinates>
      </Point>
    </Placemark>
    <Placemark>
      <name>4301 Evans to Lock</name>
      <description><![CDATA[<b>Address:</b> 4301 Evans to Lock, Evans, GA 30809<br/><b>Type:</b> For Sale / For Lease<br/><b>Status:</b> Active<br/><b>Property Type:</b> Multifamily<br/><b>Price:</b> $4,102,000<br/><b>Agent:</b> Dustin Wright, John Eckley, MBA, Civil Eng., Jonathan Aceves, CCIM, MBA<br/><b>Listing:</b> <a href="https://meybohmcre.com/property-search?propertyId=1569255">https://meybohmcre.com/property-search?propertyId=1569255</a>]]></description>
      <styleUrl>#Meybohm</styleUrl>
      <Point>
        <coordinates>-82.11776449999999,33.5431729,0</coordinates>
      </Point>
    </Placemark>
    <Placemark>
      <name>4698 Washington Rd</name>
      <description><![CDATA[<b>Address:</b> 4698 Washington Rd, Evans, GA 30809<br/><b>Type:</b> For Sale<br/><b>Status:</b> Active<br/><b>Property Type:</b> Retail<br/><b>Size:</b> 14,723 SF<br/><b>Price:</b> $2,670,000<br/><b>Cap Rate:</b> 6.74%<br/><b>Agent:</b> Jordan Collier, Luke Henderson, Will Owen<br/><b>Listing:</b> <a href="https://meybohmcre.com/property-search?propertyId=1663167">https://meybohmcre.com/property-search?propertyId=1663167</a>]]></description>
      <styleUrl>#Meybohm</styleUrl>
      <Point>
        <coordinates>-82.1603999,33.5562972,0</coordinates>
      </Point>
    </Placemark>
    <Placemark>
      <name>5095 Washington Rd</name>
      <description><![CDATA[<b>Address:</b> 5095 Washington Rd, Evans, GA 30809<br/><b>Type:</b> For Sale / For Lease<br/><b>Status:</b> Active<br/><b>Property Type:</b> Multifamily<br/><b>Size:</b> 5,303 SF<br/><b>Price:</b> $800,000<br/><b>Agent:</b> Jonathan Aceves, CCIM, MBA, Dustin Wright, John Eckley, MBA, Civil Eng.<br/><b>Listing:</b> <a href="https://meybohmcre.com/property-search?propertyId=1617876">https://meybohmcre.com/property-search?propertyId=1617876</a>]]></description>
      <styleUrl>#Meybohm</styleUrl>
      <Point>
        <coordinates>-82.1909249,33.57182300000001,0</coordinates>
      </Point>
    </Placemark>
    <Placemark>
      <name>5170 Columbia Road</name>
      <description><![CDATA[<b>Address:</b> 5170 Columbia Road, Evans, GA 30809<br/><b>Type:</b> For Sale / For Lease<br/><b>Status:</b> Active<br/><b>Property Type:</b> Multifamily<br/><b>Price:</b> $1,700,000<br/><b>Agent:</b> Jonathan Aceves, CCIM, MBA, Dustin Wright, John Eckley, MBA, Civil Eng.<br/><b>Listing:</b> <a href="https://meybohmcre.com/property-search?propertyId=1536884">https://meybohmcre.com/property-search?propertyId=1536884</a>]]></description>
      <styleUrl>#Meybohm</styleUrl>
      <Point>
        <coordinates>-82.19998749999999,33.5066572,0</coordinates>
      </Point>
    </Placemark>
    <Placemark>
      <name>601 N. Belair Square Suite 6</name>
      <description><![CDATA[<b>Address:</b> 601 N. Belair Square Suite 6, Evans, GA 30809<br/><b>Type:</b> For Lease<br/><b>Status:</b> Active<br/><b>Property Type:</b> Office<br/><b>Size:</b> 1,600 SF<br/><b>Agent:</b> George Lyles, Charlie Moye<br/><b>Listing:</b> <a href="https://meybohmcre.com/property-search?propertyId=1597031">https://meybohmcre.com/property-search?propertyId=1597031</a>]]></description>
      <styleUrl>#Meybohm</styleUrl>
      <Point>
        <coordinates>-82.12799849999999,33.5384048,0</coordinates>
      </Point>
    </Placemark>
    <Placemark>
      <name>7025 Evans Towne Center Blvd</name>
      <description><![CDATA[<b>Address:</b> 7025 Evans Towne Center Blvd, Evans, GA 30809<br/><b>Type:</b> For Lease<br/><b>Status:</b> Active<br/><b>Property Type:</b> Retail<br/><b>Size:</b> 58,000 SF<br/><b>Agent:</b> Jordan Collier, Matt Rogers<br/><b>Listing:</b> <a href="https://meybohmcre.com/property-search?propertyId=396026">https://meybohmcre.com/property-search?propertyId=396026</a>]]></description>
      <styleUrl>#Meybohm</styleUrl>
      <Point>
        <coordinates>-82.12958309999999,33.5439492,0</coordinates>
      </Point>
    </Placemark>
    <Placemark>
      <name>715 Georgia Pines Trail</name>
      <description><![CDATA[<b>Address:</b> 715 Georgia Pines Trail, Evans, GA 30809<br/><b>Type:</b> For Sale<br/><b>Status:</b> Active<br/><b>Property Type:</b> Multifamily<br/><b>Price:</b> $465,000<br/><b>Agent:</b> Charlie Moye<br/><b>Listing:</b> <a href="https://meybohmcre.com/property-search?propertyId=1250214">https://meybohmcre.com/property-search?propertyId=1250214</a>]]></description>
      <styleUrl>#Meybohm</styleUrl>
      <Point>
        <coordinates>-82.2032203,33.5503236,0</coordinates>
      </Point>
    </Placemark>
    <Placemark>
      <name>720 Low Meadow Dr</name>
      <description><![CDATA[<b>Address:</b> 720 Low Meadow Dr, Evans, GA 30809<br/><b>Type:</b> For Sale<br/><b>Status:</b> Active<br/><b>Property Type:</b> Hospitality<br/><b>Size:</b> 23,256 SF<br/><b>Price:</b> $3,700,000<br/><b>Cap Rate:</b> 5.35%<br/><b>Agent:</b> Danielle Meikrantz<br/><b>Listing:</b> <a href="https://meybohmcre.com/property-search?propertyId=1662345">https://meybohmcre.com/property-search?propertyId=1662345</a>]]></description>
      <styleUrl>#Meybohm</styleUrl>
      <Point>
        <coordinates>-82.1609611,33.5488369,0</coordinates>
      </Point>
    </Placemark>
    <Placemark>
      <name>725 North Belair Road</name>
      <description><![CDATA[<b>Address:</b> 725 North Belair Road, Evans, GA 30809<br/><b>Type:</b> For Lease<br/><b>Status:</b> Active<br/><b>Property Type:</b> Retail<br/><b>Size:</b> 12,341 SF<br/><b>Agent:</b> Charlie Moye, Brian Sweeting<br/><b>Listing:</b> <a href="https://meybohmcre.com/property-search?propertyId=1367585">https://meybohmcre.com/property-search?propertyId=1367585</a>]]></description>
      <styleUrl>#Meybohm</styleUrl>
      <Point>
        <coordinates>-82.12856409999999,33.5532849,0</coordinates>
      </Point>
    </Placemark>
    <Placemark>
      <name>0 Old Louisville Rd</name>
      <description><![CDATA[<b>Address:</b> 0 Old Louisville Rd, Grovetown, GA 30813<br/><b>Type:</b> For Sale<br/><b>Status:</b> Active<br/><b>Property Type:</b> Multifamily<br/><b>Price:</b> $1,980,000<br/><b>Agent:</b> Charlie Moye<br/><b>Listing:</b> <a href="https://meybohmcre.com/property-search?propertyId=1310291">https://meybohmcre.com/property-search?propertyId=1310291</a>]]></description>
      <styleUrl>#Meybohm</styleUrl>
      <Point>
        <coordinates>-82.251005,33.4373022,0</coordinates>
      </Point>
    </Placemark>
    <Placemark>
      <name>2933 Gordon Highway</name>
      <description><![CDATA[<b>Address:</b> 2933 Gordon Highway, Grovetown, GA 30813<br/><b>Type:</b> For Sale / For Lease<br/><b>Status:</b> Active<br/><b>Property Type:</b> Multifamily<br/><b>Agent:</b> Jonathan Aceves, CCIM, MBA, Dustin Wright, John Eckley, MBA, Civil Eng.<br/><b>Listing:</b> <a href="https://meybohmcre.com/property-search?propertyId=1334687">https://meybohmcre.com/property-search?propertyId=1334687</a>]]></description>
      <styleUrl>#Meybohm</styleUrl>
      <Point>
        <coordinates>-82.16821999999999,33.439194,0</coordinates>
      </Point>
    </Placemark>
    <Placemark>
      <name>320 UN Court</name>
      <description><![CDATA[<b>Address:</b> 320 UN Court, Grovetown, GA 30813<br/><b>Type:</b> For Lease<br/><b>Status:</b> Active<br/><b>Property Type:</b> Industrial<br/><b>Size:</b> 8,000 SF<br/><b>Agent:</b> Charlie Moye, Danielle Meikrantz<br/><b>Listing:</b> <a href="https://meybohmcre.com/property-search?propertyId=1553908">https://meybohmcre.com/property-search?propertyId=1553908</a>]]></description>
      <styleUrl>#Meybohm</styleUrl>
      <Point>
        <coordinates>-82.20746539999999,33.4896743,0</coordinates>
      </Point>
    </Placemark>
    <Placemark>
      <name>320 UN Court</name>
      <description><![CDATA[<b>Address:</b> 320 UN Court, Grovetown, GA 30813<br/><b>Type:</b> For Sale<br/><b>Status:</b> Active<br/><b>Property Type:</b> Industrial<br/><b>Size:</b> 8,000 SF<br/><b>Price:</b> $1,190,000<br/><b>Agent:</b> Charlie Moye, Danielle Meikrantz<br/><b>Listing:</b> <a href="https://meybohmcre.com/property-search?propertyId=1553462">https://meybohmcre.com/property-search?propertyId=1553462</a>]]></description>
      <styleUrl>#Meybohm</styleUrl>
      <Point>
        <coordinates>-82.20746539999999,33.4896743,0</coordinates>
      </Point>
    </Placemark>
    <Placemark>
      <name>4091 Jimmie Dyess Parkway</name>
      <description><![CDATA[<b>Address:</b> 4091 Jimmie Dyess Parkway, Grovetown, GA 30813<br/><b>Type:</b> For Lease<br/><b>Status:</b> Active<br/><b>Property Type:</b> Multifamily<br/><b>Agent:</b> Jonathan Aceves, CCIM, MBA, Dustin Wright, John Eckley, MBA, Civil Eng.<br/><b>Listing:</b> <a href="https://meybohmcre.com/property-search?propertyId=1537014">https://meybohmcre.com/property-search?propertyId=1537014</a>]]></description>
      <styleUrl>#Meybohm</styleUrl>
      <Point>
        <coordinates>-82.13068799999999,33.4801568,0</coordinates>
      </Point>
    </Placemark>
    <Placemark>
      <name>426 Lewiston Rd</name>
      <description><![CDATA[<b>Address:</b> 426 Lewiston Rd, Grovetown, GA 30813<br/><b>Type:</b> For Lease<br/><b>Status:</b> Active<br/><b>Property Type:</b> Retail<br/><b>Size:</b> 9,000 SF<br/><b>Agent:</b> Jonathan Aceves, CCIM, MBA, Dustin Wright, John Eckley, MBA, Civil Eng.<br/><b>Listing:</b> <a href="https://meybohmcre.com/property-search?propertyId=1585804">https://meybohmcre.com/property-search?propertyId=1585804</a>]]></description>
      <styleUrl>#Meybohm</styleUrl>
      <Point>
        <coordinates>-82.199231,33.4896015,0</coordinates>
      </Point>
    </Placemark>
    <Placemark>
      <name>426 Lewiston Rd</name>
      <description><![CDATA[<b>Address:</b> 426 Lewiston Rd, Grovetown, GA 30813<br/><b>Type:</b> For Lease<br/><b>Status:</b> Active<br/><b>Property Type:</b> Multifamily<br/><b>Agent:</b> Jonathan Aceves, CCIM, MBA, John Eckley, MBA, Civil Eng., Dustin Wright<br/><b>Listing:</b> <a href="https://meybohmcre.com/property-search?propertyId=1404329">https://meybohmcre.com/property-search?propertyId=1404329</a>]]></description>
      <styleUrl>#Meybohm</styleUrl>
      <Point>
        <coordinates>-82.199231,33.4896015,0</coordinates>
      </Point>
    </Placemark>
    <Placemark>
      <name>4830 Columbia Rd</name>
      <description><![CDATA[<b>Address:</b> 4830 Columbia Rd, Grovetown, GA 30813<br/><b>Type:</b> For Sale<br/><b>Status:</b> Active<br/><b>Property Type:</b> Multifamily<br/><b>Size:</b> 1,008 SF<br/><b>Price:</b> $329,000<br/><b>Agent:</b> Charlie Moye<br/><b>Listing:</b> <a href="https://meybohmcre.com/property-search?propertyId=1567014">https://meybohmcre.com/property-search?propertyId=1567014</a>]]></description>
      <styleUrl>#Meybohm</styleUrl>
      <Point>
        <coordinates>-82.17224759999999,33.5047097,0</coordinates>
      </Point>
    </Placemark>
    <Placemark>
      <name>670 South Old Belair Road</name>
      <description><![CDATA[<b>Address:</b> 670 South Old Belair Road, Grovetown, GA 30813<br/><b>Type:</b> For Sale<br/><b>Status:</b> Active<br/><b>Property Type:</b> Multifamily<br/><b>Price:</b> $350,000<br/><b>Agent:</b> Jonathan Aceves, CCIM, MBA, Dustin Wright, John Eckley, MBA, Civil Eng.<br/><b>Listing:</b> <a href="https://meybohmcre.com/property-search?propertyId=1581097">https://meybohmcre.com/property-search?propertyId=1581097</a>]]></description>
      <styleUrl>#Meybohm</styleUrl>
      <Point>
        <coordinates>-82.1379539,33.485023,0</coordinates>
      </Point>
    </Placemark>
    <Placemark>
      <name>745 Gateway Center Boulevard</name>
      <description><![CDATA[<b>Address:</b> 745 Gateway Center Boulevard, Grovetown, GA 30813<br/><b>Type:</b> For Sale<br/><b>Status:</b> Active<br/><b>Property Type:</b> Multifamily<br/><b>Price:</b> $325,000<br/><b>Agent:</b> Bobby Meybohm<br/><b>Listing:</b> <a href="https://meybohmcre.com/property-search?propertyId=912525">https://meybohmcre.com/property-search?propertyId=912525</a>]]></description>
      <styleUrl>#Meybohm</styleUrl>
      <Point>
        <coordinates>-82.2014576,33.4801166,0</coordinates>
      </Point>
    </Placemark>
    <Placemark>
      <name>925 Husk Box Way</name>
      <description><![CDATA[<b>Address:</b> 925 Husk Box Way, Grovetown, GA 30813<br/><b>Type:</b> For Lease<br/><b>Status:</b> Active<br/><b>Property Type:</b> Multifamily<br/><b>Agent:</b> Bobby Meybohm<br/><b>Listing:</b> <a href="https://meybohmcre.com/property-search?propertyId=912678">https://meybohmcre.com/property-search?propertyId=912678</a>]]></description>
      <styleUrl>#Meybohm</styleUrl>
      <Point>
        <coordinates>-82.1988525,33.4802546,0</coordinates>
      </Point>
    </Placemark>
    <Placemark>
      <name>935 Husk Box Way</name>
      <description><![CDATA[<b>Address:</b> 935 Husk Box Way, Grovetown, GA 30813<br/><b>Type:</b> For Lease<br/><b>Status:</b> Active<br/><b>Property Type:</b> Multifamily<br/><b>Agent:</b> Bobby Meybohm<br/><b>Listing:</b> <a href="https://meybohmcre.com/property-search?propertyId=912714">https://meybohmcre.com/property-search?propertyId=912714</a>]]></description>
      <styleUrl>#Meybohm</styleUrl>
      <Point>
        <coordinates>-82.1987238,33.4797534,0</coordinates>
      </Point>
    </Placemark>
    <Placemark>
      <name>307 Commerce Dr</name>
      <description><![CDATA[<b>Address:</b> 307 Commerce Dr, Martinez, GA 30907<br/><b>Type:</b> For Lease<br/><b>Status:</b> Active<br/><b>Property Type:</b> Industrial<br/><b>Size:</b> 6,000 SF<br/><b>Agent:</b> Charlie Moye<br/><b>Listing:</b> <a href="https://meybohmcre.com/property-search?propertyId=1649443">https://meybohmcre.com/property-search?propertyId=1649443</a>]]></description>
      <styleUrl>#Meybohm</styleUrl>
      <Point>
        <coordinates>-82.0706934,33.517693,0</coordinates>
      </Point>
    </Placemark>
    <Placemark>
      <name>3936 Columbia Rd</name>
      <description><![CDATA[<b>Address:</b> 3936 Columbia Rd, Martinez, GA 30907<br/><b>Type:</b> For Sale<br/><b>Status:</b> Active<br/><b>Property Type:</b> Multifamily<br/><b>Size:</b> 4,160 SF<br/><b>Price:</b> $1,300,000<br/><b>Agent:</b> Charlie Moye<br/><b>Listing:</b> <a href="https://meybohmcre.com/property-search?propertyId=1522723">https://meybohmcre.com/property-search?propertyId=1522723</a>]]></description>
      <styleUrl>#Meybohm</styleUrl>
      <Point>
        <coordinates>-82.1005875,33.5096688,0</coordinates>
      </Point>
    </Placemark>
    <Placemark>
      <name>4106 Columbia Rd</name>
      <description><![CDATA[<b>Address:</b> 4106 Columbia Rd, Martinez, GA 30907<br/><b>Type:</b> For Lease<br/><b>Status:</b> Active<br/><b>Property Type:</b> Office<br/><b>Size:</b> 20,630 SF<br/><b>Agent:</b> Charlie Moye, Brian Sweeting<br/><b>Listing:</b> <a href="https://meybohmcre.com/property-search?propertyId=995594">https://meybohmcre.com/property-search?propertyId=995594</a>]]></description>
      <styleUrl>#Meybohm</styleUrl>
      <Point>
        <coordinates>-82.10638050000001,33.507548,0</coordinates>
      </Point>
    </Placemark>
    <Placemark>
      <name>4145 Columbia Road</name>
      <description><![CDATA[<b>Address:</b> 4145 Columbia Road, Martinez, GA 30907<br/><b>Type:</b> For Sale<br/><b>Status:</b> Active<br/><b>Property Type:</b> Office<br/><b>Size:</b> 2,400 SF<br/><b>Price:</b> $550,000<br/><b>Agent:</b> Jonathan Aceves, CCIM, MBA, Dustin Wright, John Eckley, MBA, Civil Eng.<br/><b>Listing:</b> <a href="https://meybohmcre.com/property-search?propertyId=1487468">https://meybohmcre.com/property-search?propertyId=1487468</a>]]></description>
      <styleUrl>#Meybohm</styleUrl>
      <Point>
        <coordinates>-82.1122135,33.5083839,0</coordinates>
      </Point>
    </Placemark>
    <Placemark>
      <name>4210 Columbia Road bld 11, Suite D</name>
      <description><![CDATA[<b>Address:</b> 4210 Columbia Road bld 11, Suite D, Martinez, GA 30907<br/><b>Type:</b> For Lease<br/><b>Status:</b> Active<br/><b>Property Type:</b> Office<br/><b>Size:</b> 4,645 SF<br/><b>Agent:</b> Charlie Moye<br/><b>Listing:</b> <a href="https://meybohmcre.com/property-search?propertyId=1659268">https://meybohmcre.com/property-search?propertyId=1659268</a>]]></description>
      <styleUrl>#Meybohm</styleUrl>
      <Point>
        <coordinates>-82.1172952,33.5054679,0</coordinates>
      </Point>
    </Placemark>
    <Placemark>
      <name>475 Flowing Wells Road</name>
      <description><![CDATA[<b>Address:</b> 475 Flowing Wells Road, Martinez, GA 30907<br/><b>Type:</b> For Sale<br/><b>Status:</b> Active<br/><b>Property Type:</b> Multifamily<br/><b>Price:</b> $799,000<br/><b>Agent:</b> Charlie Moye, Travis Reed, CCIM<br/><b>Listing:</b> <a href="https://meybohmcre.com/property-search?propertyId=1384983">https://meybohmcre.com/property-search?propertyId=1384983</a>]]></description>
      <styleUrl>#Meybohm</styleUrl>
      <Point>
        <coordinates>-82.1107689,33.4933481,0</coordinates>
      </Point>
    </Placemark>
    <Placemark>
      <name>859 Scott Nixon Memorial Drive</name>
      <description><![CDATA[<b>Address:</b> 859 Scott Nixon Memorial Drive, Martinez, GA 30907<br/><b>Type:</b> For Sale<br/><b>Status:</b> Active<br/><b>Property Type:</b> Multifamily<br/><b>Price:</b> $575,000<br/><b>Agent:</b> Charlie Moye, Danielle Meikrantz<br/><b>Listing:</b> <a href="https://meybohmcre.com/property-search?propertyId=705748">https://meybohmcre.com/property-search?propertyId=705748</a>]]></description>
      <styleUrl>#Meybohm</styleUrl>
      <Point>
        <coordinates>-82.09811599999999,33.49483900000001,0</coordinates>
      </Point>
    </Placemark>
    <Placemark>
      <name>0 Austin Graybill Rd (lot 2)</name>
      <description><![CDATA[<b>Address:</b> 0 Austin Graybill Rd (lot 2), North Augusta, SC 29860<br/><b>Type:</b> For Sale<br/><b>Status:</b> Active<br/><b>Property Type:</b> Multifamily<br/><b>Price:</b> $775,000<br/><b>Agent:</b> Matt Rogers<br/><b>Listing:</b> <a href="https://meybohmcre.com/property-search?propertyId=807625">https://meybohmcre.com/property-search?propertyId=807625</a>]]></description>
      <styleUrl>#Meybohm</styleUrl>
      <Point>
        <coordinates>-81.9451802,33.5585344,0</coordinates>
      </Point>
    </Placemark>
    <Placemark>
      <name>10352 Atomic Rd</name>
      <description><![CDATA[<b>Address:</b> 10352 Atomic Rd, North Augusta, SC 29841<br/><b>Type:</b> For Sale / For Lease<br/><b>Status:</b> Active<br/><b>Property Type:</b> Industrial<br/><b>Size:</b> 13,120 SF<br/><b>Price:</b> $1,250,000<br/><b>Agent:</b> Dustin Wright, Jonathan Aceves, CCIM, MBA, John Eckley, MBA, Civil Eng.<br/><b>Listing:</b> <a href="https://meybohmcre.com/property-search?propertyId=1520009">https://meybohmcre.com/property-search?propertyId=1520009</a>]]></description>
      <styleUrl>#Meybohm</styleUrl>
      <Point>
        <coordinates>-81.9490774,33.4944211,0</coordinates>
      </Point>
    </Placemark>
    <Placemark>
      <name>1073 Edgefield Rd</name>
      <description><![CDATA[<b>Address:</b> 1073 Edgefield Rd, North Augusta, SC 29860<br/><b>Type:</b> For Sale<br/><b>Status:</b> Active<br/><b>Property Type:</b> Multifamily<br/><b>Price:</b> $1,750,000<br/><b>Agent:</b> Travis Reed, CCIM<br/><b>Listing:</b> <a href="https://meybohmcre.com/property-search?propertyId=563200">https://meybohmcre.com/property-search?propertyId=563200</a>]]></description>
      <styleUrl>#Meybohm</styleUrl>
      <Point>
        <coordinates>-81.9376304,33.5761768,0</coordinates>
      </Point>
    </Placemark>
    <Placemark>
      <name>1075 Edgefield Road (Tract A)</name>
      <description><![CDATA[<b>Address:</b> 1075 Edgefield Road (Tract A), North Augusta, SC 29860<br/><b>Type:</b> For Sale<br/><b>Status:</b> Active<br/><b>Property Type:</b> Multifamily<br/><b>Price:</b> $4,993,950<br/><b>Agent:</b> Travis Reed, CCIM<br/><b>Listing:</b> <a href="https://meybohmcre.com/property-search?propertyId=563076">https://meybohmcre.com/property-search?propertyId=563076</a>]]></description>
      <styleUrl>#Meybohm</styleUrl>
      <Point>
        <coordinates>-81.93611299999999,33.56947,0</coordinates>
      </Point>
    </Placemark>
    <Placemark>
      <name>1075 Edgefield Road (Tract B)</name>
      <description><![CDATA[<b>Address:</b> 1075 Edgefield Road (Tract B), North Augusta, SC 29860<br/><b>Type:</b> For Sale<br/><b>Status:</b> Active<br/><b>Property Type:</b> Multifamily<br/><b>Price:</b> $1,807,120<br/><b>Agent:</b> Travis Reed, CCIM<br/><b>Listing:</b> <a href="https://meybohmcre.com/property-search?propertyId=1266145">https://meybohmcre.com/property-search?propertyId=1266145</a>]]></description>
      <styleUrl>#Meybohm</styleUrl>
      <Point>
        <coordinates>-81.93611299999999,33.56947,0</coordinates>
      </Point>
    </Placemark>
    <Placemark>
      <name>117 Market Plaza Drive</name>
      <description><![CDATA[<b>Address:</b> 117 Market Plaza Drive, North Augusta, SC 29860<br/><b>Type:</b> For Sale<br/><b>Status:</b> Active<br/><b>Property Type:</b> Multifamily<br/><b>Price:</b> $1,100,000<br/><b>Agent:</b> Jonathan Aceves, CCIM, MBA, Dustin Wright, John Eckley, MBA, Civil Eng.<br/><b>Listing:</b> <a href="https://meybohmcre.com/property-search?propertyId=1390540">https://meybohmcre.com/property-search?propertyId=1390540</a>]]></description>
      <styleUrl>#Meybohm</styleUrl>
      <Point>
        <coordinates>-81.93968869999999,33.5705415,0</coordinates>
      </Point>
    </Placemark>
    <Placemark>
      <name>133 Georgia Ave</name>
      <description><![CDATA[<b>Address:</b> 133 Georgia Ave, North Augusta, SC 29841<br/><b>Type:</b> For Sale<br/><b>Status:</b> Active<br/><b>Property Type:</b> Retail<br/><b>Size:</b> 7,700 SF<br/><b>Price:</b> $865,000<br/><b>Agent:</b> Matt Rogers<br/><b>Listing:</b> <a href="https://meybohmcre.com/property-search?propertyId=1025132">https://meybohmcre.com/property-search?propertyId=1025132</a>]]></description>
      <styleUrl>#Meybohm</styleUrl>
      <Point>
        <coordinates>-81.9718482,33.4892855,0</coordinates>
      </Point>
    </Placemark>
    <Placemark>
      <name>1719 Old Edgefield Rd</name>
      <description><![CDATA[<b>Address:</b> 1719 Old Edgefield Rd, North Augusta, SC 29841<br/><b>Type:</b> For Sale<br/><b>Status:</b> Active<br/><b>Property Type:</b> Multifamily<br/><b>Price:</b> $25,000<br/><b>Agent:</b> Curt Hanna<br/><b>Listing:</b> <a href="https://meybohmcre.com/property-search?propertyId=1611684">https://meybohmcre.com/property-search?propertyId=1611684</a>]]></description>
      <styleUrl>#Meybohm</styleUrl>
      <Point>
        <coordinates>-81.95625,33.514794,0</coordinates>
      </Point>
    </Placemark>
    <Placemark>
      <name>308 Belvedere Clearwater Rd</name>
      <description><![CDATA[<b>Address:</b> 308 Belvedere Clearwater Rd, North Augusta, SC 29841<br/><b>Type:</b> For Sale<br/><b>Status:</b> Active<br/><b>Property Type:</b> Hospitality<br/><b>Size:</b> 3,095 SF<br/><b>Price:</b> $389,000<br/><b>Agent:</b> Danielle Meikrantz<br/><b>Listing:</b> <a href="https://meybohmcre.com/property-search?propertyId=1559894">https://meybohmcre.com/property-search?propertyId=1559894</a>]]></description>
      <styleUrl>#Meybohm</styleUrl>
      <Point>
        <coordinates>-81.94167499999999,33.5321903,0</coordinates>
      </Point>
    </Placemark>
    <Placemark>
      <name>314 E Martintown Road</name>
      <description><![CDATA[<b>Address:</b> 314 E Martintown Road, North Augusta, SC 29841<br/><b>Type:</b> For Lease<br/><b>Status:</b> Active<br/><b>Property Type:</b> Retail<br/><b>Size:</b> 231,998 SF<br/><b>Agent:</b> Mark Pritchett<br/><b>Listing:</b> <a href="https://meybohmcre.com/property-search?propertyId=500328">https://meybohmcre.com/property-search?propertyId=500328</a>]]></description>
      <styleUrl>#Meybohm</styleUrl>
      <Point>
        <coordinates>-81.9612185,33.4962759,0</coordinates>
      </Point>
    </Placemark>
    <Placemark>
      <name>409 Edgefield Rd</name>
      <description><![CDATA[<b>Address:</b> 409 Edgefield Rd, North Augusta, SC 29841<br/><b>Type:</b> For Sale<br/><b>Status:</b> Active<br/><b>Property Type:</b> Multifamily<br/><b>Size:</b> 1,144 SF<br/><b>Price:</b> $398,000<br/><b>Agent:</b> Travis Reed, CCIM<br/><b>Listing:</b> <a href="https://meybohmcre.com/property-search?propertyId=1230676">https://meybohmcre.com/property-search?propertyId=1230676</a>]]></description>
      <styleUrl>#Meybohm</styleUrl>
      <Point>
        <coordinates>-81.9433849,33.5327967,0</coordinates>
      </Point>
    </Placemark>
    <Placemark>
      <name>893 Edgefield Road</name>
      <description><![CDATA[<b>Address:</b> 893 Edgefield Road, North Augusta, SC 29841<br/><b>Type:</b> For Sale / For Lease<br/><b>Status:</b> Active<br/><b>Property Type:</b> Multifamily<br/><b>Agent:</b> Jonathan Aceves, CCIM, MBA, Dustin Wright, John Eckley, MBA, Civil Eng.<br/><b>Listing:</b> <a href="https://meybohmcre.com/property-search?propertyId=1541483">https://meybohmcre.com/property-search?propertyId=1541483</a>]]></description>
      <styleUrl>#Meybohm</styleUrl>
      <Point>
        <coordinates>-81.9326222,33.5561425,0</coordinates>
      </Point>
    </Placemark>
    <Placemark>
      <name>Ascauga Lake Road and Edgefield Road</name>
      <description><![CDATA[<b>Address:</b> Ascauga Lake Road and Edgefield Road, North Augusta, SC 29841<br/><b>Type:</b> For Sale<br/><b>Status:</b> Active<br/><b>Property Type:</b> Multifamily<br/><b>Price:</b> $3,580,000<br/><b>Agent:</b> Travis Reed, CCIM, Karen Daly<br/><b>Listing:</b> <a href="https://meybohmcre.com/property-search?propertyId=1072928">https://meybohmcre.com/property-search?propertyId=1072928</a>]]></description>
      <styleUrl>#Meybohm</styleUrl>
      <Point>
        <coordinates>-81.9342068,33.5565276,0</coordinates>
      </Point>
    </Placemark>
    <Placemark>
      <name>Old Aiken Rd.</name>
      <description><![CDATA[<b>Address:</b> Old Aiken Rd., North Augusta, SC 29841<br/><b>Type:</b> For Sale<br/><b>Status:</b> Active<br/><b>Property Type:</b> Multifamily<br/><b>Price:</b> $54,000<br/><b>Agent:</b> Curt Hanna<br/><b>Listing:</b> <a href="https://meybohmcre.com/property-search?propertyId=1571034">https://meybohmcre.com/property-search?propertyId=1571034</a>]]></description>
      <styleUrl>#Meybohm</styleUrl>
      <Point>
        <coordinates>-81.9300013,33.4990484,0</coordinates>
      </Point>
    </Placemark>
    <Placemark>
      <name>Palmetto Parkway (I-520) and Ascauga Lake Road</name>
      <description><![CDATA[<b>Address:</b> Palmetto Parkway (I-520) and Ascauga Lake Road, North Augusta, SC 29841<br/><b>Type:</b> For Sale<br/><b>Status:</b> Active<br/><b>Property Type:</b> Multifamily<br/><b>Price:</b> $14,900,000<br/><b>Agent:</b> Travis Reed, CCIM<br/><b>Listing:</b> <a href="https://meybohmcre.com/property-search?propertyId=1445808">https://meybohmcre.com/property-search?propertyId=1445808</a>]]></description>
      <styleUrl>#Meybohm</styleUrl>
      <Point>
        <coordinates>-81.9274811,33.5532782,0</coordinates>
      </Point>
    </Placemark>
    <Placemark>
      <name>Palmetto Parkway (I-520) and Hwy 25</name>
      <description><![CDATA[<b>Address:</b> Palmetto Parkway (I-520) and Hwy 25, North Augusta, SC 29841<br/><b>Type:</b> For Sale<br/><b>Status:</b> Active<br/><b>Property Type:</b> Multifamily<br/><b>Price:</b> $8,000,000<br/><b>Agent:</b> Travis Reed, CCIM<br/><b>Listing:</b> <a href="https://meybohmcre.com/property-search?propertyId=1465450">https://meybohmcre.com/property-search?propertyId=1465450</a>]]></description>
      <styleUrl>#Meybohm</styleUrl>
      <Point>
        <coordinates>-81.9331459,33.5495586,0</coordinates>
      </Point>
    </Placemark>
    <Placemark>
      <name>Palmetto Parkway (I-520) and Hwy 25</name>
      <description><![CDATA[<b>Address:</b> Palmetto Parkway (I-520) and Hwy 25, North Augusta, SC 29841<br/><b>Type:</b> For Sale<br/><b>Status:</b> Active<br/><b>Property Type:</b> Multifamily<br/><b>Price:</b> $4,900,000<br/><b>Agent:</b> Travis Reed, CCIM<br/><b>Listing:</b> <a href="https://meybohmcre.com/property-search?propertyId=1449318">https://meybohmcre.com/property-search?propertyId=1449318</a>]]></description>
      <styleUrl>#Meybohm</styleUrl>
      <Point>
        <coordinates>-81.9314293,33.5541365,0</coordinates>
      </Point>
    </Placemark>
  </Folder>
  <Folder>
    <name>Sherman &amp; Hemstreet (100)</name>
    <open>0</open>
    <Placemark>
      <name>1640 Columbia Hwy N</name>
      <description><![CDATA[<b>Address:</b> 1640 Columbia Hwy N, Aiken, SC 29801<br/><b>Status:</b> Active<br/><b>Property Type:</b> Retail<br/><b>Size:</b> 3.91 Acres<br/><b>Agent:</b> Joe Edge, SIOR, CCIM<br/><b>Phone:</b> 706.288.1077<br/><b>Email:</b> jedge@shermanandhemstreet.com<br/><b>Listing:</b> <a href="https://www.shermanandhemstreet.com/property-search/commercial-property-search/commercial-property-details/?propertyId=1612062-sale">https://www.shermanandhemstreet.com/property-search/commercial-property-search/commercial-property-details/?propertyId=1612062-sale</a>]]></description>
      <styleUrl>#Sherman_and_Hemstreet</styleUrl>
      <Point>
        <coordinates>-81.6891965,33.5966153,0</coordinates>
      </Point>
    </Placemark>
    <Placemark>
      <name>Physicians Drive </name>
      <description><![CDATA[<b>Address:</b> Physicians Drive , Aiken, SC 29801<br/><b>Status:</b> Active<br/><b>Property Type:</b> Office<br/><b>Size:</b> 0.8 Acres<br/><b>Agent:</b> Chris Farrow<br/><b>Phone:</b> 706.288.1076<br/><b>Email:</b> cfarrow@shermanandhemstreet.com<br/><b>Listing:</b> <a href="https://www.shermanandhemstreet.com/property-search/commercial-property-search/commercial-property-details/?propertyId=265637-sale">https://www.shermanandhemstreet.com/property-search/commercial-property-search/commercial-property-details/?propertyId=265637-sale</a>]]></description>
      <styleUrl>#Sherman_and_Hemstreet</styleUrl>
      <Point>
        <coordinates>-81.762697,33.57141,0</coordinates>
      </Point>
    </Placemark>
    <Placemark>
      <name>1002 Telfair St</name>
      <description><![CDATA[<b>Address:</b> 1002 Telfair St, Augusta, GA 30901<br/><b>Status:</b> Active<br/><b>Property Type:</b> Office Building<br/><b>Size:</b> 23,638 SF<br/><b>Agent:</b> Joe Edge, SIOR, CCIM<br/><b>Phone:</b> 706.288.1077<br/><b>Email:</b> jedge@shermanandhemstreet.com<br/><b>Listing:</b> <a href="https://www.shermanandhemstreet.com/property-search/commercial-property-search/commercial-property-details/?propertyId=1526322-sale">https://www.shermanandhemstreet.com/property-search/commercial-property-search/commercial-property-details/?propertyId=1526322-sale</a>]]></description>
      <styleUrl>#Sherman_and_Hemstreet</styleUrl>
      <Point>
        <coordinates>-81.9718966,33.472993,0</coordinates>
      </Point>
    </Placemark>
    <Placemark>
      <name>1002 Telfair St</name>
      <description><![CDATA[<b>Address:</b> 1002 Telfair St, Augusta, GA 30901<br/><b>Status:</b> Active<br/><b>Property Type:</b> Office Building<br/><b>Size:</b> 12,348 - 23,638 SF<br/><b>Agent:</b> Joe Edge, SIOR, CCIM<br/><b>Phone:</b> 706.288.1077<br/><b>Email:</b> jedge@shermanandhemstreet.com<br/><b>Listing:</b> <a href="https://www.shermanandhemstreet.com/property-search/commercial-property-search/commercial-property-details/?propertyId=1526322-lease">https://www.shermanandhemstreet.com/property-search/commercial-property-search/commercial-property-details/?propertyId=1526322-lease</a>]]></description>
      <styleUrl>#Sherman_and_Hemstreet</styleUrl>
      <Point>
        <coordinates>-81.9718966,33.472993,0</coordinates>
      </Point>
    </Placemark>
    <Placemark>
      <name>1010 James Brown Blvd</name>
      <description><![CDATA[<b>Address:</b> 1010 James Brown Blvd, Augusta, GA 30901<br/><b>Status:</b> Active<br/><b>Property Type:</b> Multifamily<br/><b>Size:</b> 4.41 Acres<br/><b>Agent:</b> Joe Edge, SIOR, CCIM<br/><b>Phone:</b> 706.288.1077<br/><b>Email:</b> jedge@shermanandhemstreet.com<br/><b>Listing:</b> <a href="https://www.shermanandhemstreet.com/property-search/commercial-property-search/commercial-property-details/?propertyId=1452065-sale">https://www.shermanandhemstreet.com/property-search/commercial-property-search/commercial-property-details/?propertyId=1452065-sale</a>]]></description>
      <styleUrl>#Sherman_and_Hemstreet</styleUrl>
      <Point>
        <coordinates>-81.972443,33.465789,0</coordinates>
      </Point>
    </Placemark>
    <Placemark>
      <name>111 Sherwood Dr</name>
      <description><![CDATA[<b>Address:</b> 111 Sherwood Dr, Augusta, GA 30909<br/><b>Status:</b> Active<br/><b>Property Type:</b> Retail<br/><b>Size:</b> 0.75 Acres<br/><b>Agent:</b> Joe Edge, SIOR, CCIM<br/><b>Phone:</b> 706.288.1077<br/><b>Email:</b> jedge@shermanandhemstreet.com<br/><b>Listing:</b> <a href="https://www.shermanandhemstreet.com/property-search/commercial-property-search/commercial-property-details/?propertyId=1243733-sale">https://www.shermanandhemstreet.com/property-search/commercial-property-search/commercial-property-details/?propertyId=1243733-sale</a>]]></description>
      <styleUrl>#Sherman_and_Hemstreet</styleUrl>
      <Point>
        <coordinates>-82.035912,33.51297,0</coordinates>
      </Point>
    </Placemark>
    <Placemark>
      <name>115 Robert C Daniel Junior Parkway</name>
      <description><![CDATA[<b>Address:</b> 115 Robert C Daniel Junior Parkway, Augusta, GA 30909<br/><b>Status:</b> Active<br/><b>Property Type:</b> Institutional/Governmental<br/><b>Size:</b> 19,180 SF<br/><b>Agent:</b> Joe Edge, SIOR, CCIM<br/><b>Phone:</b> 706.288.1077<br/><b>Email:</b> jedge@shermanandhemstreet.com<br/><b>Listing:</b> <a href="https://www.shermanandhemstreet.com/property-search/commercial-property-search/commercial-property-details/?propertyId=1659146-sale">https://www.shermanandhemstreet.com/property-search/commercial-property-search/commercial-property-details/?propertyId=1659146-sale</a>]]></description>
      <styleUrl>#Sherman_and_Hemstreet</styleUrl>
      <Point>
        <coordinates>-82.0768483,33.494023,0</coordinates>
      </Point>
    </Placemark>
    <Placemark>
      <name>1201 George C Wilson Dr</name>
      <description><![CDATA[<b>Address:</b> 1201 George C Wilson Dr, Augusta, GA 30909<br/><b>Status:</b> Active<br/><b>Property Type:</b> Office Building<br/><b>Size:</b> 800 SF<br/><b>Agent:</b> Chris Farrow<br/><b>Phone:</b> 706.288.1076<br/><b>Email:</b> cfarrow@shermanandhemstreet.com<br/><b>Listing:</b> <a href="https://www.shermanandhemstreet.com/property-search/commercial-property-search/commercial-property-details/?propertyId=1643188-lease">https://www.shermanandhemstreet.com/property-search/commercial-property-search/commercial-property-details/?propertyId=1643188-lease</a>]]></description>
      <styleUrl>#Sherman_and_Hemstreet</styleUrl>
      <Point>
        <coordinates>-82.0877836,33.4817242,0</coordinates>
      </Point>
    </Placemark>
    <Placemark>
      <name>1212 Broad Street</name>
      <description><![CDATA[<b>Address:</b> 1212 Broad Street, Augusta, GA 30901<br/><b>Status:</b> Active<br/><b>Property Type:</b> Restaurant<br/><b>Size:</b> 9,900 SF<br/><b>Agent:</b> Matt Aitken<br/><b>Phone:</b> 706.288.1079 x314<br/><b>Email:</b> maitken@shermanandhemstreet.com<br/><b>Listing:</b> <a href="https://www.shermanandhemstreet.com/property-search/commercial-property-search/commercial-property-details/?propertyId=661187-sale">https://www.shermanandhemstreet.com/property-search/commercial-property-search/commercial-property-details/?propertyId=661187-sale</a>]]></description>
      <styleUrl>#Sherman_and_Hemstreet</styleUrl>
      <Point>
        <coordinates>-81.973233,33.4776114,0</coordinates>
      </Point>
    </Placemark>
    <Placemark>
      <name>1400 Powell Rd</name>
      <description><![CDATA[<b>Address:</b> 1400 Powell Rd, Augusta, GA 30909<br/><b>Status:</b> Active<br/><b>Property Type:</b> Retail<br/><b>Size:</b> 0.8 Acres<br/><b>Agent:</b> Joe Edge, SIOR, CCIM<br/><b>Phone:</b> 706.288.1077<br/><b>Email:</b> jedge@shermanandhemstreet.com<br/><b>Listing:</b> <a href="https://www.shermanandhemstreet.com/property-search/commercial-property-search/commercial-property-details/?propertyId=1602810-sale">https://www.shermanandhemstreet.com/property-search/commercial-property-search/commercial-property-details/?propertyId=1602810-sale</a>]]></description>
      <styleUrl>#Sherman_and_Hemstreet</styleUrl>
      <Point>
        <coordinates>-82.1256811,33.4705039,0</coordinates>
      </Point>
    </Placemark>
    <Placemark>
      <name>1610 Wrightsboro Rd</name>
      <description><![CDATA[<b>Address:</b> 1610 Wrightsboro Rd, Augusta, GA 30904<br/><b>Status:</b> Active<br/><b>Property Type:</b> Manufacturing<br/><b>Size:</b> 51,237 SF<br/><b>Agent:</b> Charles Hock, SIOR, CCIM<br/><b>Phone:</b> 706.722.8334<br/><b>Email:</b> charleswhock@aol.com<br/><b>Listing:</b> <a href="https://www.shermanandhemstreet.com/property-search/commercial-property-search/commercial-property-details/?propertyId=204965-lease">https://www.shermanandhemstreet.com/property-search/commercial-property-search/commercial-property-details/?propertyId=204965-lease</a>]]></description>
      <styleUrl>#Sherman_and_Hemstreet</styleUrl>
      <Point>
        <coordinates>-81.9995129,33.463856,0</coordinates>
      </Point>
    </Placemark>
    <Placemark>
      <name>1621 15th Street</name>
      <description><![CDATA[<b>Address:</b> 1621 15th Street, Augusta, GA 30901<br/><b>Status:</b> Active<br/><b>Property Type:</b> Warehouse/Distribution<br/><b>Size:</b> 9,789 - 136,885 SF<br/><b>Agent:</b> Charles Hock, SIOR, CCIM<br/><b>Phone:</b> 706.722.8334<br/><b>Email:</b> charleswhock@aol.com<br/><b>Listing:</b> <a href="https://www.shermanandhemstreet.com/property-search/commercial-property-search/commercial-property-details/?propertyId=1102464-lease">https://www.shermanandhemstreet.com/property-search/commercial-property-search/commercial-property-details/?propertyId=1102464-lease</a>]]></description>
      <styleUrl>#Sherman_and_Hemstreet</styleUrl>
      <Point>
        <coordinates>-81.99734509999999,33.4592079,0</coordinates>
      </Point>
    </Placemark>
    <Placemark>
      <name>1634 Gordon Highway</name>
      <description><![CDATA[<b>Address:</b> 1634 Gordon Highway, Augusta, GA 30904<br/><b>Status:</b> Active<br/><b>Property Type:</b> Street Retail<br/><b>Size:</b> 4,400 SF<br/><b>Agent:</b> Joe Edge, SIOR, CCIM<br/><b>Phone:</b> 706.288.1077<br/><b>Email:</b> jedge@shermanandhemstreet.com<br/><b>Listing:</b> <a href="https://www.shermanandhemstreet.com/property-search/commercial-property-search/commercial-property-details/?propertyId=1595980-lease">https://www.shermanandhemstreet.com/property-search/commercial-property-search/commercial-property-details/?propertyId=1595980-lease</a>]]></description>
      <styleUrl>#Sherman_and_Hemstreet</styleUrl>
      <Point>
        <coordinates>-82.0179362,33.4385877,0</coordinates>
      </Point>
    </Placemark>
    <Placemark>
      <name>1700 Magnolia Way</name>
      <description><![CDATA[<b>Address:</b> 1700 Magnolia Way, Augusta, GA 30909<br/><b>Status:</b> Active<br/><b>Property Type:</b> Office<br/><b>Size:</b> 1.08 Acres<br/><b>Agent:</b> Chris Farrow<br/><b>Phone:</b> 706.288.1076<br/><b>Email:</b> cfarrow@shermanandhemstreet.com<br/><b>Listing:</b> <a href="https://www.shermanandhemstreet.com/property-search/commercial-property-search/commercial-property-details/?propertyId=1494654-sale">https://www.shermanandhemstreet.com/property-search/commercial-property-search/commercial-property-details/?propertyId=1494654-sale</a>]]></description>
      <styleUrl>#Sherman_and_Hemstreet</styleUrl>
      <Point>
        <coordinates>-82.12830799999999,33.476528,0</coordinates>
      </Point>
    </Placemark>
    <Placemark>
      <name>1705 Dixon Airline Rd</name>
      <description><![CDATA[<b>Address:</b> 1705 Dixon Airline Rd, Augusta, GA 30906<br/><b>Status:</b> Active<br/><b>Property Type:</b> Industrial<br/><b>Size:</b> 82.54 Acres<br/><b>Agent:</b> Joe Edge, SIOR, CCIM<br/><b>Phone:</b> 706.288.1077<br/><b>Email:</b> jedge@shermanandhemstreet.com<br/><b>Listing:</b> <a href="https://www.shermanandhemstreet.com/property-search/commercial-property-search/commercial-property-details/?propertyId=204658-sale">https://www.shermanandhemstreet.com/property-search/commercial-property-search/commercial-property-details/?propertyId=204658-sale</a>]]></description>
      <styleUrl>#Sherman_and_Hemstreet</styleUrl>
      <Point>
        <coordinates>-81.988973,33.385595,0</coordinates>
      </Point>
    </Placemark>
    <Placemark>
      <name>1711 Hicks St</name>
      <description><![CDATA[<b>Address:</b> 1711 Hicks St, Augusta, GA 30904<br/><b>Status:</b> Active<br/><b>Property Type:</b> Multifamily<br/><b>Size:</b> 0.52 Acres<br/><b>Agent:</b> Joe Edge, SIOR, CCIM<br/><b>Phone:</b> 706.288.1077<br/><b>Email:</b> jedge@shermanandhemstreet.com<br/><b>Listing:</b> <a href="https://www.shermanandhemstreet.com/property-search/commercial-property-search/commercial-property-details/?propertyId=1435511-sale">https://www.shermanandhemstreet.com/property-search/commercial-property-search/commercial-property-details/?propertyId=1435511-sale</a>]]></description>
      <styleUrl>#Sherman_and_Hemstreet</styleUrl>
      <Point>
        <coordinates>-81.992589,33.48145100000001,0</coordinates>
      </Point>
    </Placemark>
    <Placemark>
      <name>1711 Magnolia Way</name>
      <description><![CDATA[<b>Address:</b> 1711 Magnolia Way, Augusta, GA 30909<br/><b>Status:</b> Active<br/><b>Property Type:</b> Office<br/><b>Size:</b> 0.85 Acres<br/><b>Agent:</b> Chris Farrow<br/><b>Phone:</b> 706.288.1076<br/><b>Email:</b> cfarrow@shermanandhemstreet.com<br/><b>Listing:</b> <a href="https://www.shermanandhemstreet.com/property-search/commercial-property-search/commercial-property-details/?propertyId=1495118-sale">https://www.shermanandhemstreet.com/property-search/commercial-property-search/commercial-property-details/?propertyId=1495118-sale</a>]]></description>
      <styleUrl>#Sherman_and_Hemstreet</styleUrl>
      <Point>
        <coordinates>-82.12724800000001,33.475946,0</coordinates>
      </Point>
    </Placemark>
    <Placemark>
      <name>1712 Walton Way</name>
      <description><![CDATA[<b>Address:</b> 1712 Walton Way, Augusta, GA 30904<br/><b>Status:</b> Active<br/><b>Property Type:</b> Strip Center<br/><b>Size:</b> 1,600 - 3,206 SF<br/><b>Agent:</b> Joe Edge, SIOR, CCIM<br/><b>Phone:</b> 706.288.1077<br/><b>Email:</b> jedge@shermanandhemstreet.com<br/><b>Listing:</b> <a href="https://www.shermanandhemstreet.com/property-search/commercial-property-search/commercial-property-details/?propertyId=978198-lease">https://www.shermanandhemstreet.com/property-search/commercial-property-search/commercial-property-details/?propertyId=978198-lease</a>]]></description>
      <styleUrl>#Sherman_and_Hemstreet</styleUrl>
      <Point>
        <coordinates>-81.99579039999999,33.4751801,0</coordinates>
      </Point>
    </Placemark>
    <Placemark>
      <name>1749 Gordon Highway</name>
      <description><![CDATA[<b>Address:</b> 1749 Gordon Highway, Augusta, GA 30904<br/><b>Status:</b> Active<br/><b>Property Type:</b> Office Building<br/><b>Size:</b> 4,405 SF<br/><b>Agent:</b> Joe Edge, SIOR, CCIM<br/><b>Phone:</b> 706.288.1077<br/><b>Email:</b> jedge@shermanandhemstreet.com<br/><b>Listing:</b> <a href="https://www.shermanandhemstreet.com/property-search/commercial-property-search/commercial-property-details/?propertyId=349010-lease">https://www.shermanandhemstreet.com/property-search/commercial-property-search/commercial-property-details/?propertyId=349010-lease</a>]]></description>
      <styleUrl>#Sherman_and_Hemstreet</styleUrl>
      <Point>
        <coordinates>-82.02860199999999,33.443474,0</coordinates>
      </Point>
    </Placemark>
    <Placemark>
      <name>1752 Gordon Hwy</name>
      <description><![CDATA[<b>Address:</b> 1752 Gordon Hwy, Augusta, GA 30904<br/><b>Status:</b> Active<br/><b>Property Type:</b> Office Building<br/><b>Size:</b> 1,750 SF<br/><b>Agent:</b> Connie Wilson, CCIM<br/><b>Phone:</b> 706.722.8334 x202<br/><b>Email:</b> cwilson@shermanandhemstreet.com<br/><b>Listing:</b> <a href="https://www.shermanandhemstreet.com/property-search/commercial-property-search/commercial-property-details/?propertyId=1633790-lease">https://www.shermanandhemstreet.com/property-search/commercial-property-search/commercial-property-details/?propertyId=1633790-lease</a>]]></description>
      <styleUrl>#Sherman_and_Hemstreet</styleUrl>
      <Point>
        <coordinates>-82.03021559999999,33.443535,0</coordinates>
      </Point>
    </Placemark>
    <Placemark>
      <name>2122 Central Avenue</name>
      <description><![CDATA[<b>Address:</b> 2122 Central Avenue, Augusta, GA 30904<br/><b>Status:</b> Active<br/><b>Property Type:</b> Street Retail<br/><b>Size:</b> 600 SF<br/><b>Agent:</b> Joe Edge, SIOR, CCIM<br/><b>Phone:</b> 706.288.1077<br/><b>Email:</b> jedge@shermanandhemstreet.com<br/><b>Listing:</b> <a href="https://www.shermanandhemstreet.com/property-search/commercial-property-search/commercial-property-details/?propertyId=427527-lease">https://www.shermanandhemstreet.com/property-search/commercial-property-search/commercial-property-details/?propertyId=427527-lease</a>]]></description>
      <styleUrl>#Sherman_and_Hemstreet</styleUrl>
      <Point>
        <coordinates>-82.0117088,33.4699694,0</coordinates>
      </Point>
    </Placemark>
    <Placemark>
      <name>2215 Tobacco Road</name>
      <description><![CDATA[<b>Address:</b> 2215 Tobacco Road, Augusta, GA 30906<br/><b>Status:</b> Active<br/><b>Property Type:</b> Neighborhood Center<br/><b>Size:</b> 40,990 SF<br/><b>Agent:</b> Joe Edge, SIOR, CCIM<br/><b>Phone:</b> 706.288.1077<br/><b>Email:</b> jedge@shermanandhemstreet.com<br/><b>Listing:</b> <a href="https://www.shermanandhemstreet.com/property-search/commercial-property-search/commercial-property-details/?propertyId=1632921-lease">https://www.shermanandhemstreet.com/property-search/commercial-property-search/commercial-property-details/?propertyId=1632921-lease</a>]]></description>
      <styleUrl>#Sherman_and_Hemstreet</styleUrl>
      <Point>
        <coordinates>-82.0326169,33.374735,0</coordinates>
      </Point>
    </Placemark>
    <Placemark>
      <name>2228 Rosier Rd</name>
      <description><![CDATA[<b>Address:</b> 2228 Rosier Rd, Augusta, GA 30906<br/><b>Status:</b> Active<br/><b>Property Type:</b> Neighborhood Center<br/><b>Size:</b> 988 - 1,690 SF<br/><b>Agent:</b> Joe Edge, SIOR, CCIM<br/><b>Phone:</b> 706.288.1077<br/><b>Email:</b> jedge@shermanandhemstreet.com<br/><b>Listing:</b> <a href="https://www.shermanandhemstreet.com/property-search/commercial-property-search/commercial-property-details/?propertyId=1090257-lease">https://www.shermanandhemstreet.com/property-search/commercial-property-search/commercial-property-details/?propertyId=1090257-lease</a>]]></description>
      <styleUrl>#Sherman_and_Hemstreet</styleUrl>
      <Point>
        <coordinates>-82.0466304,33.3981291,0</coordinates>
      </Point>
    </Placemark>
    <Placemark>
      <name>2232 Peach Orchard Rd</name>
      <description><![CDATA[<b>Address:</b> 2232 Peach Orchard Rd, Augusta, GA 30906<br/><b>Status:</b> Active<br/><b>Property Type:</b> Office Building<br/><b>Size:</b> 2,412 SF<br/><b>Agent:</b> Connie Wilson, CCIM<br/><b>Phone:</b> 706.722.8334 x202<br/><b>Email:</b> cwilson@shermanandhemstreet.com<br/><b>Listing:</b> <a href="https://www.shermanandhemstreet.com/property-search/commercial-property-search/commercial-property-details/?propertyId=1603706-lease">https://www.shermanandhemstreet.com/property-search/commercial-property-search/commercial-property-details/?propertyId=1603706-lease</a>]]></description>
      <styleUrl>#Sherman_and_Hemstreet</styleUrl>
      <Point>
        <coordinates>-82.0064385,33.4360465,0</coordinates>
      </Point>
    </Placemark>
    <Placemark>
      <name>2326 Walden Dr </name>
      <description><![CDATA[<b>Address:</b> 2326 Walden Dr , Augusta, GA 30904<br/><b>Status:</b> Active<br/><b>Property Type:</b> Flex Space<br/><b>Size:</b> 3,714 SF<br/><b>Agent:</b> Zack Hartman<br/><b>Phone:</b> 706.922.0395<br/><b>Email:</b> zhartman@shermanandhemstreet.com<br/><b>Listing:</b> <a href="https://www.shermanandhemstreet.com/property-search/commercial-property-search/commercial-property-details/?propertyId=991533-lease">https://www.shermanandhemstreet.com/property-search/commercial-property-search/commercial-property-details/?propertyId=991533-lease</a>]]></description>
      <styleUrl>#Sherman_and_Hemstreet</styleUrl>
      <Point>
        <coordinates>-82.0336045,33.4545646,0</coordinates>
      </Point>
    </Placemark>
    <Placemark>
      <name>2403 Milledgeville Rd</name>
      <description><![CDATA[<b>Address:</b> 2403 Milledgeville Rd, Augusta, GA 30906<br/><b>Status:</b> Active<br/><b>Property Type:</b> Warehouse/Distribution<br/><b>Size:</b> 5,739 SF<br/><b>Agent:</b> Joe Edge, SIOR, CCIM<br/><b>Phone:</b> 706.288.1077<br/><b>Email:</b> jedge@shermanandhemstreet.com<br/><b>Listing:</b> <a href="https://www.shermanandhemstreet.com/property-search/commercial-property-search/commercial-property-details/?propertyId=1028042-lease">https://www.shermanandhemstreet.com/property-search/commercial-property-search/commercial-property-details/?propertyId=1028042-lease</a>]]></description>
      <styleUrl>#Sherman_and_Hemstreet</styleUrl>
      <Point>
        <coordinates>-82.0118042,33.4471555,0</coordinates>
      </Point>
    </Placemark>
    <Placemark>
      <name>2559 Lumpkin Rd</name>
      <description><![CDATA[<b>Address:</b> 2559 Lumpkin Rd, Augusta, GA 30906<br/><b>Status:</b> Active<br/><b>Property Type:</b> Other<br/><b>Size:</b> 4.02 Acres<br/><b>Agent:</b> Connie Wilson, CCIM<br/><b>Phone:</b> 706.722.8334 x202<br/><b>Email:</b> cwilson@shermanandhemstreet.com<br/><b>Listing:</b> <a href="https://www.shermanandhemstreet.com/property-search/commercial-property-search/commercial-property-details/?propertyId=1511546-sale">https://www.shermanandhemstreet.com/property-search/commercial-property-search/commercial-property-details/?propertyId=1511546-sale</a>]]></description>
      <styleUrl>#Sherman_and_Hemstreet</styleUrl>
      <Point>
        <coordinates>-82.050037,33.425694,0</coordinates>
      </Point>
    </Placemark>
    <Placemark>
      <name>2601 Commons Blvd</name>
      <description><![CDATA[<b>Address:</b> 2601 Commons Blvd, Augusta, GA 30909<br/><b>Status:</b> Active<br/><b>Property Type:</b> Office Building<br/><b>Size:</b> 500 - 4,000 SF<br/><b>Agent:</b> Joe Edge, SIOR, CCIM<br/><b>Phone:</b> 706.288.1077<br/><b>Email:</b> jedge@shermanandhemstreet.com<br/><b>Listing:</b> <a href="https://www.shermanandhemstreet.com/property-search/commercial-property-search/commercial-property-details/?propertyId=1328847-lease">https://www.shermanandhemstreet.com/property-search/commercial-property-search/commercial-property-details/?propertyId=1328847-lease</a>]]></description>
      <styleUrl>#Sherman_and_Hemstreet</styleUrl>
      <Point>
        <coordinates>-82.0422035,33.5097478,0</coordinates>
      </Point>
    </Placemark>
    <Placemark>
      <name>2601 Deans Bridge Road</name>
      <description><![CDATA[<b>Address:</b> 2601 Deans Bridge Road, Augusta, GA 30906<br/><b>Status:</b> Active<br/><b>Property Type:</b> Strip Center<br/><b>Size:</b> 2,800 - 3,000 SF<br/><b>Agent:</b> Joe Edge, SIOR, CCIM<br/><b>Phone:</b> 706.288.1077<br/><b>Email:</b> jedge@shermanandhemstreet.com<br/><b>Listing:</b> <a href="https://www.shermanandhemstreet.com/property-search/commercial-property-search/commercial-property-details/?propertyId=1651596-lease">https://www.shermanandhemstreet.com/property-search/commercial-property-search/commercial-property-details/?propertyId=1651596-lease</a>]]></description>
      <styleUrl>#Sherman_and_Hemstreet</styleUrl>
      <Point>
        <coordinates>-82.0204751,33.44233000000001,0</coordinates>
      </Point>
    </Placemark>
    <Placemark>
      <name>2608 Commons Boulevard</name>
      <description><![CDATA[<b>Address:</b> 2608 Commons Boulevard, Augusta, GA 30909<br/><b>Status:</b> Active<br/><b>Property Type:</b> Office Building<br/><b>Size:</b> 3,015 SF<br/><b>Agent:</b> Joe Edge, SIOR, CCIM<br/><b>Phone:</b> 706.288.1077<br/><b>Email:</b> jedge@shermanandhemstreet.com<br/><b>Listing:</b> <a href="https://www.shermanandhemstreet.com/property-search/commercial-property-search/commercial-property-details/?propertyId=1076623-sale">https://www.shermanandhemstreet.com/property-search/commercial-property-search/commercial-property-details/?propertyId=1076623-sale</a>]]></description>
      <styleUrl>#Sherman_and_Hemstreet</styleUrl>
      <Point>
        <coordinates>-82.04152239999999,33.5091822,0</coordinates>
      </Point>
    </Placemark>
    <Placemark>
      <name>2608 Commons Boulevard</name>
      <description><![CDATA[<b>Address:</b> 2608 Commons Boulevard, Augusta, GA 30909<br/><b>Status:</b> Active<br/><b>Property Type:</b> Office Building<br/><b>Size:</b> 2,015 SF<br/><b>Agent:</b> Joe Edge, SIOR, CCIM<br/><b>Phone:</b> 706.288.1077<br/><b>Email:</b> jedge@shermanandhemstreet.com<br/><b>Listing:</b> <a href="https://www.shermanandhemstreet.com/property-search/commercial-property-search/commercial-property-details/?propertyId=1076623-lease">https://www.shermanandhemstreet.com/property-search/commercial-property-search/commercial-property-details/?propertyId=1076623-lease</a>]]></description>
      <styleUrl>#Sherman_and_Hemstreet</styleUrl>
      <Point>
        <coordinates>-82.04152239999999,33.5091822,0</coordinates>
      </Point>
    </Placemark>
    <Placemark>
      <name>2658 Barton Chapel Rd</name>
      <description><![CDATA[<b>Address:</b> 2658 Barton Chapel Rd, Augusta, GA 30906<br/><b>Status:</b> Active<br/><b>Property Type:</b> Strip Center<br/><b>Size:</b> 6,000 SF<br/><b>Agent:</b> Joe Edge, SIOR, CCIM<br/><b>Phone:</b> 706.288.1077<br/><b>Email:</b> jedge@shermanandhemstreet.com<br/><b>Listing:</b> <a href="https://www.shermanandhemstreet.com/property-search/commercial-property-search/commercial-property-details/?propertyId=1446538-sale">https://www.shermanandhemstreet.com/property-search/commercial-property-search/commercial-property-details/?propertyId=1446538-sale</a>]]></description>
      <styleUrl>#Sherman_and_Hemstreet</styleUrl>
      <Point>
        <coordinates>-82.08120439999999,33.4218387,0</coordinates>
      </Point>
    </Placemark>
    <Placemark>
      <name>2755 Barton Chapel Road</name>
      <description><![CDATA[<b>Address:</b> 2755 Barton Chapel Road, Augusta, GA 30906<br/><b>Status:</b> Active<br/><b>Property Type:</b> Medical<br/><b>Size:</b> 2,931 SF<br/><b>Agent:</b> Joe Edge, SIOR, CCIM<br/><b>Phone:</b> 706.288.1077<br/><b>Email:</b> jedge@shermanandhemstreet.com<br/><b>Listing:</b> <a href="https://www.shermanandhemstreet.com/property-search/commercial-property-search/commercial-property-details/?propertyId=1629387-sale">https://www.shermanandhemstreet.com/property-search/commercial-property-search/commercial-property-details/?propertyId=1629387-sale</a>]]></description>
      <styleUrl>#Sherman_and_Hemstreet</styleUrl>
      <Point>
        <coordinates>-82.0795692,33.4191747,0</coordinates>
      </Point>
    </Placemark>
    <Placemark>
      <name>2755 Barton Chapel Road</name>
      <description><![CDATA[<b>Address:</b> 2755 Barton Chapel Road, Augusta, GA 30906<br/><b>Status:</b> Active<br/><b>Property Type:</b> Medical<br/><b>Size:</b> 2,931 SF<br/><b>Agent:</b> Joe Edge, SIOR, CCIM<br/><b>Phone:</b> 706.288.1077<br/><b>Email:</b> jedge@shermanandhemstreet.com<br/><b>Listing:</b> <a href="https://www.shermanandhemstreet.com/property-search/commercial-property-search/commercial-property-details/?propertyId=1629387-lease">https://www.shermanandhemstreet.com/property-search/commercial-property-search/commercial-property-details/?propertyId=1629387-lease</a>]]></description>
      <styleUrl>#Sherman_and_Hemstreet</styleUrl>
      <Point>
        <coordinates>-82.0795692,33.4191747,0</coordinates>
      </Point>
    </Placemark>
    <Placemark>
      <name>304 Golden Camp Road</name>
      <description><![CDATA[<b>Address:</b> 304 Golden Camp Road, Augusta, GA 30906<br/><b>Status:</b> Active<br/><b>Property Type:</b> Office Showroom<br/><b>Size:</b> 1,374 SF<br/><b>Agent:</b> Joe Edge, SIOR, CCIM<br/><b>Phone:</b> 706.288.1077<br/><b>Email:</b> jedge@shermanandhemstreet.com<br/><b>Listing:</b> <a href="https://www.shermanandhemstreet.com/property-search/commercial-property-search/commercial-property-details/?propertyId=845946-sale">https://www.shermanandhemstreet.com/property-search/commercial-property-search/commercial-property-details/?propertyId=845946-sale</a>]]></description>
      <styleUrl>#Sherman_and_Hemstreet</styleUrl>
      <Point>
        <coordinates>-82.048945,33.42873,0</coordinates>
      </Point>
    </Placemark>
    <Placemark>
      <name>304 Golden Camp Road</name>
      <description><![CDATA[<b>Address:</b> 304 Golden Camp Road, Augusta, GA 30906<br/><b>Status:</b> Active<br/><b>Property Type:</b> Office Showroom<br/><b>Size:</b> 1,374 SF<br/><b>Agent:</b> Joe Edge, SIOR, CCIM<br/><b>Phone:</b> 706.288.1077<br/><b>Email:</b> jedge@shermanandhemstreet.com<br/><b>Listing:</b> <a href="https://www.shermanandhemstreet.com/property-search/commercial-property-search/commercial-property-details/?propertyId=845946-lease">https://www.shermanandhemstreet.com/property-search/commercial-property-search/commercial-property-details/?propertyId=845946-lease</a>]]></description>
      <styleUrl>#Sherman_and_Hemstreet</styleUrl>
      <Point>
        <coordinates>-82.048945,33.42873,0</coordinates>
      </Point>
    </Placemark>
    <Placemark>
      <name>3059 Deans Bridge Road</name>
      <description><![CDATA[<b>Address:</b> 3059 Deans Bridge Road, Augusta, GA 30906<br/><b>Status:</b> Active<br/><b>Property Type:</b> Free Standing Building<br/><b>Size:</b> 3,240 SF<br/><b>Agent:</b> Joe Edge, SIOR, CCIM<br/><b>Phone:</b> 706.288.1077<br/><b>Email:</b> jedge@shermanandhemstreet.com<br/><b>Listing:</b> <a href="https://www.shermanandhemstreet.com/property-search/commercial-property-search/commercial-property-details/?propertyId=566380-sale">https://www.shermanandhemstreet.com/property-search/commercial-property-search/commercial-property-details/?propertyId=566380-sale</a>]]></description>
      <styleUrl>#Sherman_and_Hemstreet</styleUrl>
      <Point>
        <coordinates>-82.04886499999999,33.4282409,0</coordinates>
      </Point>
    </Placemark>
    <Placemark>
      <name>3250 Deans Bridge Road</name>
      <description><![CDATA[<b>Address:</b> 3250 Deans Bridge Road, Augusta, GA 30906<br/><b>Status:</b> Active<br/><b>Property Type:</b> Medical<br/><b>Size:</b> 9,600 SF<br/><b>Agent:</b> Joe Edge, SIOR, CCIM<br/><b>Phone:</b> 706.288.1077<br/><b>Email:</b> jedge@shermanandhemstreet.com<br/><b>Listing:</b> <a href="https://www.shermanandhemstreet.com/property-search/commercial-property-search/commercial-property-details/?propertyId=247472-sale">https://www.shermanandhemstreet.com/property-search/commercial-property-search/commercial-property-details/?propertyId=247472-sale</a>]]></description>
      <styleUrl>#Sherman_and_Hemstreet</styleUrl>
      <Point>
        <coordinates>-82.0671861,33.4200368,0</coordinates>
      </Point>
    </Placemark>
    <Placemark>
      <name>3280 Perkins Rd</name>
      <description><![CDATA[<b>Address:</b> 3280 Perkins Rd, Augusta, GA 30906<br/><b>Status:</b> Active<br/><b>Property Type:</b> Warehouse/Distribution<br/><b>Size:</b> 69,120 SF<br/><b>Agent:</b> Connie Wilson, CCIM<br/><b>Phone:</b> 706.722.8334 x202<br/><b>Email:</b> cwilson@shermanandhemstreet.com<br/><b>Listing:</b> <a href="https://www.shermanandhemstreet.com/property-search/commercial-property-search/commercial-property-details/?propertyId=1598764-lease">https://www.shermanandhemstreet.com/property-search/commercial-property-search/commercial-property-details/?propertyId=1598764-lease</a>]]></description>
      <styleUrl>#Sherman_and_Hemstreet</styleUrl>
      <Point>
        <coordinates>-81.9934656,33.3978698,0</coordinates>
      </Point>
    </Placemark>
    <Placemark>
      <name>3328 Washington Road</name>
      <description><![CDATA[<b>Address:</b> 3328 Washington Road, Augusta, GA 30907<br/><b>Status:</b> Active<br/><b>Property Type:</b> Strip Center<br/><b>Size:</b> 1,000 SF<br/><b>Agent:</b> Joe Edge, SIOR, CCIM<br/><b>Phone:</b> 706.288.1077<br/><b>Email:</b> jedge@shermanandhemstreet.com<br/><b>Listing:</b> <a href="https://www.shermanandhemstreet.com/property-search/commercial-property-search/commercial-property-details/?propertyId=242936-lease">https://www.shermanandhemstreet.com/property-search/commercial-property-search/commercial-property-details/?propertyId=242936-lease</a>]]></description>
      <styleUrl>#Sherman_and_Hemstreet</styleUrl>
      <Point>
        <coordinates>-82.0696754,33.5153608,0</coordinates>
      </Point>
    </Placemark>
    <Placemark>
      <name>3343 Deans Bridge Rd</name>
      <description><![CDATA[<b>Address:</b> 3343 Deans Bridge Rd, Augusta, GA 30906<br/><b>Status:</b> Active<br/><b>Property Type:</b> Industrial<br/><b>Size:</b> 5,000 - 15,600 SF<br/><b>Agent:</b> Connie Wilson, CCIM<br/><b>Phone:</b> 706.722.8334 x202<br/><b>Email:</b> cwilson@shermanandhemstreet.com<br/><b>Listing:</b> <a href="https://www.shermanandhemstreet.com/property-search/commercial-property-search/commercial-property-details/?propertyId=1608934-lease">https://www.shermanandhemstreet.com/property-search/commercial-property-search/commercial-property-details/?propertyId=1608934-lease</a>]]></description>
      <styleUrl>#Sherman_and_Hemstreet</styleUrl>
      <Point>
        <coordinates>-82.07734599999999,33.419595,0</coordinates>
      </Point>
    </Placemark>
    <Placemark>
      <name>3452 Peach Orchard Road</name>
      <description><![CDATA[<b>Address:</b> 3452 Peach Orchard Road, Augusta, GA 30906<br/><b>Status:</b> Active<br/><b>Property Type:</b> Strip Center<br/><b>Size:</b> 990 - 1,200 SF<br/><b>Agent:</b> Joe Edge, SIOR, CCIM<br/><b>Phone:</b> 706.288.1077<br/><b>Email:</b> jedge@shermanandhemstreet.com<br/><b>Listing:</b> <a href="https://www.shermanandhemstreet.com/property-search/commercial-property-search/commercial-property-details/?propertyId=240639-lease">https://www.shermanandhemstreet.com/property-search/commercial-property-search/commercial-property-details/?propertyId=240639-lease</a>]]></description>
      <styleUrl>#Sherman_and_Hemstreet</styleUrl>
      <Point>
        <coordinates>-82.02653710000001,33.3899589,0</coordinates>
      </Point>
    </Placemark>
    <Placemark>
      <name>3523 Walton Way Ext.</name>
      <description><![CDATA[<b>Address:</b> 3523 Walton Way Ext., Augusta, GA 30909<br/><b>Status:</b> Active<br/><b>Property Type:</b> Office Building<br/><b>Size:</b> 2,000 - 4,500 SF<br/><b>Agent:</b> Joe Edge, SIOR, CCIM<br/><b>Phone:</b> 706.288.1077<br/><b>Email:</b> jedge@shermanandhemstreet.com<br/><b>Listing:</b> <a href="https://www.shermanandhemstreet.com/property-search/commercial-property-search/commercial-property-details/?propertyId=256351-lease">https://www.shermanandhemstreet.com/property-search/commercial-property-search/commercial-property-details/?propertyId=256351-lease</a>]]></description>
      <styleUrl>#Sherman_and_Hemstreet</styleUrl>
      <Point>
        <coordinates>-82.071961,33.4866873,0</coordinates>
      </Point>
    </Placemark>
    <Placemark>
      <name>3540 Wheeler Rd Suite 618</name>
      <description><![CDATA[<b>Address:</b> 3540 Wheeler Rd Suite 618, Augusta, GA 30909<br/><b>Status:</b> Active<br/><b>Property Type:</b> Office Building<br/><b>Size:</b> 400 SF<br/><b>Agent:</b> Joe Edge, SIOR, CCIM<br/><b>Phone:</b> 706.288.1077<br/><b>Email:</b> jedge@shermanandhemstreet.com<br/><b>Listing:</b> <a href="https://www.shermanandhemstreet.com/property-search/commercial-property-search/commercial-property-details/?propertyId=1537335-lease">https://www.shermanandhemstreet.com/property-search/commercial-property-search/commercial-property-details/?propertyId=1537335-lease</a>]]></description>
      <styleUrl>#Sherman_and_Hemstreet</styleUrl>
      <Point>
        <coordinates>-82.0790834,33.4842378,0</coordinates>
      </Point>
    </Placemark>
    <Placemark>
      <name>3540 Wheeler Road Suite 316</name>
      <description><![CDATA[<b>Address:</b> 3540 Wheeler Road Suite 316, Augusta, GA 30909<br/><b>Status:</b> Active<br/><b>Property Type:</b> Office Building<br/><b>Size:</b> 734 SF<br/><b>Agent:</b> Joe Edge, SIOR, CCIM<br/><b>Phone:</b> 706.288.1077<br/><b>Email:</b> jedge@shermanandhemstreet.com<br/><b>Listing:</b> <a href="https://www.shermanandhemstreet.com/property-search/commercial-property-search/commercial-property-details/?propertyId=910776-lease">https://www.shermanandhemstreet.com/property-search/commercial-property-search/commercial-property-details/?propertyId=910776-lease</a>]]></description>
      <styleUrl>#Sherman_and_Hemstreet</styleUrl>
      <Point>
        <coordinates>-82.0776235,33.4846814,0</coordinates>
      </Point>
    </Placemark>
    <Placemark>
      <name>3540 Wheeler Road Suite 409</name>
      <description><![CDATA[<b>Address:</b> 3540 Wheeler Road Suite 409, Augusta, GA 30909<br/><b>Status:</b> Active<br/><b>Property Type:</b> Office Building<br/><b>Size:</b> 800 SF<br/><b>Agent:</b> Joe Edge, SIOR, CCIM<br/><b>Phone:</b> 706.288.1077<br/><b>Email:</b> jedge@shermanandhemstreet.com<br/><b>Listing:</b> <a href="https://www.shermanandhemstreet.com/property-search/commercial-property-search/commercial-property-details/?propertyId=776342-lease">https://www.shermanandhemstreet.com/property-search/commercial-property-search/commercial-property-details/?propertyId=776342-lease</a>]]></description>
      <styleUrl>#Sherman_and_Hemstreet</styleUrl>
      <Point>
        <coordinates>-82.0776235,33.4846814,0</coordinates>
      </Point>
    </Placemark>
    <Placemark>
      <name>3540 Wheeler Road Suite 415</name>
      <description><![CDATA[<b>Address:</b> 3540 Wheeler Road Suite 415, Augusta, GA 30909<br/><b>Status:</b> Active<br/><b>Property Type:</b> Office Building<br/><b>Size:</b> 358 SF<br/><b>Agent:</b> Joe Edge, SIOR, CCIM<br/><b>Phone:</b> 706.288.1077<br/><b>Email:</b> jedge@shermanandhemstreet.com<br/><b>Listing:</b> <a href="https://www.shermanandhemstreet.com/property-search/commercial-property-search/commercial-property-details/?propertyId=698976-lease">https://www.shermanandhemstreet.com/property-search/commercial-property-search/commercial-property-details/?propertyId=698976-lease</a>]]></description>
      <styleUrl>#Sherman_and_Hemstreet</styleUrl>
      <Point>
        <coordinates>-82.0781058,33.48430880000001,0</coordinates>
      </Point>
    </Placemark>
    <Placemark>
      <name>3558 Windsor Spring Rd</name>
      <description><![CDATA[<b>Address:</b> 3558 Windsor Spring Rd, Augusta, GA 30906<br/><b>Status:</b> Active<br/><b>Property Type:</b> Strip Center<br/><b>Size:</b> 1,200 SF<br/><b>Agent:</b> Chris Farrow<br/><b>Phone:</b> 706.288.1076<br/><b>Email:</b> cfarrow@shermanandhemstreet.com<br/><b>Listing:</b> <a href="https://www.shermanandhemstreet.com/property-search/commercial-property-search/commercial-property-details/?propertyId=204962-lease">https://www.shermanandhemstreet.com/property-search/commercial-property-search/commercial-property-details/?propertyId=204962-lease</a>]]></description>
      <styleUrl>#Sherman_and_Hemstreet</styleUrl>
      <Point>
        <coordinates>-82.0664627,33.3858171,0</coordinates>
      </Point>
    </Placemark>
    <Placemark>
      <name>3600 Belair Rd</name>
      <description><![CDATA[<b>Address:</b> 3600 Belair Rd, Augusta, GA 30909<br/><b>Status:</b> Active<br/><b>Property Type:</b> Retail<br/><b>Size:</b> 4.92 Acres<br/><b>Agent:</b> Joe Edge, SIOR, CCIM<br/><b>Phone:</b> 706.288.1077<br/><b>Email:</b> jedge@shermanandhemstreet.com<br/><b>Listing:</b> <a href="https://www.shermanandhemstreet.com/property-search/commercial-property-search/commercial-property-details/?propertyId=1602796-sale">https://www.shermanandhemstreet.com/property-search/commercial-property-search/commercial-property-details/?propertyId=1602796-sale</a>]]></description>
      <styleUrl>#Sherman_and_Hemstreet</styleUrl>
      <Point>
        <coordinates>-82.091442,33.463768,0</coordinates>
      </Point>
    </Placemark>
    <Placemark>
      <name>3643 Walton Way Ext Bldg 4</name>
      <description><![CDATA[<b>Address:</b> 3643 Walton Way Ext Bldg 4, Augusta, GA 30909<br/><b>Status:</b> Active<br/><b>Property Type:</b> Office Building<br/><b>Size:</b> 250 - 300 SF<br/><b>Agent:</b> Joe Edge, SIOR, CCIM<br/><b>Phone:</b> 706.288.1077<br/><b>Email:</b> jedge@shermanandhemstreet.com<br/><b>Listing:</b> <a href="https://www.shermanandhemstreet.com/property-search/commercial-property-search/commercial-property-details/?propertyId=1294722-lease">https://www.shermanandhemstreet.com/property-search/commercial-property-search/commercial-property-details/?propertyId=1294722-lease</a>]]></description>
      <styleUrl>#Sherman_and_Hemstreet</styleUrl>
      <Point>
        <coordinates>-82.0751948,33.4923394,0</coordinates>
      </Point>
    </Placemark>
    <Placemark>
      <name>3729 Wrightsboro Rd</name>
      <description><![CDATA[<b>Address:</b> 3729 Wrightsboro Rd, Augusta, GA 30909<br/><b>Status:</b> Active<br/><b>Property Type:</b> Retail<br/><b>Size:</b> 2.58 Acres<br/><b>Agent:</b> Joe Edge, SIOR, CCIM<br/><b>Phone:</b> 706.288.1077<br/><b>Email:</b> jedge@shermanandhemstreet.com<br/><b>Listing:</b> <a href="https://www.shermanandhemstreet.com/property-search/commercial-property-search/commercial-property-details/?propertyId=1602862-sale">https://www.shermanandhemstreet.com/property-search/commercial-property-search/commercial-property-details/?propertyId=1602862-sale</a>]]></description>
      <styleUrl>#Sherman_and_Hemstreet</styleUrl>
      <Point>
        <coordinates>-82.102796,33.47057,0</coordinates>
      </Point>
    </Placemark>
    <Placemark>
      <name>3736 Wrightsboro Rd</name>
      <description><![CDATA[<b>Address:</b> 3736 Wrightsboro Rd, Augusta, GA 30909<br/><b>Status:</b> Active<br/><b>Property Type:</b> Retail<br/><b>Size:</b> 2.1 Acres<br/><b>Agent:</b> Joe Edge, SIOR, CCIM<br/><b>Phone:</b> 706.288.1077<br/><b>Email:</b> jedge@shermanandhemstreet.com<br/><b>Listing:</b> <a href="https://www.shermanandhemstreet.com/property-search/commercial-property-search/commercial-property-details/?propertyId=1602841-sale">https://www.shermanandhemstreet.com/property-search/commercial-property-search/commercial-property-details/?propertyId=1602841-sale</a>]]></description>
      <styleUrl>#Sherman_and_Hemstreet</styleUrl>
      <Point>
        <coordinates>-82.10360899999999,33.469735,0</coordinates>
      </Point>
    </Placemark>
    <Placemark>
      <name>3778 Peach Orchard</name>
      <description><![CDATA[<b>Address:</b> 3778 Peach Orchard, Augusta, GA 30906<br/><b>Status:</b> Active<br/><b>Property Type:</b> Retail<br/><b>Size:</b> 0.73 Acres<br/><b>Agent:</b> Zack Hartman<br/><b>Phone:</b> 706.922.0395<br/><b>Email:</b> zhartman@shermanandhemstreet.com<br/><b>Listing:</b> <a href="https://www.shermanandhemstreet.com/property-search/commercial-property-search/commercial-property-details/?propertyId=1030699-sale">https://www.shermanandhemstreet.com/property-search/commercial-property-search/commercial-property-details/?propertyId=1030699-sale</a>]]></description>
      <styleUrl>#Sherman_and_Hemstreet</styleUrl>
      <Point>
        <coordinates>-82.04462699999999,33.356076,0</coordinates>
      </Point>
    </Placemark>
    <Placemark>
      <name>3910 Wrightsboro Rd</name>
      <description><![CDATA[<b>Address:</b> 3910 Wrightsboro Rd, Augusta, GA 30909<br/><b>Status:</b> Active<br/><b>Property Type:</b> Retail<br/><b>Size:</b> 2 Acres<br/><b>Agent:</b> Joe Edge, SIOR, CCIM<br/><b>Phone:</b> 706.288.1077<br/><b>Email:</b> jedge@shermanandhemstreet.com<br/><b>Listing:</b> <a href="https://www.shermanandhemstreet.com/property-search/commercial-property-search/commercial-property-details/?propertyId=1602825-sale">https://www.shermanandhemstreet.com/property-search/commercial-property-search/commercial-property-details/?propertyId=1602825-sale</a>]]></description>
      <styleUrl>#Sherman_and_Hemstreet</styleUrl>
      <Point>
        <coordinates>-82.12089399999999,33.469705,0</coordinates>
      </Point>
    </Placemark>
    <Placemark>
      <name>3928 Wrightsboro Rd</name>
      <description><![CDATA[<b>Address:</b> 3928 Wrightsboro Rd, Augusta, GA 30909<br/><b>Status:</b> Active<br/><b>Property Type:</b> Retail<br/><b>Size:</b> 1.41 Acres<br/><b>Agent:</b> Joe Edge, SIOR, CCIM<br/><b>Phone:</b> 706.288.1077<br/><b>Email:</b> jedge@shermanandhemstreet.com<br/><b>Listing:</b> <a href="https://www.shermanandhemstreet.com/property-search/commercial-property-search/commercial-property-details/?propertyId=1602890-sale">https://www.shermanandhemstreet.com/property-search/commercial-property-search/commercial-property-details/?propertyId=1602890-sale</a>]]></description>
      <styleUrl>#Sherman_and_Hemstreet</styleUrl>
      <Point>
        <coordinates>-82.123024,33.469941,0</coordinates>
      </Point>
    </Placemark>
    <Placemark>
      <name>3940 Wrightsboro Rd</name>
      <description><![CDATA[<b>Address:</b> 3940 Wrightsboro Rd, Augusta, GA 30909<br/><b>Status:</b> Active<br/><b>Property Type:</b> Retail<br/><b>Size:</b> 0.56 Acres<br/><b>Agent:</b> Joe Edge, SIOR, CCIM<br/><b>Phone:</b> 706.288.1077<br/><b>Email:</b> jedge@shermanandhemstreet.com<br/><b>Listing:</b> <a href="https://www.shermanandhemstreet.com/property-search/commercial-property-search/commercial-property-details/?propertyId=1602815-sale">https://www.shermanandhemstreet.com/property-search/commercial-property-search/commercial-property-details/?propertyId=1602815-sale</a>]]></description>
      <styleUrl>#Sherman_and_Hemstreet</styleUrl>
      <Point>
        <coordinates>-82.1245289,33.4704179,0</coordinates>
      </Point>
    </Placemark>
    <Placemark>
      <name>415 Laney Walker Boulevard Ext</name>
      <description><![CDATA[<b>Address:</b> 415 Laney Walker Boulevard Ext, Augusta, GA 30901<br/><b>Status:</b> Active<br/><b>Property Type:</b> Industrial<br/><b>Size:</b> 17.14 Acres<br/><b>Agent:</b> Joe Edge, SIOR, CCIM<br/><b>Phone:</b> 706.288.1077<br/><b>Email:</b> jedge@shermanandhemstreet.com<br/><b>Listing:</b> <a href="https://www.shermanandhemstreet.com/property-search/commercial-property-search/commercial-property-details/?propertyId=1265711-lease">https://www.shermanandhemstreet.com/property-search/commercial-property-search/commercial-property-details/?propertyId=1265711-lease</a>]]></description>
      <styleUrl>#Sherman_and_Hemstreet</styleUrl>
      <Point>
        <coordinates>-81.9455799,33.4554444,0</coordinates>
      </Point>
    </Placemark>
    <Placemark>
      <name>4268 Belair Frontage Rd</name>
      <description><![CDATA[<b>Address:</b> 4268 Belair Frontage Rd, Augusta, GA 30909<br/><b>Status:</b> Active<br/><b>Property Type:</b> Flex Space<br/><b>Size:</b> 2,000 - 4,000 SF<br/><b>Agent:</b> Connie Wilson, CCIM<br/><b>Phone:</b> 706.722.8334 x202<br/><b>Email:</b> cwilson@shermanandhemstreet.com<br/><b>Listing:</b> <a href="https://www.shermanandhemstreet.com/property-search/commercial-property-search/commercial-property-details/?propertyId=1594901-lease">https://www.shermanandhemstreet.com/property-search/commercial-property-search/commercial-property-details/?propertyId=1594901-lease</a>]]></description>
      <styleUrl>#Sherman_and_Hemstreet</styleUrl>
      <Point>
        <coordinates>-82.12316299999999,33.4827891,0</coordinates>
      </Point>
    </Placemark>
    <Placemark>
      <name>429 Walker St</name>
      <description><![CDATA[<b>Address:</b> 429 Walker St, Augusta, GA 30901<br/><b>Status:</b> Active<br/><b>Property Type:</b> Office Building<br/><b>Size:</b> 12,237 SF<br/><b>Agent:</b> Joe Edge, SIOR, CCIM<br/><b>Phone:</b> 706.288.1077<br/><b>Email:</b> jedge@shermanandhemstreet.com<br/><b>Listing:</b> <a href="https://www.shermanandhemstreet.com/property-search/commercial-property-search/commercial-property-details/?propertyId=1661952-sale">https://www.shermanandhemstreet.com/property-search/commercial-property-search/commercial-property-details/?propertyId=1661952-sale</a>]]></description>
      <styleUrl>#Sherman_and_Hemstreet</styleUrl>
      <Point>
        <coordinates>-81.9599681,33.4687479,0</coordinates>
      </Point>
    </Placemark>
    <Placemark>
      <name>429 Walker Street</name>
      <description><![CDATA[<b>Address:</b> 429 Walker Street, Augusta, GA 30901<br/><b>Status:</b> Active<br/><b>Property Type:</b> Office Building<br/><b>Size:</b> 130 - 744 SF<br/><b>Agent:</b> Joe Edge, SIOR, CCIM<br/><b>Phone:</b> 706.288.1077<br/><b>Email:</b> jedge@shermanandhemstreet.com<br/><b>Listing:</b> <a href="https://www.shermanandhemstreet.com/property-search/commercial-property-search/commercial-property-details/?propertyId=821036-lease">https://www.shermanandhemstreet.com/property-search/commercial-property-search/commercial-property-details/?propertyId=821036-lease</a>]]></description>
      <styleUrl>#Sherman_and_Hemstreet</styleUrl>
      <Point>
        <coordinates>-81.9599381,33.4687452,0</coordinates>
      </Point>
    </Placemark>
    <Placemark>
      <name>4290 Belair Frontage Rd</name>
      <description><![CDATA[<b>Address:</b> 4290 Belair Frontage Rd, Augusta, GA 30909<br/><b>Status:</b> Active<br/><b>Property Type:</b> Specialty Center<br/><b>Size:</b> 120 SF<br/><b>Agent:</b> Joe Edge, SIOR, CCIM<br/><b>Phone:</b> 706.288.1077<br/><b>Email:</b> jedge@shermanandhemstreet.com<br/><b>Listing:</b> <a href="https://www.shermanandhemstreet.com/property-search/commercial-property-search/commercial-property-details/?propertyId=204592-lease">https://www.shermanandhemstreet.com/property-search/commercial-property-search/commercial-property-details/?propertyId=204592-lease</a>]]></description>
      <styleUrl>#Sherman_and_Hemstreet</styleUrl>
      <Point>
        <coordinates>-82.1234606,33.4820685,0</coordinates>
      </Point>
    </Placemark>
    <Placemark>
      <name>431 Walker St</name>
      <description><![CDATA[<b>Address:</b> 431 Walker St, Augusta, GA 30901<br/><b>Status:</b> Active<br/><b>Property Type:</b> Office Building<br/><b>Size:</b> 300 SF<br/><b>Agent:</b> Joe Edge, SIOR, CCIM<br/><b>Phone:</b> 706.288.1077<br/><b>Email:</b> jedge@shermanandhemstreet.com<br/><b>Listing:</b> <a href="https://www.shermanandhemstreet.com/property-search/commercial-property-search/commercial-property-details/?propertyId=1452638-lease">https://www.shermanandhemstreet.com/property-search/commercial-property-search/commercial-property-details/?propertyId=1452638-lease</a>]]></description>
      <styleUrl>#Sherman_and_Hemstreet</styleUrl>
      <Point>
        <coordinates>-81.9601725,33.4687822,0</coordinates>
      </Point>
    </Placemark>
    <Placemark>
      <name>5202 Old Mike Padgett Highway</name>
      <description><![CDATA[<b>Address:</b> 5202 Old Mike Padgett Highway, Augusta, GA 30906<br/><b>Status:</b> Active<br/><b>Property Type:</b> Single Family Rental Portfolio<br/><b>Size:</b> 9,604 SF<br/><b>Agent:</b> Zack Hartman<br/><b>Phone:</b> 706.922.0395<br/><b>Email:</b> zhartman@shermanandhemstreet.com<br/><b>Listing:</b> <a href="https://www.shermanandhemstreet.com/property-search/commercial-property-search/commercial-property-details/?propertyId=1605373-sale">https://www.shermanandhemstreet.com/property-search/commercial-property-search/commercial-property-details/?propertyId=1605373-sale</a>]]></description>
      <styleUrl>#Sherman_and_Hemstreet</styleUrl>
      <Point>
        <coordinates>-81.951137,33.2451409,0</coordinates>
      </Point>
    </Placemark>
    <Placemark>
      <name>525 Broad St</name>
      <description><![CDATA[<b>Address:</b> 525 Broad St, Augusta, GA 30901<br/><b>Status:</b> Active<br/><b>Property Type:</b> Street Retail<br/><b>Size:</b> 4,494 SF<br/><b>Agent:</b> Joe Edge, SIOR, CCIM<br/><b>Phone:</b> 706.288.1077<br/><b>Email:</b> jedge@shermanandhemstreet.com<br/><b>Listing:</b> <a href="https://www.shermanandhemstreet.com/property-search/commercial-property-search/commercial-property-details/?propertyId=1415445-lease">https://www.shermanandhemstreet.com/property-search/commercial-property-search/commercial-property-details/?propertyId=1415445-lease</a>]]></description>
      <styleUrl>#Sherman_and_Hemstreet</styleUrl>
      <Point>
        <coordinates>-81.95963979999999,33.4736842,0</coordinates>
      </Point>
    </Placemark>
    <Placemark>
      <name>630 Ellis Street</name>
      <description><![CDATA[<b>Address:</b> 630 Ellis Street, Augusta, GA 30901<br/><b>Status:</b> Active<br/><b>Property Type:</b> Executive Suites<br/><b>Size:</b> 75 - 2,451 SF<br/><b>Agent:</b> Joe Edge, SIOR, CCIM<br/><b>Phone:</b> 706.288.1077<br/><b>Email:</b> jedge@shermanandhemstreet.com<br/><b>Listing:</b> <a href="https://www.shermanandhemstreet.com/property-search/commercial-property-search/commercial-property-details/?propertyId=364586-lease">https://www.shermanandhemstreet.com/property-search/commercial-property-search/commercial-property-details/?propertyId=364586-lease</a>]]></description>
      <styleUrl>#Sherman_and_Hemstreet</styleUrl>
      <Point>
        <coordinates>-81.9636988,33.4732546,0</coordinates>
      </Point>
    </Placemark>
    <Placemark>
      <name>700 Scott Nixon Memorial Dr</name>
      <description><![CDATA[<b>Address:</b> 700 Scott Nixon Memorial Dr, Augusta, GA 30907<br/><b>Status:</b> Active<br/><b>Property Type:</b> Retail<br/><b>Size:</b> 1.77 Acres<br/><b>Agent:</b> Joe Edge, SIOR, CCIM<br/><b>Phone:</b> 706.288.1077<br/><b>Email:</b> jedge@shermanandhemstreet.com<br/><b>Listing:</b> <a href="https://www.shermanandhemstreet.com/property-search/commercial-property-search/commercial-property-details/?propertyId=1602876-sale">https://www.shermanandhemstreet.com/property-search/commercial-property-search/commercial-property-details/?propertyId=1602876-sale</a>]]></description>
      <styleUrl>#Sherman_and_Hemstreet</styleUrl>
      <Point>
        <coordinates>-82.087655,33.497363,0</coordinates>
      </Point>
    </Placemark>
    <Placemark>
      <name>802 Greene St</name>
      <description><![CDATA[<b>Address:</b> 802 Greene St, Augusta, GA 30901<br/><b>Status:</b> Active<br/><b>Property Type:</b> Church<br/><b>Size:</b> 16,228 SF<br/><b>Agent:</b> Joe Edge, SIOR, CCIM<br/><b>Phone:</b> 706.288.1077<br/><b>Email:</b> jedge@shermanandhemstreet.com<br/><b>Listing:</b> <a href="https://www.shermanandhemstreet.com/property-search/commercial-property-search/commercial-property-details/?propertyId=1320026-sale">https://www.shermanandhemstreet.com/property-search/commercial-property-search/commercial-property-details/?propertyId=1320026-sale</a>]]></description>
      <styleUrl>#Sherman_and_Hemstreet</styleUrl>
      <Point>
        <coordinates>-81.9668202,33.4729546,0</coordinates>
      </Point>
    </Placemark>
    <Placemark>
      <name>946 Twiggs St</name>
      <description><![CDATA[<b>Address:</b> 946 Twiggs St, Augusta, GA 30901<br/><b>Status:</b> Active<br/><b>Property Type:</b> Office Warehouse<br/><b>Size:</b> 2,400 SF<br/><b>Agent:</b> Connie Wilson, CCIM<br/><b>Phone:</b> 706.722.8334 x202<br/><b>Email:</b> cwilson@shermanandhemstreet.com<br/><b>Listing:</b> <a href="https://www.shermanandhemstreet.com/property-search/commercial-property-search/commercial-property-details/?propertyId=389287-lease">https://www.shermanandhemstreet.com/property-search/commercial-property-search/commercial-property-details/?propertyId=389287-lease</a>]]></description>
      <styleUrl>#Sherman_and_Hemstreet</styleUrl>
      <Point>
        <coordinates>-81.96775769999999,33.4641422,0</coordinates>
      </Point>
    </Placemark>
    <Placemark>
      <name>0 Washington Rd</name>
      <description><![CDATA[<b>Address:</b> 0 Washington Rd, Evans, GA 30809<br/><b>Status:</b> Active<br/><b>Property Type:</b> Residential<br/><b>Size:</b> 6.08 Acres<br/><b>Agent:</b> Joe Edge, SIOR, CCIM<br/><b>Phone:</b> 706.288.1077<br/><b>Email:</b> jedge@shermanandhemstreet.com<br/><b>Listing:</b> <a href="https://www.shermanandhemstreet.com/property-search/commercial-property-search/commercial-property-details/?propertyId=1603000-sale">https://www.shermanandhemstreet.com/property-search/commercial-property-search/commercial-property-details/?propertyId=1603000-sale</a>]]></description>
      <styleUrl>#Sherman_and_Hemstreet</styleUrl>
      <Point>
        <coordinates>-82.1565405,33.5535305,0</coordinates>
      </Point>
    </Placemark>
    <Placemark>
      <name>0 Washington Rd</name>
      <description><![CDATA[<b>Address:</b> 0 Washington Rd, Evans, GA 30809<br/><b>Status:</b> Active<br/><b>Property Type:</b> Retail<br/><b>Size:</b> 21.11 Acres<br/><b>Agent:</b> Joe Edge, SIOR, CCIM<br/><b>Phone:</b> 706.288.1077<br/><b>Email:</b> jedge@shermanandhemstreet.com<br/><b>Listing:</b> <a href="https://www.shermanandhemstreet.com/property-search/commercial-property-search/commercial-property-details/?propertyId=1602627-sale">https://www.shermanandhemstreet.com/property-search/commercial-property-search/commercial-property-details/?propertyId=1602627-sale</a>]]></description>
      <styleUrl>#Sherman_and_Hemstreet</styleUrl>
      <Point>
        <coordinates>-82.1508114,33.5493996,0</coordinates>
      </Point>
    </Placemark>
    <Placemark>
      <name>0 Wellington Dr</name>
      <description><![CDATA[<b>Address:</b> 0 Wellington Dr, Evans, GA 30809<br/><b>Status:</b> Active<br/><b>Property Type:</b> Residential<br/><b>Size:</b> 1.14 Acres<br/><b>Agent:</b> Joe Edge, SIOR, CCIM<br/><b>Phone:</b> 706.288.1077<br/><b>Email:</b> jedge@shermanandhemstreet.com<br/><b>Listing:</b> <a href="https://www.shermanandhemstreet.com/property-search/commercial-property-search/commercial-property-details/?propertyId=1603010-sale">https://www.shermanandhemstreet.com/property-search/commercial-property-search/commercial-property-details/?propertyId=1603010-sale</a>]]></description>
      <styleUrl>#Sherman_and_Hemstreet</styleUrl>
      <Point>
        <coordinates>-82.1594635,33.5480815,0</coordinates>
      </Point>
    </Placemark>
    <Placemark>
      <name>1717 Stableridge Way</name>
      <description><![CDATA[<b>Address:</b> 1717 Stableridge Way, Evans, GA 30809<br/><b>Status:</b> Active<br/><b>Property Type:</b> Residential<br/><b>Size:</b> 0.21 Acres<br/><b>Agent:</b> Joe Edge, SIOR, CCIM<br/><b>Phone:</b> 706.288.1077<br/><b>Email:</b> jedge@shermanandhemstreet.com<br/><b>Listing:</b> <a href="https://www.shermanandhemstreet.com/property-search/commercial-property-search/commercial-property-details/?propertyId=1616242-sale">https://www.shermanandhemstreet.com/property-search/commercial-property-search/commercial-property-details/?propertyId=1616242-sale</a>]]></description>
      <styleUrl>#Sherman_and_Hemstreet</styleUrl>
      <Point>
        <coordinates>-82.2058517,33.5131018,0</coordinates>
      </Point>
    </Placemark>
    <Placemark>
      <name>402 Town Park BLVD</name>
      <description><![CDATA[<b>Address:</b> 402 Town Park BLVD, Evans, GA 30809<br/><b>Status:</b> Active<br/><b>Property Type:</b> Office<br/><b>Size:</b> 0.89 Acres<br/><b>Agent:</b> Chris Farrow<br/><b>Phone:</b> 706.288.1076<br/><b>Email:</b> cfarrow@shermanandhemstreet.com<br/><b>Listing:</b> <a href="https://www.shermanandhemstreet.com/property-search/commercial-property-search/commercial-property-details/?propertyId=913942-sale">https://www.shermanandhemstreet.com/property-search/commercial-property-search/commercial-property-details/?propertyId=913942-sale</a>]]></description>
      <styleUrl>#Sherman_and_Hemstreet</styleUrl>
      <Point>
        <coordinates>-82.133684,33.529057,0</coordinates>
      </Point>
    </Placemark>
    <Placemark>
      <name>413 N Belair Rd</name>
      <description><![CDATA[<b>Address:</b> 413 N Belair Rd, Evans, GA 30809<br/><b>Status:</b> Active<br/><b>Property Type:</b> Office<br/><b>Size:</b> 11.68 Acres<br/><b>Agent:</b> Joe Edge, SIOR, CCIM<br/><b>Phone:</b> 706.288.1077<br/><b>Email:</b> jedge@shermanandhemstreet.com<br/><b>Listing:</b> <a href="https://www.shermanandhemstreet.com/property-search/commercial-property-search/commercial-property-details/?propertyId=1479738-sale">https://www.shermanandhemstreet.com/property-search/commercial-property-search/commercial-property-details/?propertyId=1479738-sale</a>]]></description>
      <styleUrl>#Sherman_and_Hemstreet</styleUrl>
      <Point>
        <coordinates>-82.1336319,33.5273341,0</coordinates>
      </Point>
    </Placemark>
    <Placemark>
      <name>4351-4359 Washington Rd</name>
      <description><![CDATA[<b>Address:</b> 4351-4359 Washington Rd, Evans, GA 30809<br/><b>Status:</b> Active<br/><b>Property Type:</b> Street Retail<br/><b>Size:</b> 1,415 SF<br/><b>Agent:</b> Chris Farrow<br/><b>Phone:</b> 706.288.1076<br/><b>Email:</b> cfarrow@shermanandhemstreet.com<br/><b>Listing:</b> <a href="https://www.shermanandhemstreet.com/property-search/commercial-property-search/commercial-property-details/?propertyId=204931-lease">https://www.shermanandhemstreet.com/property-search/commercial-property-search/commercial-property-details/?propertyId=204931-lease</a>]]></description>
      <styleUrl>#Sherman_and_Hemstreet</styleUrl>
      <Point>
        <coordinates>-82.1317832,33.5412309,0</coordinates>
      </Point>
    </Placemark>
    <Placemark>
      <name>4396 Lamkin Dr</name>
      <description><![CDATA[<b>Address:</b> 4396 Lamkin Dr, Evans, GA 30809<br/><b>Status:</b> Active<br/><b>Property Type:</b> Office Building<br/><b>Size:</b> 1,200 - 2,400 SF<br/><b>Agent:</b> Connie Wilson, CCIM<br/><b>Phone:</b> 706.722.8334 x202<br/><b>Email:</b> cwilson@shermanandhemstreet.com<br/><b>Listing:</b> <a href="https://www.shermanandhemstreet.com/property-search/commercial-property-search/commercial-property-details/?propertyId=1657419-lease">https://www.shermanandhemstreet.com/property-search/commercial-property-search/commercial-property-details/?propertyId=1657419-lease</a>]]></description>
      <styleUrl>#Sherman_and_Hemstreet</styleUrl>
      <Point>
        <coordinates>-82.1311422,33.534666,0</coordinates>
      </Point>
    </Placemark>
    <Placemark>
      <name>4431 Washington Rd</name>
      <description><![CDATA[<b>Address:</b> 4431 Washington Rd, Evans, GA 30809<br/><b>Status:</b> Active<br/><b>Property Type:</b> Strip Center<br/><b>Size:</b> 2,015 SF<br/><b>Agent:</b> Chris Farrow<br/><b>Phone:</b> 706.288.1076<br/><b>Email:</b> cfarrow@shermanandhemstreet.com<br/><b>Listing:</b> <a href="https://www.shermanandhemstreet.com/property-search/commercial-property-search/commercial-property-details/?propertyId=204934-lease">https://www.shermanandhemstreet.com/property-search/commercial-property-search/commercial-property-details/?propertyId=204934-lease</a>]]></description>
      <styleUrl>#Sherman_and_Hemstreet</styleUrl>
      <Point>
        <coordinates>-82.13961599999999,33.5439789,0</coordinates>
      </Point>
    </Placemark>
    <Placemark>
      <name>4435 Washington Road</name>
      <description><![CDATA[<b>Address:</b> 4435 Washington Road, Evans, GA 30809<br/><b>Status:</b> Active<br/><b>Property Type:</b> Strip Center<br/><b>Size:</b> 1,200 SF<br/><b>Agent:</b> Chris Farrow<br/><b>Phone:</b> 706.288.1076<br/><b>Email:</b> cfarrow@shermanandhemstreet.com<br/><b>Listing:</b> <a href="https://www.shermanandhemstreet.com/property-search/commercial-property-search/commercial-property-details/?propertyId=213721-lease">https://www.shermanandhemstreet.com/property-search/commercial-property-search/commercial-property-details/?propertyId=213721-lease</a>]]></description>
      <styleUrl>#Sherman_and_Hemstreet</styleUrl>
      <Point>
        <coordinates>-82.1389399,33.5448076,0</coordinates>
      </Point>
    </Placemark>
    <Placemark>
      <name>4460 Washington Road</name>
      <description><![CDATA[<b>Address:</b> 4460 Washington Road, Evans, GA 30809<br/><b>Status:</b> Active<br/><b>Property Type:</b> Neighborhood Center<br/><b>Size:</b> 2,400 SF<br/><b>Agent:</b> Chris Farrow<br/><b>Phone:</b> 706.288.1076<br/><b>Email:</b> cfarrow@shermanandhemstreet.com<br/><b>Listing:</b> <a href="https://www.shermanandhemstreet.com/property-search/commercial-property-search/commercial-property-details/?propertyId=703350-lease">https://www.shermanandhemstreet.com/property-search/commercial-property-search/commercial-property-details/?propertyId=703350-lease</a>]]></description>
      <styleUrl>#Sherman_and_Hemstreet</styleUrl>
      <Point>
        <coordinates>-82.1438668,33.5443361,0</coordinates>
      </Point>
    </Placemark>
    <Placemark>
      <name>4752 Washington Rd</name>
      <description><![CDATA[<b>Address:</b> 4752 Washington Rd, Evans, GA 30809<br/><b>Status:</b> Active<br/><b>Property Type:</b> Free Standing Building<br/><b>Size:</b> 1,900 SF<br/><b>Agent:</b> Joe Edge, SIOR, CCIM<br/><b>Phone:</b> 706.288.1077<br/><b>Email:</b> jedge@shermanandhemstreet.com<br/><b>Listing:</b> <a href="https://www.shermanandhemstreet.com/property-search/commercial-property-search/commercial-property-details/?propertyId=1589547-lease">https://www.shermanandhemstreet.com/property-search/commercial-property-search/commercial-property-details/?propertyId=1589547-lease</a>]]></description>
      <styleUrl>#Sherman_and_Hemstreet</styleUrl>
      <Point>
        <coordinates>-82.1637016,33.5587667,0</coordinates>
      </Point>
    </Placemark>
    <Placemark>
      <name>5448 Washington Road</name>
      <description><![CDATA[<b>Address:</b> 5448 Washington Road, Evans, GA 30809<br/><b>Status:</b> Active<br/><b>Property Type:</b> Retail<br/><b>Size:</b> 5.42 Acres<br/><b>Agent:</b> Joe Edge, SIOR, CCIM<br/><b>Phone:</b> 706.288.1077<br/><b>Email:</b> jedge@shermanandhemstreet.com<br/><b>Listing:</b> <a href="https://www.shermanandhemstreet.com/property-search/commercial-property-search/commercial-property-details/?propertyId=1602854-sale">https://www.shermanandhemstreet.com/property-search/commercial-property-search/commercial-property-details/?propertyId=1602854-sale</a>]]></description>
      <styleUrl>#Sherman_and_Hemstreet</styleUrl>
      <Point>
        <coordinates>-82.2221791,33.5952942,0</coordinates>
      </Point>
    </Placemark>
    <Placemark>
      <name>601 N Belair Square</name>
      <description><![CDATA[<b>Address:</b> 601 N Belair Square, Evans, GA 30809<br/><b>Status:</b> Active<br/><b>Property Type:</b> Office Building<br/><b>Size:</b> 1,600 SF<br/><b>Agent:</b> Chris Farrow<br/><b>Phone:</b> 706.288.1076<br/><b>Email:</b> cfarrow@shermanandhemstreet.com<br/><b>Listing:</b> <a href="https://www.shermanandhemstreet.com/property-search/commercial-property-search/commercial-property-details/?propertyId=788810-lease">https://www.shermanandhemstreet.com/property-search/commercial-property-search/commercial-property-details/?propertyId=788810-lease</a>]]></description>
      <styleUrl>#Sherman_and_Hemstreet</styleUrl>
      <Point>
        <coordinates>-82.12779739999999,33.5393142,0</coordinates>
      </Point>
    </Placemark>
    <Placemark>
      <name>868 Blanchard Road</name>
      <description><![CDATA[<b>Address:</b> 868 Blanchard Road, Evans, GA 30809<br/><b>Status:</b> Active<br/><b>Property Type:</b> Retail<br/><b>Size:</b> 1.93 Acres<br/><b>Agent:</b> Joe Edge, SIOR, CCIM<br/><b>Phone:</b> 706.288.1077<br/><b>Email:</b> jedge@shermanandhemstreet.com<br/><b>Listing:</b> <a href="https://www.shermanandhemstreet.com/property-search/commercial-property-search/commercial-property-details/?propertyId=1602582-sale">https://www.shermanandhemstreet.com/property-search/commercial-property-search/commercial-property-details/?propertyId=1602582-sale</a>]]></description>
      <styleUrl>#Sherman_and_Hemstreet</styleUrl>
      <Point>
        <coordinates>-82.1625566,33.5569447,0</coordinates>
      </Point>
    </Placemark>
    <Placemark>
      <name>4329 Wrightsboro Rd</name>
      <description><![CDATA[<b>Address:</b> 4329 Wrightsboro Rd, Grovetown, GA 30813<br/><b>Status:</b> Active<br/><b>Property Type:</b> Retail<br/><b>Size:</b> 3.43 Acres<br/><b>Agent:</b> Joe Edge, SIOR, CCIM<br/><b>Phone:</b> 706.288.1077<br/><b>Email:</b> jedge@shermanandhemstreet.com<br/><b>Listing:</b> <a href="https://www.shermanandhemstreet.com/property-search/commercial-property-search/commercial-property-details/?propertyId=1602675-sale">https://www.shermanandhemstreet.com/property-search/commercial-property-search/commercial-property-details/?propertyId=1602675-sale</a>]]></description>
      <styleUrl>#Sherman_and_Hemstreet</styleUrl>
      <Point>
        <coordinates>-82.132537,33.4756829,0</coordinates>
      </Point>
    </Placemark>
    <Placemark>
      <name>5025 Parham Rd</name>
      <description><![CDATA[<b>Address:</b> 5025 Parham Rd, Grovetown, GA 30813<br/><b>Status:</b> Active<br/><b>Property Type:</b> Executive Suites<br/><b>Size:</b> 200 SF<br/><b>Agent:</b> Joe Edge, SIOR, CCIM<br/><b>Phone:</b> 706.288.1077<br/><b>Email:</b> jedge@shermanandhemstreet.com<br/><b>Listing:</b> <a href="https://www.shermanandhemstreet.com/property-search/commercial-property-search/commercial-property-details/?propertyId=1618959-lease">https://www.shermanandhemstreet.com/property-search/commercial-property-search/commercial-property-details/?propertyId=1618959-lease</a>]]></description>
      <styleUrl>#Sherman_and_Hemstreet</styleUrl>
      <Point>
        <coordinates>-82.1925006,33.4289705,0</coordinates>
      </Point>
    </Placemark>
    <Placemark>
      <name>5313 Wrightsboro Rd</name>
      <description><![CDATA[<b>Address:</b> 5313 Wrightsboro Rd, Grovetown, GA 30813<br/><b>Status:</b> Active<br/><b>Property Type:</b> Office<br/><b>Size:</b> 0.92 Acres<br/><b>Agent:</b> Chris Farrow<br/><b>Phone:</b> 706.288.1076<br/><b>Email:</b> cfarrow@shermanandhemstreet.com<br/><b>Listing:</b> <a href="https://www.shermanandhemstreet.com/property-search/commercial-property-search/commercial-property-details/?propertyId=1639942-sale">https://www.shermanandhemstreet.com/property-search/commercial-property-search/commercial-property-details/?propertyId=1639942-sale</a>]]></description>
      <styleUrl>#Sherman_and_Hemstreet</styleUrl>
      <Point>
        <coordinates>-82.2089037,33.4554348,0</coordinates>
      </Point>
    </Placemark>
    <Placemark>
      <name>5434 - 5440 Columbia Road</name>
      <description><![CDATA[<b>Address:</b> 5434 - 5440 Columbia Road, Grovetown, GA 30813<br/><b>Status:</b> Active<br/><b>Property Type:</b> Retail<br/><b>Size:</b> 21.79 Acres<br/><b>Agent:</b> Chris Farrow<br/><b>Phone:</b> 706.288.1076<br/><b>Email:</b> cfarrow@shermanandhemstreet.com<br/><b>Listing:</b> <a href="https://www.shermanandhemstreet.com/property-search/commercial-property-search/commercial-property-details/?propertyId=1573918-sale">https://www.shermanandhemstreet.com/property-search/commercial-property-search/commercial-property-details/?propertyId=1573918-sale</a>]]></description>
      <styleUrl>#Sherman_and_Hemstreet</styleUrl>
      <Point>
        <coordinates>-82.2264701,33.5159381,0</coordinates>
      </Point>
    </Placemark>
    <Placemark>
      <name>702 Leela Ct</name>
      <description><![CDATA[<b>Address:</b> 702 Leela Ct, Grovetown, GA 30813<br/><b>Status:</b> Active<br/><b>Property Type:</b> Residential<br/><b>Size:</b> 0.18 Acres<br/><b>Agent:</b> Joe Edge, SIOR, CCIM<br/><b>Phone:</b> 706.288.1077<br/><b>Email:</b> jedge@shermanandhemstreet.com<br/><b>Listing:</b> <a href="https://www.shermanandhemstreet.com/property-search/commercial-property-search/commercial-property-details/?propertyId=1527671-sale">https://www.shermanandhemstreet.com/property-search/commercial-property-search/commercial-property-details/?propertyId=1527671-sale</a>]]></description>
      <styleUrl>#Sherman_and_Hemstreet</styleUrl>
      <Point>
        <coordinates>-82.13860609999999,33.473888,0</coordinates>
      </Point>
    </Placemark>
    <Placemark>
      <name>0 Columbia Rd</name>
      <description><![CDATA[<b>Address:</b> 0 Columbia Rd, Martinez, GA 30907<br/><b>Status:</b> Active<br/><b>Property Type:</b> Residential<br/><b>Size:</b> 8 Acres<br/><b>Agent:</b> Joe Edge, SIOR, CCIM<br/><b>Phone:</b> 706.288.1077<br/><b>Email:</b> jedge@shermanandhemstreet.com<br/><b>Listing:</b> <a href="https://www.shermanandhemstreet.com/property-search/commercial-property-search/commercial-property-details/?propertyId=1602992-sale">https://www.shermanandhemstreet.com/property-search/commercial-property-search/commercial-property-details/?propertyId=1602992-sale</a>]]></description>
      <styleUrl>#Sherman_and_Hemstreet</styleUrl>
      <Point>
        <coordinates>-82.1306806,33.5081726,0</coordinates>
      </Point>
    </Placemark>
    <Placemark>
      <name>106 Davis Road</name>
      <description><![CDATA[<b>Address:</b> 106 Davis Road, Martinez, GA 30907<br/><b>Status:</b> Active<br/><b>Property Type:</b> Strip Center<br/><b>Size:</b> 1,050 SF<br/><b>Agent:</b> Joe Edge, SIOR, CCIM<br/><b>Phone:</b> 706.288.1077<br/><b>Email:</b> jedge@shermanandhemstreet.com<br/><b>Listing:</b> <a href="https://www.shermanandhemstreet.com/property-search/commercial-property-search/commercial-property-details/?propertyId=1126235-lease">https://www.shermanandhemstreet.com/property-search/commercial-property-search/commercial-property-details/?propertyId=1126235-lease</a>]]></description>
      <styleUrl>#Sherman_and_Hemstreet</styleUrl>
      <Point>
        <coordinates>-82.0848431,33.5123972,0</coordinates>
      </Point>
    </Placemark>
    <Placemark>
      <name>3499 River Watch Pkwy</name>
      <description><![CDATA[<b>Address:</b> 3499 River Watch Pkwy, Martinez, GA 30907<br/><b>Status:</b> Active<br/><b>Property Type:</b> Retail<br/><b>Size:</b> 0.32 Acres<br/><b>Agent:</b> Joe Edge, SIOR, CCIM<br/><b>Phone:</b> 706.288.1077<br/><b>Email:</b> jedge@shermanandhemstreet.com<br/><b>Listing:</b> <a href="https://www.shermanandhemstreet.com/property-search/commercial-property-search/commercial-property-details/?propertyId=1513675-sale">https://www.shermanandhemstreet.com/property-search/commercial-property-search/commercial-property-details/?propertyId=1513675-sale</a>]]></description>
      <styleUrl>#Sherman_and_Hemstreet</styleUrl>
      <Point>
        <coordinates>-82.073492,33.517164,0</coordinates>
      </Point>
    </Placemark>
    <Placemark>
      <name>3506 Professional Circle</name>
      <description><![CDATA[<b>Address:</b> 3506 Professional Circle, Martinez, GA 30907<br/><b>Status:</b> Active<br/><b>Property Type:</b> Office Building<br/><b>Size:</b> 1,400 SF<br/><b>Agent:</b> Joe Edge, SIOR, CCIM<br/><b>Phone:</b> 706.288.1077<br/><b>Email:</b> jedge@shermanandhemstreet.com<br/><b>Listing:</b> <a href="https://www.shermanandhemstreet.com/property-search/commercial-property-search/commercial-property-details/?propertyId=235407-lease">https://www.shermanandhemstreet.com/property-search/commercial-property-search/commercial-property-details/?propertyId=235407-lease</a>]]></description>
      <styleUrl>#Sherman_and_Hemstreet</styleUrl>
      <Point>
        <coordinates>-82.0752592,33.5329212,0</coordinates>
      </Point>
    </Placemark>
    <Placemark>
      <name>4029 Washington Rd</name>
      <description><![CDATA[<b>Address:</b> 4029 Washington Rd, Martinez, GA 30907<br/><b>Status:</b> Active<br/><b>Property Type:</b> Free Standing Building<br/><b>Size:</b> 5,000 SF<br/><b>Agent:</b> Joe Edge, SIOR, CCIM<br/><b>Phone:</b> 706.288.1077<br/><b>Email:</b> jedge@shermanandhemstreet.com<br/><b>Listing:</b> <a href="https://www.shermanandhemstreet.com/property-search/commercial-property-search/commercial-property-details/?propertyId=1529146-lease">https://www.shermanandhemstreet.com/property-search/commercial-property-search/commercial-property-details/?propertyId=1529146-lease</a>]]></description>
      <styleUrl>#Sherman_and_Hemstreet</styleUrl>
      <Point>
        <coordinates>-82.1042432,33.511232,0</coordinates>
      </Point>
    </Placemark>
    <Placemark>
      <name>4416 Columbia Road</name>
      <description><![CDATA[<b>Address:</b> 4416 Columbia Road, Martinez, GA 30907<br/><b>Status:</b> Active<br/><b>Property Type:</b> Office Building<br/><b>Size:</b> 1,200 SF<br/><b>Agent:</b> Joe Edge, SIOR, CCIM<br/><b>Phone:</b> 706.288.1077<br/><b>Email:</b> jedge@shermanandhemstreet.com<br/><b>Listing:</b> <a href="https://www.shermanandhemstreet.com/property-search/commercial-property-search/commercial-property-details/?propertyId=766783-lease">https://www.shermanandhemstreet.com/property-search/commercial-property-search/commercial-property-details/?propertyId=766783-lease</a>]]></description>
      <styleUrl>#Sherman_and_Hemstreet</styleUrl>
      <Point>
        <coordinates>-82.13288229999999,33.507186,0</coordinates>
      </Point>
    </Placemark>
    <Placemark>
      <name>1215 Knox Avenue</name>
      <description><![CDATA[<b>Address:</b> 1215 Knox Avenue, North Augusta, SC 29841<br/><b>Status:</b> Active<br/><b>Property Type:</b> Strip Center<br/><b>Size:</b> 6,000 SF<br/><b>Agent:</b> Chris Farrow<br/><b>Phone:</b> 706.288.1076<br/><b>Email:</b> cfarrow@shermanandhemstreet.com<br/><b>Listing:</b> <a href="https://www.shermanandhemstreet.com/property-search/commercial-property-search/commercial-property-details/?propertyId=215170-lease">https://www.shermanandhemstreet.com/property-search/commercial-property-search/commercial-property-details/?propertyId=215170-lease</a>]]></description>
      <styleUrl>#Sherman_and_Hemstreet</styleUrl>
      <Point>
        <coordinates>-81.9577647,33.5027853,0</coordinates>
      </Point>
    </Placemark>
    <Placemark>
      <name>1420 Edgefield Rd</name>
      <description><![CDATA[<b>Address:</b> 1420 Edgefield Rd, North Augusta, SC 29860<br/><b>Status:</b> Active<br/><b>Property Type:</b> Retail<br/><b>Size:</b> 3.61 Acres<br/><b>Agent:</b> Joe Edge, SIOR, CCIM<br/><b>Phone:</b> 706.288.1077<br/><b>Email:</b> jedge@shermanandhemstreet.com<br/><b>Listing:</b> <a href="https://www.shermanandhemstreet.com/property-search/commercial-property-search/commercial-property-details/?propertyId=1612059-sale">https://www.shermanandhemstreet.com/property-search/commercial-property-search/commercial-property-details/?propertyId=1612059-sale</a>]]></description>
      <styleUrl>#Sherman_and_Hemstreet</styleUrl>
      <Point>
        <coordinates>-81.9399778,33.5991186,0</coordinates>
      </Point>
    </Placemark>
    <Placemark>
      <name>229 Edgefield Rd</name>
      <description><![CDATA[<b>Address:</b> 229 Edgefield Rd, North Augusta, SC 39841<br/><b>Status:</b> Active<br/><b>Property Type:</b> Retail<br/><b>Size:</b> 6.33 Acres<br/><b>Agent:</b> Joe Edge, SIOR, CCIM<br/><b>Phone:</b> 706.288.1077<br/><b>Email:</b> jedge@shermanandhemstreet.com<br/><b>Listing:</b> <a href="https://www.shermanandhemstreet.com/property-search/commercial-property-search/commercial-property-details/?propertyId=1612057-sale">https://www.shermanandhemstreet.com/property-search/commercial-property-search/commercial-property-details/?propertyId=1612057-sale</a>]]></description>
      <styleUrl>#Sherman_and_Hemstreet</styleUrl>
      <Point>
        <coordinates>-81.947621,33.527557,0</coordinates>
      </Point>
    </Placemark>
    <Placemark>
      <name>340 Edgefield Rd</name>
      <description><![CDATA[<b>Address:</b> 340 Edgefield Rd, North Augusta, SC 29841<br/><b>Status:</b> Active<br/><b>Property Type:</b> Restaurant<br/><b>Size:</b> 3,706 SF<br/><b>Agent:</b> Joe Edge, SIOR, CCIM<br/><b>Phone:</b> 706.288.1077<br/><b>Email:</b> jedge@shermanandhemstreet.com<br/><b>Listing:</b> <a href="https://www.shermanandhemstreet.com/property-search/commercial-property-search/commercial-property-details/?propertyId=1456480-lease">https://www.shermanandhemstreet.com/property-search/commercial-property-search/commercial-property-details/?propertyId=1456480-lease</a>]]></description>
      <styleUrl>#Sherman_and_Hemstreet</styleUrl>
      <Point>
        <coordinates>-81.9456196,33.5313014,0</coordinates>
      </Point>
    </Placemark>
    <Placemark>
      <name>524 Georgia Avenue</name>
      <description><![CDATA[<b>Address:</b> 524 Georgia Avenue, North Augusta, SC 29841<br/><b>Status:</b> Active<br/><b>Property Type:</b> Street Retail<br/><b>Size:</b> 890 SF<br/><b>Agent:</b> Joe Edge, SIOR, CCIM<br/><b>Phone:</b> 706.288.1077<br/><b>Email:</b> jedge@shermanandhemstreet.com<br/><b>Listing:</b> <a href="https://www.shermanandhemstreet.com/property-search/commercial-property-search/commercial-property-details/?propertyId=580643-lease">https://www.shermanandhemstreet.com/property-search/commercial-property-search/commercial-property-details/?propertyId=580643-lease</a>]]></description>
      <styleUrl>#Sherman_and_Hemstreet</styleUrl>
      <Point>
        <coordinates>-81.9709108,33.4947039,0</coordinates>
      </Point>
    </Placemark>
    <Placemark>
      <name>616 Edgefield Rd.</name>
      <description><![CDATA[<b>Address:</b> 616 Edgefield Rd., North Augusta, SC 29841<br/><b>Status:</b> Active<br/><b>Property Type:</b> Street Retail<br/><b>Size:</b> 1,250 SF<br/><b>Agent:</b> Chris Farrow<br/><b>Phone:</b> 706.288.1076<br/><b>Email:</b> cfarrow@shermanandhemstreet.com<br/><b>Listing:</b> <a href="https://www.shermanandhemstreet.com/property-search/commercial-property-search/commercial-property-details/?propertyId=306384-lease">https://www.shermanandhemstreet.com/property-search/commercial-property-search/commercial-property-details/?propertyId=306384-lease</a>]]></description>
      <styleUrl>#Sherman_and_Hemstreet</styleUrl>
      <Point>
        <coordinates>-81.94167499999999,33.5425345,0</coordinates>
      </Point>
    </Placemark>
  </Folder>
  <Folder>
    <name>Southeastern (22)</name>
    <open>0</open>
    <Placemark>
      <name>2441  Whiskey Road</name>
      <description><![CDATA[<b>Address:</b> 2441  Whiskey Road, Aiken, SC <br/><b>Type:</b> For Lease<br/><b>Status:</b> Active<br/><b>Property Type:</b> Retail<br/><b>Size:</b> 30 Acres<br/><b>Agent:</b> Capabilities Development<br/><b>Email:</b> jason.long@southeastern.company<br/><b>Listing:</b> <a href="https://www.southeastern.company/property/aiken-mall/">https://www.southeastern.company/property/aiken-mall/</a>]]></description>
      <styleUrl>#Southeastern</styleUrl>
      <Point>
        <coordinates>-81.7154899,33.5091604,0</coordinates>
      </Point>
    </Placemark>
    <Placemark>
      <name>115 Robert C Daniel Jr Pky</name>
      <description><![CDATA[<b>Address:</b> 115 Robert C Daniel Jr Pky, Augusta, GA <br/><b>Status:</b> Active<br/><b>Property Type:</b> Office<br/><b>Size:</b> 0 Acres<br/><b>Agent:</b> Capabilities Development<br/><b>Email:</b> pam.parrish@southeastern.company<br/><b>Listing:</b> <a href="https://www.southeastern.company/property/social-security-building/">https://www.southeastern.company/property/social-security-building/</a>]]></description>
      <styleUrl>#Southeastern</styleUrl>
      <Point>
        <coordinates>-82.0776031,33.4929027,0</coordinates>
      </Point>
    </Placemark>
    <Placemark>
      <name>1213 Augusta West Parkway</name>
      <description><![CDATA[<b>Address:</b> 1213 Augusta West Parkway, Augusta, GA <br/><b>Status:</b> Active<br/><b>Property Type:</b> Land<br/><b>Size:</b> 17 Acres<br/><b>Agent:</b> Capabilities Development<br/><b>Email:</b> Jordan.Dyche@southeastern.company<br/><b>Listing:</b> <a href="https://www.southeastern.company/property/development-opportunity/">https://www.southeastern.company/property/development-opportunity/</a>]]></description>
      <styleUrl>#Southeastern</styleUrl>
      <Point>
        <coordinates>-82.0903504,33.4813763,0</coordinates>
      </Point>
    </Placemark>
    <Placemark>
      <name>1832 Dixon Airline Road</name>
      <description><![CDATA[<b>Address:</b> 1832 Dixon Airline Road, Augusta, GA <br/><b>Type:</b> For Sale<br/><b>Status:</b> Active<br/><b>Property Type:</b> Land<br/><b>Size:</b> 2 Acres<br/><b>Agent:</b> Capabilities Development<br/><b>Email:</b> Jordan.Dyche@southeastern.company<br/><b>Listing:</b> <a href="https://www.southeastern.company/property/1832-dixon-airline-road-2/">https://www.southeastern.company/property/1832-dixon-airline-road-2/</a>]]></description>
      <styleUrl>#Southeastern</styleUrl>
      <Point>
        <coordinates>-82.0000002,33.3835931,0</coordinates>
      </Point>
    </Placemark>
    <Placemark>
      <name>206 Milledge Road</name>
      <description><![CDATA[<b>Address:</b> 206 Milledge Road, Augusta, GA <br/><b>Type:</b> For Sale<br/><b>Status:</b> Active<br/><b>Property Type:</b> Office<br/><b>Size:</b> 0 Acres<br/><b>Agent:</b> Capabilities Development<br/><b>Email:</b> jason.long@southeastern.company<br/><b>Listing:</b> <a href="https://www.southeastern.company/property/office-building/">https://www.southeastern.company/property/office-building/</a>]]></description>
      <styleUrl>#Southeastern</styleUrl>
      <Point>
        <coordinates>-82.006021,33.488276,0</coordinates>
      </Point>
    </Placemark>
    <Placemark>
      <name>2590 Gordon Highway</name>
      <description><![CDATA[<b>Address:</b> 2590 Gordon Highway, Augusta, GA <br/><b>Status:</b> Active<br/><b>Property Type:</b> Land<br/><b>Size:</b> 65 Acres<br/><b>Agent:</b> Capabilities Development<br/><b>Email:</b> craig.sims@southeastern.company<br/><b>Listing:</b> <a href="https://www.southeastern.company/property/2590-gordon-highway/">https://www.southeastern.company/property/2590-gordon-highway/</a>]]></description>
      <styleUrl>#Southeastern</styleUrl>
      <Point>
        <coordinates>-82.1227351,33.4416796,0</coordinates>
      </Point>
    </Placemark>
    <Placemark>
      <name>2743 Perimeter Parkway</name>
      <description><![CDATA[<b>Address:</b> 2743 Perimeter Parkway, Augusta, GA <br/><b>Status:</b> Active<br/><b>Property Type:</b> Office<br/><b>Size:</b> 6 Acres<br/><b>Agent:</b> Capabilities Development<br/><b>Email:</b> Jonathan.crawford@southeastern.company<br/><b>Listing:</b> <a href="https://www.southeastern.company/property/augusta-corporate-center/">https://www.southeastern.company/property/augusta-corporate-center/</a>]]></description>
      <styleUrl>#Southeastern</styleUrl>
      <Point>
        <coordinates>-82.0870714,33.491806,0</coordinates>
      </Point>
    </Placemark>
    <Placemark>
      <name>2801 Washington Rd</name>
      <description><![CDATA[<b>Address:</b> 2801 Washington Rd, Augusta, GA <br/><b>Status:</b> Active<br/><b>Property Type:</b> Retail<br/><b>Size:</b> 0 Acres<br/><b>Agent:</b> Capabilities Development<br/><b>Email:</b> Tyler.Martin@southeastern.company<br/><b>Listing:</b> <a href="https://www.southeastern.company/property/washington-walk/">https://www.southeastern.company/property/washington-walk/</a>]]></description>
      <styleUrl>#Southeastern</styleUrl>
      <Point>
        <coordinates>-82.0293563,33.511944,0</coordinates>
      </Point>
    </Placemark>
    <Placemark>
      <name>2803 Wrightsboro Rd</name>
      <description><![CDATA[<b>Address:</b> 2803 Wrightsboro Rd, Augusta, GA <br/><b>Type:</b> For Lease<br/><b>Status:</b> Active<br/><b>Property Type:</b> Retail<br/><b>Size:</b> 16 Acres<br/><b>Agent:</b> Capabilities Development<br/><b>Email:</b> Jordan.Dyche@southeastern.company<br/><b>Listing:</b> <a href="https://www.southeastern.company/property/daniel-village/">https://www.southeastern.company/property/daniel-village/</a>]]></description>
      <styleUrl>#Southeastern</styleUrl>
      <Point>
        <coordinates>-82.0352608,33.470536,0</coordinates>
      </Point>
    </Placemark>
    <Placemark>
      <name>2805 Washington Rd (Five Guys) 2805 Washington Rd</name>
      <description><![CDATA[<b>Address:</b> 2805 Washington Rd (Five Guys) 2805 Washington Rd, Augusta, GA <br/><b>Type:</b> For Lease<br/><b>Status:</b> Active<br/><b>Property Type:</b> Office<br/><b>Size:</b> 0 Acres<br/><b>Agent:</b> Capabilities Development<br/><b>Email:</b> rhodes.seeger@southeastern.company<br/><b>Listing:</b> <a href="https://www.southeastern.company/property/2805-washington-rd-five-guys/">https://www.southeastern.company/property/2805-washington-rd-five-guys/</a>]]></description>
      <styleUrl>#Southeastern</styleUrl>
      <Point>
        <coordinates>-82.045638,33.5124399,0</coordinates>
      </Point>
    </Placemark>
    <Placemark>
      <name>2807 Washington Rd</name>
      <description><![CDATA[<b>Address:</b> 2807 Washington Rd, Augusta, GA <br/><b>Type:</b> For Sale<br/><b>Status:</b> Active<br/><b>Property Type:</b> Retail<br/><b>Size:</b> 0 Acres<br/><b>Agent:</b> Capabilities Development<br/><b>Email:</b> rhodes.seeger@southeastern.company<br/><b>Listing:</b> <a href="https://www.southeastern.company/property/2807-washington-rd/">https://www.southeastern.company/property/2807-washington-rd/</a>]]></description>
      <styleUrl>#Southeastern</styleUrl>
      <Point>
        <coordinates>-82.0293578,33.5100801,0</coordinates>
      </Point>
    </Placemark>
    <Placemark>
      <name>2833 Washington Rd</name>
      <description><![CDATA[<b>Address:</b> 2833 Washington Rd, Augusta, GA <br/><b>Type:</b> For Lease<br/><b>Status:</b> Active<br/><b>Property Type:</b> Retail<br/><b>Size:</b> 0 Acres<br/><b>Agent:</b> Capabilities Development<br/><b>Email:</b> chris.senn@southeastern.company<br/><b>Listing:</b> <a href="https://www.southeastern.company/property/fairway-square-shopping-center/">https://www.southeastern.company/property/fairway-square-shopping-center/</a>]]></description>
      <styleUrl>#Southeastern</styleUrl>
      <Point>
        <coordinates>-82.033763,33.510852,0</coordinates>
      </Point>
    </Placemark>
    <Placemark>
      <name>3611 Wheeler Rd</name>
      <description><![CDATA[<b>Address:</b> 3611 Wheeler Rd, Augusta, GA <br/><b>Type:</b> For Sale<br/><b>Status:</b> Active<br/><b>Property Type:</b> Land<br/><b>Size:</b> 20 Acres<br/><b>Agent:</b> Capabilities Development<br/><b>Email:</b> Jordan.Dyche@southeastern.company<br/><b>Listing:</b> <a href="https://www.southeastern.company/property/prime-development-opportunity/">https://www.southeastern.company/property/prime-development-opportunity/</a>]]></description>
      <styleUrl>#Southeastern</styleUrl>
      <Point>
        <coordinates>-82.0972159,33.482865,0</coordinates>
      </Point>
    </Placemark>
    <Placemark>
      <name>3945 Harper Franklin Avenue</name>
      <description><![CDATA[<b>Address:</b> 3945 Harper Franklin Avenue, Augusta, GA <br/><b>Type:</b> For Sale<br/><b>Status:</b> Active<br/><b>Property Type:</b> Land<br/><b>Size:</b> 2 Acres<br/><b>Agent:</b> Capabilities Development<br/><b>Email:</b> Jonathan.crawford@southeastern.company<br/><b>Listing:</b> <a href="https://www.southeastern.company/property/3945-harper-franklin-avenue/">https://www.southeastern.company/property/3945-harper-franklin-avenue/</a>]]></description>
      <styleUrl>#Southeastern</styleUrl>
      <Point>
        <coordinates>-82.1156542,33.4492292,0</coordinates>
      </Point>
    </Placemark>
    <Placemark>
      <name>4132 Madeline Drive 4132 Madeline Dr</name>
      <description><![CDATA[<b>Address:</b> 4132 Madeline Drive 4132 Madeline Dr, Augusta, GA <br/><b>Status:</b> Active<br/><b>Property Type:</b> Office<br/><b>Size:</b> 1 Acres<br/><b>Agent:</b> Capabilities Development<br/><b>Email:</b> Jonathan.crawford@southeastern.company<br/><b>Listing:</b> <a href="https://www.southeastern.company/property/4132-madeline-drive/">https://www.southeastern.company/property/4132-madeline-drive/</a>]]></description>
      <styleUrl>#Southeastern</styleUrl>
      <Point>
        <coordinates>-82.1179218,33.4517057,0</coordinates>
      </Point>
    </Placemark>
    <Placemark>
      <name>4336 Washington Road</name>
      <description><![CDATA[<b>Address:</b> 4336 Washington Road, Evans, GA <br/><b>Type:</b> For Lease<br/><b>Status:</b> Active<br/><b>Property Type:</b> Retail<br/><b>Size:</b> 1 Acres<br/><b>Agent:</b> Capabilities Development<br/><b>Email:</b> jason.long@southeastern.company<br/><b>Listing:</b> <a href="https://www.southeastern.company/property/shoppes-at-pheasant-run/">https://www.southeastern.company/property/shoppes-at-pheasant-run/</a>]]></description>
      <styleUrl>#Southeastern</styleUrl>
      <Point>
        <coordinates>-82.131094,33.539048,0</coordinates>
      </Point>
    </Placemark>
    <Placemark>
      <name>4446 Washington Rd</name>
      <description><![CDATA[<b>Address:</b> 4446 Washington Rd, Evans, GA <br/><b>Type:</b> For Lease<br/><b>Status:</b> Active<br/><b>Property Type:</b> Retail<br/><b>Size:</b> 0 Acres<br/><b>Agent:</b> Capabilities Development<br/><b>Email:</b> pam.parrish@southeastern.company<br/><b>Listing:</b> <a href="https://www.southeastern.company/property/shoppes-camelot/">https://www.southeastern.company/property/shoppes-camelot/</a>]]></description>
      <styleUrl>#Southeastern</styleUrl>
      <Point>
        <coordinates>-82.1418981,33.5442767,0</coordinates>
      </Point>
    </Placemark>
    <Placemark>
      <name>850 Ronald Regan drive</name>
      <description><![CDATA[<b>Address:</b> 850 Ronald Regan drive, Evans, GA <br/><b>Status:</b> Active<br/><b>Property Type:</b> Retail<br/><b>Size:</b> 0 Acres<br/><b>Agent:</b> Capabilities Development<br/><b>Email:</b> matt.mills@southeastern.company<br/><b>Listing:</b> <a href="https://www.southeastern.company/property/850-ronald-regan-drive/">https://www.southeastern.company/property/850-ronald-regan-drive/</a>]]></description>
      <styleUrl>#Southeastern</styleUrl>
      <Point>
        <coordinates>-82.1343013,33.5438313,0</coordinates>
      </Point>
    </Placemark>
    <Placemark>
      <name>E Robinson Ave @ Woodward Dr</name>
      <description><![CDATA[<b>Type:</b> For Sale<br/><b>Status:</b> Active<br/><b>Property Type:</b> Land<br/><b>Size:</b> 2 Acres<br/><b>Agent:</b> Capabilities Development<br/><b>Email:</b> jason.long@southeastern.company<br/><b>Listing:</b> <a href="https://www.southeastern.company/property/e-robinson-ave-woodward-dr/">https://www.southeastern.company/property/e-robinson-ave-woodward-dr/</a>]]></description>
      <styleUrl>#Southeastern</styleUrl>
      <Point>
        <coordinates>-82.1981764,33.4504157,0</coordinates>
      </Point>
    </Placemark>
    <Placemark>
      <name>1041 Edgefield Rd</name>
      <description><![CDATA[<b>Address:</b> 1041 Edgefield Rd, North Augusta, SC <br/><b>Status:</b> Active<br/><b>Property Type:</b> Retail<br/><b>Size:</b> 2 Acres<br/><b>Agent:</b> Capabilities Development<br/><b>Email:</b> Jonathan.crawford@southeastern.company<br/><b>Listing:</b> <a href="https://www.southeastern.company/property/1041-edgefield-rd/">https://www.southeastern.company/property/1041-edgefield-rd/</a>]]></description>
      <styleUrl>#Southeastern</styleUrl>
      <Point>
        <coordinates>-81.9350255,33.5723011,0</coordinates>
      </Point>
    </Placemark>
    <Placemark>
      <name>1069 Edgefield Rd</name>
      <description><![CDATA[<b>Address:</b> 1069 Edgefield Rd, North Augusta, SC <br/><b>Type:</b> For Lease<br/><b>Status:</b> Active<br/><b>Property Type:</b> Retail<br/><b>Size:</b> 4 Acres<br/><b>Agent:</b> Capabilities Development<br/><b>Email:</b> kim.evans@southeastern.company<br/><b>Listing:</b> <a href="https://www.southeastern.company/property/sweetwater-square/">https://www.southeastern.company/property/sweetwater-square/</a>]]></description>
      <styleUrl>#Southeastern</styleUrl>
      <Point>
        <coordinates>-81.9559169,33.5111424,0</coordinates>
      </Point>
    </Placemark>
    <Placemark>
      <name>135 Market Plaza Drive</name>
      <description><![CDATA[<b>Address:</b> 135 Market Plaza Drive, North Augusta, SC <br/><b>Status:</b> Active<br/><b>Property Type:</b> Retail<br/><b>Size:</b> 0 Acres<br/><b>Agent:</b> Capabilities Development<br/><b>Email:</b> sarah.davis@southeastern.company<br/><b>Listing:</b> <a href="https://www.southeastern.company/property/northridge-plaza/">https://www.southeastern.company/property/northridge-plaza/</a>]]></description>
      <styleUrl>#Southeastern</styleUrl>
      <Point>
        <coordinates>-81.9389159,33.568229,0</coordinates>
      </Point>
    </Placemark>
  </Folder>
</Document>
</kml>